序號,縣市別代碼,機關代碼,市話,傳真,年,月,日,時,分,縣市,區,死亡數量,受傷數量,2-30,天候,道路照明設備,道路類別,道路速限,道路型態,事故位置,路面鋪裝,路面狀態,路面缺陷,障礙物,視距,號誌種類,號誌動作,分向設施,快車道或一般車道間,快慢車道間,路面邊線,事故類型及型態,受傷程度,主要傷處,保護裝備,行動電話或功能裝置,當事者區分(類別),車輛用途,當事者行動狀態,駕照狀態,駕照種類,飲酒情形,車輛撞擊部位最初,車輛撞擊部位其他,肇事因素個別,肇事因素主要,肇事逃逸,職業,共享經濟或外送平台,GPS座標X,GPS座標Y,事故類別
450,66000,387130000C,(04)23274275,(04)23288582,2025,7,2,8,30,臺中市,東區,0,0,0,7,,,50,,,,,,,,,,,,,,17,,,,,B12,,,1,,1,,,49,49,1,12,4,120.699978,24.125566,3
451,66000,387130000C,(04)23274275,(04)23288582,2025,7,2,8,33,臺中市,大里區,0,1,0,7,3,6,50,3,1,1,5,4,6,6,4,4,10,5,5,2,17,2,9,1,1,C03,7,6,1,10,2,12,,14,14,1,12,4,120.697,24.097937,2
452,66000,387130000C,(04)23274275,(04)23288582,2025,7,2,8,35,臺中市,西區,0,1,0,7,2,6,50,4,1,1,5,4,6,6,2,1,10,5,5,2,17,2,9,1,1,C03,7,1,1,10,2,14,,51,51,1,12,4,120.679118,24.138594,2
453,66000,387130000C,(04)23274275,(04)23288582,2025,7,2,8,35,臺中市,烏日區,0,1,0,7,3,6,30,4,1,1,5,4,6,6,4,4,5,5,4,2,16,3,10,3,1,B03,7,9,1,8,2,8,,20,20,1,6,4,120.629275,24.111727,2
454,66000,387130000C,(04)23274275,(04)23288582,2025,7,2,8,37,臺中市,太平區,0,2,0,7,3,6,50,3,9,1,5,4,6,6,4,4,5,5,5,1,16,2,9,2,1,C03,7,9,1,10,2,12,,20,20,1,12,4,120.709929,24.115667,2
455,66000,387130000C,(04)23274275,(04)23288582,2025,7,2,8,39,臺中市,北屯區,0,0,0,7,,,50,,,,,,,,,,,,,,17,,,,,B12,,,3,,9,,,51,51,2,6,4,120.689474,24.184787,3
456,66000,387130000C,(04)23274275,(04)23288582,2025,7,2,8,40,臺中市,大里區,0,0,0,7,,,40,,,,,,,,,,,,,,14,,,,,B03,,,1,,2,,,49,49,1,12,4,120.682136,24.106878,3
457,66000,387130000C,(04)23274275,(04)23288582,2025,7,2,8,41,臺中市,清水區,0,1,0,7,3,6,30,4,1,1,5,4,6,6,4,4,10,5,5,2,16,3,10,3,1,B01,7,6,1,4,2,1,5,14,14,1,12,4,120.616255,24.296413,2
458,66000,387130000C,(04)23274275,(04)23288582,2025,7,2,8,41,臺中市,新社區,0,1,0,7,1,6,30,3,1,1,5,4,6,6,4,4,10,5,5,1,17,3,10,5,4,B03,7,6,1,8,2,8,,12,12,1,13,4,120.792079,24.248564,2
459,66000,387130000C,(04)23274275,(04)23288582,2025,7,2,8,42,臺中市,北區,0,1,0,7,2,6,50,5,1,1,5,4,6,6,4,4,10,5,5,2,18,2,9,5,4,C03,7,5,1,10,2,12,,84,84,1,12,4,120.688019,24.165932,2
460,66000,387130000C,(04)23274275,(04)23288582,2025,7,2,8,45,臺中市,大雅區,0,0,0,7,,,30,,,,,,,,,,,,,,,,,,,B03,,,1,,1,,,8,8,1,13,4,120.647595,24.222897,3
461,66000,387130000C,(04)23274275,(04)23288582,2025,7,2,8,45,臺中市,西區,0,0,0,7,,,30,,,,,,,,,,,,,,,,,,,C03,,,1,,1,,,49,49,1,12,4,120.652272,24.14738,3
462,66000,387130000C,(04)23274275,(04)23288582,2025,7,2,8,47,臺中市,西屯區,0,0,0,7,,,60,,,,,,,,,,,,,,,,,,,B02,,,1,,1,,,50,50,1,12,4,120.654337,24.163045,3
463,66000,387130000C,(04)23274275,(04)23288582,2025,7,2,8,51,臺中市,后里區,0,0,0,7,2,6,30,3,1,1,5,4,6,6,4,4,10,5,5,2,11,3,10,3,1,B12,7,9,1,8,2,4,,41,41,1,12,4,120.678081,24.316865,3
464,66000,387130000C,(04)23274275,(04)23288582,2025,7,2,8,55,臺中市,大雅區,0,2,0,7,3,6,30,4,2,1,5,4,6,6,4,4,10,5,5,1,17,2,9,1,1,C03,7,9,1,10,2,11,,20,20,1,12,4,120.654351,24.210987,2
465,66000,387130000C,(04)23274275,(04)23288582,2025,7,2,8,56,臺中市,西屯區,0,0,0,7,,,50,,,,,,,,,,,,,,17,,,,,C03,,,1,,2,,,59,59,1,13,4,120.64486,24.1721,3
466,66000,387130000C,(04)23274275,(04)23288582,2025,7,2,8,57,臺中市,大雅區,0,1,0,7,3,6,60,3,9,1,5,4,6,6,4,4,9,4,5,1,13,2,9,2,1,C03,7,9,1,10,2,11,,84,84,1,13,4,120.650823,24.209422,2
467,66000,387130000C,(04)23274275,(04)23288582,2025,7,2,8,57,臺中市,北區,0,0,0,7,,,50,,,,,,,,,,,,,,13,,,,,B03,,,1,,1,,,7,7,1,12,4,120.686852,24.163174,3
468,66000,387130000C,(04)23274275,(04)23288582,2025,7,2,8,57,臺中市,南屯區,0,0,0,7,,,50,,,,,,,,,,,,,,13,,,,,C03,,,1,,1,,,7,7,1,12,4,120.638838,24.1397,3
469,66000,387130000C,(04)23274275,(04)23288582,2025,7,2,8,58,臺中市,西區,0,1,0,7,1,6,50,13,24,1,5,4,6,6,4,4,3,4,4,2,13,2,8,5,4,C03,7,9,1,10,2,11,,7,7,1,12,4,120.6626,24.140217,2
470,66000,387130000C,(04)23274275,(04)23288582,2025,7,2,9,2,臺中市,西區,0,1,0,7,2,6,50,13,9,1,5,4,6,6,4,4,5,4,5,2,13,2,9,2,1,C03,7,9,1,10,2,11,,8,8,1,12,4,120.671535,24.134925,2
471,66000,387130000C,(04)23274275,(04)23288582,2025,7,2,9,3,臺中市,大安區,0,1,0,7,2,6,30,13,9,1,5,4,6,6,4,4,10,5,5,2,17,3,10,3,1,B03,7,1,1,8,2,2,,51,51,1,6,4,120.603613,24.363378,2
472,66000,387130000C,(04)23274275,(04)23288582,2025,7,2,9,4,臺中市,南屯區,0,0,0,7,3,6,50,13,9,1,5,4,6,6,1,1,5,5,5,1,13,,,,,B03,,,1,,1,,,7,7,1,12,4,120.611614,24.154488,3
473,66000,387130000C,(04)23274275,(04)23288582,2025,7,2,9,8,臺中市,南屯區,0,1,0,7,2,6,50,4,1,1,5,4,6,6,2,1,1,5,5,2,15,2,7,1,1,C03,7,9,3,19,9,11,,59,59,1,6,4,120.631748,24.125647,2
474,66000,387130000C,(04)23274275,(04)23288582,2025,7,2,9,8,臺中市,太平區,0,1,0,7,2,6,50,3,1,1,5,4,6,6,1,1,10,5,5,2,17,2,9,1,1,C03,7,3,1,10,2,11,,84,84,1,12,4,120.718583,24.126656,2
475,66000,387130000C,(04)23274275,(04)23288582,2025,7,2,9,10,臺中市,西屯區,0,0,0,7,,,50,,,,,,,,,,,,,,12,,,,,B13,,,1,,1,,,45,45,1,12,4,120.637348,24.163743,3
476,66000,387130000C,(04)23274275,(04)23288582,2025,7,2,9,14,臺中市,北區,0,4,0,7,2,6,40,4,2,1,5,4,6,6,1,1,5,4,4,2,17,2,9,5,1,C03,7,9,5,19,2,11,12,7,7,1,13,4,120.673775,24.164797,2
477,66000,387130000C,(04)23274275,(04)23288582,2025,7,2,9,20,臺中市,北屯區,0,2,0,7,1,6,50,13,9,1,5,4,6,6,4,4,5,4,5,2,13,2,1,3,1,B03,7,9,1,8,2,1,,56,56,1,13,4,120.718341,24.169963,2
478,66000,387130000C,(04)23274275,(04)23288582,2025,7,2,9,22,臺中市,東勢區,0,1,0,7,1,6,30,3,9,1,5,4,6,6,4,4,10,5,5,1,15,3,10,5,4,B03,7,1,1,7,2,5,,51,51,1,13,4,120.841856,24.252407,2
479,66000,387130000C,(04)23274275,(04)23288582,2025,7,2,9,23,臺中市,南屯區,0,2,0,7,2,6,50,4,1,1,5,4,6,6,2,1,1,4,5,2,13,2,8,2,1,C03,7,9,1,10,2,11,,7,7,1,12,4,120.646802,24.146809,2
480,66000,387130000C,(04)23274275,(04)23288582,2025,7,2,9,24,臺中市,潭子區,0,1,0,7,2,6,50,13,9,1,5,4,6,6,4,4,9,5,5,1,10,3,10,3,1,B03,7,9,1,8,2,1,,39,39,1,13,4,120.723444,24.218009,2
481,66000,387130000C,(04)23274275,(04)23288582,2025,7,2,9,24,臺中市,西屯區,0,0,0,7,,,30,,,,,,,,,,,,,,17,,,,,B12,,,1,,1,,,84,84,1,12,4,120.66776,24.174839,3
482,66000,387130000C,(04)23274275,(04)23288582,2025,7,2,9,24,臺中市,龍井區,0,1,0,7,2,6,50,4,1,1,5,4,6,6,1,1,10,5,5,2,16,2,5,4,1,C03,7,9,1,10,2,11,,21,21,1,6,4,120.528721,24.178951,2
483,66000,387130000C,(04)23274275,(04)23288582,2025,7,2,9,27,臺中市,中區,0,0,0,7,,,50,,,,,,,,,,,,,,,,,,,A02,,,1,,2,,,51,51,1,6,4,120.683279,24.136286,3
484,66000,387130000C,(04)23274275,(04)23288582,2025,7,2,9,29,臺中市,西區,0,2,0,7,2,6,40,13,8,1,5,4,6,6,4,4,1,4,5,2,17,2,9,1,1,C03,7,5,1,10,2,12,,85,85,1,12,4,120.661417,24.160133,2
485,66000,387130000C,(04)23274275,(04)23288582,2025,7,2,9,30,臺中市,大甲區,0,0,0,7,,,50,,,,,,,,,,,,,,13,,,,,C03,,,1,,2,,,7,7,1,6,4,120.623259,24.361911,3
486,66000,387130000C,(04)23274275,(04)23288582,2025,7,2,9,32,臺中市,大里區,0,0,0,7,,,30,,,,,,,,,,,,,,14,,,,,B12,,,1,,2,,,49,49,1,6,4,120.710837,24.108663,3
487,66000,387130000C,(04)23274275,(04)23288582,2025,7,2,9,38,臺中市,霧峰區,0,2,0,7,2,6,50,3,9,1,5,4,6,6,4,4,10,5,5,1,17,2,9,2,1,C03,7,5,3,19,2,14,,14,14,1,6,4,120.67512,24.049623,2
488,66000,387130000C,(04)23274275,(04)23288582,2025,7,2,9,39,臺中市,北屯區,0,0,0,7,,,80,,,,,,,,,,,,,,,,,,,A12,,,1,,2,,,40,40,1,12,4,120.695415,24.201138,3
489,66000,387130000C,(04)23274275,(04)23288582,2025,7,2,9,42,臺中市,豐原區,0,0,0,7,,,30,,,,,,,,,,,,,,17,,,,,B03,,,3,,9,,,51,51,1,13,4,120.701936,24.250304,3
490,66000,387130000C,(04)23274275,(04)23288582,2025,7,2,9,45,臺中市,北屯區,0,1,0,7,2,6,50,3,1,1,5,4,6,6,2,1,10,5,5,2,16,3,10,3,1,B03,7,5,1,8,2,2,,11,11,1,12,4,120.705592,24.172829,2
491,66000,387130000C,(04)23274275,(04)23288582,2025,7,2,9,45,臺中市,豐原區,0,1,0,7,2,6,50,3,2,1,5,4,6,6,1,1,10,5,5,2,17,2,9,4,1,F01,7,9,7,21,2,12,,59,59,1,13,4,120.740507,24.255586,2
492,66000,387130000C,(04)23274275,(04)23288582,2025,7,2,9,46,臺中市,大里區,0,1,0,7,2,6,50,4,1,1,5,4,6,6,2,1,5,5,5,2,12,2,9,1,1,F03,7,9,7,21,2,14,,42,42,1,13,4,120.692365,24.115555,2
493,66000,387130000C,(04)23274275,(04)23288582,2025,7,2,9,48,臺中市,大里區,0,0,0,7,,,50,,,,,,,,,,,,,,17,,,,,B12,,,1,,2,,,84,84,1,12,4,120.67514,24.103085,3
494,66000,387130000C,(04)23274275,(04)23288582,2025,7,2,9,51,臺中市,霧峰區,0,0,0,7,,,50,,,,,,,,,,,,,,13,,,,,B03,,,1,,1,,,84,84,1,12,4,120.69562,24.065776,3
495,66000,387130000C,(04)23274275,(04)23288582,2025,7,2,9,58,臺中市,神岡區,0,1,0,7,2,6,50,4,1,1,5,4,6,6,4,4,10,5,5,2,15,3,10,5,4,B03,7,9,1,8,2,5,,15,15,1,13,4,120.660181,24.27197,2
496,66000,387130000C,(04)23274275,(04)23288582,2025,7,2,10,0,臺中市,北屯區,0,1,0,7,2,6,50,4,1,1,5,4,6,6,1,1,10,5,5,2,1,3,10,3,1,B03,7,6,1,8,2,1,,10,10,1,12,4,120.707744,24.185067,2
497,66000,387130000C,(04)23274275,(04)23288582,2025,7,2,10,0,臺中市,烏日區,0,1,0,7,2,6,50,4,1,1,5,4,6,6,4,4,5,4,5,1,12,3,10,3,1,B12,7,9,1,8,2,6,,8,8,1,6,4,120.638465,24.106676,2
498,66000,387130000C,(04)23274275,(04)23288582,2025,7,2,10,0,臺中市,龍井區,0,0,0,7,,,30,,,,,,,,,,,,,,,,,,,B03,,,1,,11,,,85,85,1,6,4,120.580573,24.180546,3
499,66000,387130000C,(04)23274275,(04)23288582,2025,7,2,10,2,臺中市,大里區,0,0,0,7,,,40,,,,,,,,,,,,,,17,,,,,B03,,,1,,2,,,50,50,1,13,4,120.687654,24.105314,3
500,66000,387130000C,(04)23274275,(04)23288582,2025,7,2,10,3,臺中市,龍井區,0,0,0,7,2,6,70,13,7,1,5,4,6,6,4,4,10,5,5,2,17,3,10,3,1,A41,1,1,1,1,2,8,,51,51,1,6,4,120.512205,24.224573,3
501,66000,387130000C,(04)23274275,(04)23288582,2025,7,2,10,4,臺中市,西屯區,0,1,0,7,2,6,50,13,9,1,5,4,1,6,4,4,5,5,5,2,12,2,7,1,1,C03,7,9,1,10,2,14,,8,8,1,12,4,120.6551,24.165648,2
502,66000,387130000C,(04)23274275,(04)23288582,2025,7,2,10,8,臺中市,東區,0,0,0,7,,,50,,,,,,,,,,,,,,,,,,,B03,,,1,,2,,,84,84,1,12,4,120.694933,24.128325,3
503,66000,387130000C,(04)23274275,(04)23288582,2025,7,2,10,13,臺中市,后里區,0,0,0,7,2,6,50,4,1,1,5,4,6,6,1,1,5,5,5,1,16,3,10,1,1,C03,7,6,1,10,2,14,,59,59,1,12,4,120.717638,24.306872,3
504,66000,387130000C,(04)23274275,(04)23288582,2025,7,2,10,18,臺中市,北區,0,1,0,7,2,6,50,4,1,1,5,4,6,6,1,1,1,4,5,2,16,3,10,3,1,E03,7,5,1,8,2,2,,11,11,1,11,4,120.682382,24.163137,2
505,66000,387130000C,(04)23274275,(04)23288582,2025,7,2,10,21,臺中市,大甲區,0,1,0,7,2,6,50,13,9,1,5,4,6,6,4,4,5,5,5,1,16,3,10,3,1,B03,7,9,1,8,2,1,,4,4,1,6,4,120.621505,24.35343,2
506,66000,387130000C,(04)23274275,(04)23288582,2025,7,2,10,22,臺中市,清水區,0,1,0,7,3,6,50,13,7,1,5,4,6,6,4,4,9,4,4,2,17,3,10,1,1,C03,7,11,1,10,2,11,,32,32,1,12,4,120.577365,24.269837,2
507,66000,387130000C,(04)23274275,(04)23288582,2025,7,2,10,29,臺中市,南區,0,0,0,7,,,50,,,,,,,,,,,,,,,,,,,B03,,,1,,1,,,84,84,1,6,4,120.677101,24.131981,3
508,66000,387130000C,(04)23274275,(04)23288582,2025,7,2,10,30,臺中市,西區,0,0,0,7,,,50,,,,,,,,,,,,,,,,,,,B03,,,1,,1,,,50,50,1,12,4,120.679729,24.144544,3
509,66000,387130000C,(04)23274275,(04)23288582,2025,7,2,10,31,臺中市,西屯區,0,0,0,7,,,40,,,,,,,,,,,,,,17,,,,,A42,,,1,,9,,,51,51,1,12,4,120.648517,24.17445,3
510,66000,387130000C,(04)23274275,(04)23288582,2025,7,2,10,33,臺中市,烏日區,0,0,0,7,,,60,,,,,,,,,,,,,,,,,,,B03,,,1,,1,,,49,49,1,6,4,120.641138,24.10858,3
511,66000,387130000C,(04)23274275,(04)23288582,2025,7,2,10,36,臺中市,東勢區,0,0,0,7,,,50,,,,,,,,,,,,,,,,,,,B12,,,1,,9,,,51,51,1,13,4,120.824339,24.26723,3
512,66000,387130000C,(04)23274275,(04)23288582,2025,7,2,10,37,臺中市,北區,0,3,0,7,2,6,40,3,8,1,5,4,6,6,4,4,1,4,4,2,13,2,9,1,1,C03,7,9,1,10,2,11,,7,7,1,12,4,120.694237,24.156508,2
513,66000,387130000C,(04)23274275,(04)23288582,2025,7,2,10,39,臺中市,西屯區,0,0,0,7,,,40,,,,,,,,,,,,,,14,,,,,B03,,,1,,2,,,49,49,1,13,4,120.665682,24.17832,3
514,66000,387130000C,(04)23274275,(04)23288582,2025,7,2,10,42,臺中市,大里區,0,0,0,7,,,30,,,,,,,,,,,,,,14,,,,,B03,,,1,,2,,,49,49,1,6,4,120.704075,24.111159,3
515,66000,387130000C,(04)23274275,(04)23288582,2025,7,2,10,48,臺中市,大里區,0,1,0,7,2,6,50,4,1,1,5,4,6,6,4,4,10,5,5,2,16,3,10,3,1,B12,7,6,1,8,2,1,,14,14,1,6,4,120.701402,24.08494,2
516,66000,387130000C,(04)23274275,(04)23288582,2025,7,2,10,50,臺中市,南屯區,0,1,0,5,2,6,50,4,2,1,4,4,6,6,1,1,5,4,4,2,18,2,9,1,1,C03,7,6,1,10,2,16,,59,59,1,6,4,120.648922,24.153494,2
517,66000,387130000C,(04)23274275,(04)23288582,2025,7,2,10,50,臺中市,西屯區,0,0,0,7,,,50,,,,,,,,,,,,,,17,,,,,B03,,,1,,1,,,40,40,1,13,4,120.60271,24.183885,3
518,66000,387130000C,(04)23274275,(04)23288582,2025,7,2,10,51,臺中市,北屯區,0,1,0,7,2,6,40,3,1,1,5,4,6,6,4,4,10,5,5,2,14,3,10,3,1,A12,7,2,1,6,2,6,,49,49,1,6,4,120.731777,24.170778,2
519,66000,387130000C,(04)23274275,(04)23288582,2025,7,2,10,56,臺中市,外埔區,0,0,0,7,2,6,30,11,9,1,5,4,6,6,4,4,10,5,5,2,10,3,10,1,1,C03,7,9,1,10,1,1,,59,59,1,12,4,120.691042,24.324327,3
520,66000,387130000C,(04)23274275,(04)23288582,2025,7,2,10,59,臺中市,東區,0,0,0,7,,,50,,,,,,,,,,,,,,,,,,,C03,,,1,,2,,,35,35,1,12,4,120.694323,24.149948,3
521,66000,387130000C,(04)23274275,(04)23288582,2025,7,2,10,59,臺中市,大甲區,0,0,0,7,,,60,,,,,,,,,,,,,,,,,,,B03,,,1,,1,,,49,49,1,6,4,120.617862,24.351956,3
522,66000,387130000C,(04)23274275,(04)23288582,2025,7,2,11,8,臺中市,大里區,0,0,0,7,,,50,,,,,,,,,,,,,,13,,,,,B03,,,1,,1,,,84,84,1,12,4,120.688777,24.079066,3
523,66000,387130000C,(04)23274275,(04)23288582,2025,7,2,11,8,臺中市,大肚區,0,0,0,7,,,30,,,,,,,,,,,,,,16,,,,,B03,,,1,,2,,,14,14,1,6,4,120.535905,24.159037,3
524,66000,387130000C,(04)23274275,(04)23288582,2025,7,2,11,9,臺中市,豐原區,0,1,0,7,2,6,50,4,1,1,5,4,6,6,2,1,5,5,5,2,17,3,10,5,4,B03,7,6,1,7,2,1,,25,25,1,12,4,120.725352,24.254972,2
525,66000,387130000C,(04)23274275,(04)23288582,2025,7,2,11,10,臺中市,北區,0,2,0,7,2,6,40,13,8,1,5,4,6,6,4,4,5,4,4,2,17,2,9,5,1,C03,7,9,1,10,2,11,,7,7,1,13,4,120.686051,24.159162,2
526,66000,387130000C,(04)23274275,(04)23288582,2025,7,2,11,10,臺中市,大甲區,0,0,0,7,,,50,,,,,,,,,,,,,,12,,,,,B03,,,1,,1,,,84,84,1,6,4,120.627392,24.350728,3
527,66000,387130000C,(04)23274275,(04)23288582,2025,7,2,11,11,臺中市,大雅區,0,0,0,7,,,30,,,,,,,,,,,,,,17,,,,,B03,,,1,,2,,,8,8,1,12,4,120.653379,24.23933,3
528,66000,387130000C,(04)23274275,(04)23288582,2025,7,2,11,13,臺中市,太平區,0,2,0,7,2,6,50,13,12,1,5,4,6,6,4,4,9,5,4,1,17,2,9,1,1,C04,7,1,1,10,2,14,,51,51,1,12,4,120.719474,24.155772,2
529,66000,387130000C,(04)23274275,(04)23288582,2025,7,2,11,18,臺中市,太平區,0,1,0,7,1,6,50,4,1,1,5,4,6,6,1,1,10,5,4,2,12,3,10,3,1,B03,7,5,1,2,2,6,,47,47,1,12,4,120.724025,24.111108,2
530,66000,387130000C,(04)23274275,(04)23288582,2025,7,2,11,20,臺中市,大甲區,0,1,0,7,3,6,50,13,9,1,5,4,6,6,4,4,5,5,5,1,11,3,10,3,1,B03,7,9,1,8,2,8,,34,34,1,6,4,120.622014,24.346397,2
531,66000,387130000C,(04)23274275,(04)23288582,2025,7,2,11,23,臺中市,大里區,0,1,0,7,2,6,50,13,9,1,5,4,6,6,4,4,9,5,5,1,12,3,10,3,1,B03,7,9,1,8,2,2,,8,8,1,6,4,120.696391,24.090881,2
532,66000,387130000C,(04)23274275,(04)23288582,2025,7,2,11,26,臺中市,大甲區,0,2,0,7,3,6,50,4,1,1,5,4,6,6,2,1,10,5,5,2,17,2,9,5,4,C03,7,6,1,10,2,12,,11,11,1,6,4,120.62574,24.348494,2
533,66000,387130000C,(04)23274275,(04)23288582,2025,7,2,11,31,臺中市,西屯區,0,0,0,7,,,50,,,,,,,,,,,,,,13,,,,,C03,,,1,,1,,,7,7,1,12,4,120.649864,24.163498,4
534,66000,387130000C,(04)23274275,(04)23288582,2025,7,2,11,32,臺中市,西區,0,2,0,7,2,6,50,4,1,1,5,4,6,6,1,1,10,5,5,2,17,2,9,2,1,C03,7,6,1,10,2,11,,11,11,1,12,4,120.655124,24.144954,2
535,66000,387130000C,(04)23274275,(04)23288582,2025,7,2,11,33,臺中市,北屯區,0,0,0,7,,,50,,,,,,,,,,,,,,,,,,,B12,,,1,,1,,,84,84,1,13,4,120.719544,24.177619,4
536,66000,387130000C,(04)23274275,(04)23288582,2025,7,2,11,34,臺中市,北區,0,1,0,7,2,6,50,4,1,1,5,4,6,6,1,1,10,5,5,2,12,3,10,1,1,C03,7,10,1,10,2,13,,42,42,1,13,4,120.663928,24.157628,2
537,66000,387130000C,(04)23274275,(04)23288582,2025,7,2,11,35,臺中市,北屯區,0,0,0,7,,,50,,,,,,,,,,,,,,,,,,,B12,,,1,,1,,,39,39,1,12,4,120.728082,24.17652,3
538,66000,387130000C,(04)23274275,(04)23288582,2025,7,2,11,35,臺中市,大里區,0,0,0,7,,,50,,,,,,,,,,,,,,13,,,,,B03,,,1,,2,,,58,58,1,12,4,120.695608,24.095982,3
539,66000,387130000C,(04)23274275,(04)23288582,2025,7,2,11,36,臺中市,潭子區,0,1,0,6,2,6,50,4,1,1,5,4,6,6,1,1,5,4,4,1,17,3,10,3,1,B03,7,6,1,8,2,1,,11,11,1,13,4,120.70056,24.211677,2
540,66000,387130000C,(04)23274275,(04)23288582,2025,7,2,11,37,臺中市,南屯區,0,0,0,7,,,50,,,,,,,,,,,,,,17,,,,,B03,,,1,,1,,,59,59,1,12,4,120.65209,24.142637,3
541,66000,387130000C,(04)23274275,(04)23288582,2025,7,2,11,40,臺中市,西區,0,0,0,7,,,50,,,,,,,,,,,,,,,,,,,B01,,,1,,1,,,84,84,1,12,4,120.659457,24.15395,3
542,66000,387130000C,(04)23274275,(04)23288582,2025,7,2,11,46,臺中市,西屯區,0,2,0,7,2,6,60,4,1,1,5,4,6,6,1,1,10,5,5,2,16,3,10,3,1,B03,7,5,1,8,2,5,,11,11,1,12,4,120.623169,24.176,2
543,66000,387130000C,(04)23274275,(04)23288582,2025,7,2,11,50,臺中市,豐原區,0,0,0,7,,,50,,,,,,,,,,,,,,17,,,,,B12,,,1,,2,,,50,50,1,13,4,120.717692,24.253526,3
544,66000,387130000C,(04)23274275,(04)23288582,2025,7,2,11,52,臺中市,西屯區,0,2,0,7,3,6,30,13,9,1,5,4,6,6,4,4,10,5,5,2,16,2,9,5,4,C03,7,6,1,10,2,13,,20,20,1,13,4,120.645421,24.175147,2
545,66000,387130000C,(04)23274275,(04)23288582,2025,7,2,11,53,臺中市,東勢區,0,0,0,7,,,30,,,,,,,,,,,,,,,,,,,B12,,,1,,2,,,49,49,1,13,4,120.83601,24.249987,3
546,66000,387130000C,(04)23274275,(04)23288582,2025,7,2,11,54,臺中市,大里區,0,0,0,7,,,50,,,,,,,,,,,,,,18,,,,,C03,,,1,,2,,,84,84,1,12,4,120.692155,24.109973,3
547,66000,387130000C,(04)23274275,(04)23288582,2025,7,2,11,56,臺中市,南屯區,0,0,0,7,,,30,,,,,,,,,,,,,,,,,,,A12,,,1,,2,,,49,49,1,12,4,120.620489,24.134761,3
548,66000,387130000C,(04)23274275,(04)23288582,2025,7,2,12,0,臺中市,太平區,0,0,0,7,,,50,,,,,,,,,,,,,,,,,,,A11,,,1,,1,,,8,8,1,12,4,120.705086,24.125453,3
549,66000,387130000C,(04)23274275,(04)23288582,2025,7,2,12,3,臺中市,西屯區,0,0,0,7,,,50,,,,,,,,,,,,,,12,,,,,B03,,,1,,1,,,8,8,1,12,4,120.626992,24.18796,3
550,66000,387130000C,(04)23274275,(04)23288582,2025,7,2,12,5,臺中市,大肚區,0,2,0,7,2,6,50,13,14,1,5,4,6,6,4,4,5,4,5,1,13,2,7,1,1,C03,7,9,1,10,2,11,,59,59,1,6,4,120.546445,24.146846,2
551,66000,387130000C,(04)23274275,(04)23288582,2025,7,2,12,7,臺中市,西屯區,0,0,0,7,,,50,,,,,,,,,,,,,,17,,,,,B03,,,1,,2,,,8,8,1,12,4,120.60676,24.15451,3
552,66000,387130000C,(04)23274275,(04)23288582,2025,7,2,12,7,臺中市,東勢區,0,0,0,7,,,50,,,,,,,,,,,,,,16,,,,,C03,,,1,,1,,,45,45,1,12,4,120.830644,24.253775,3
553,66000,387130000C,(04)23274275,(04)23288582,2025,7,2,12,10,臺中市,北區,0,1,0,7,2,6,50,3,9,1,5,4,6,6,1,1,5,5,5,2,13,2,9,1,1,C03,7,9,1,10,2,15,,84,84,1,12,4,120.67368,24.15904,2
554,66000,387130000C,(04)23274275,(04)23288582,2025,7,2,12,10,臺中市,北屯區,0,1,0,7,2,6,50,4,1,1,5,4,6,6,1,1,10,5,5,2,17,3,10,1,1,C03,7,6,1,10,2,14,,48,48,1,12,4,120.704204,24.183843,2
555,66000,387130000C,(04)23274275,(04)23288582,2025,7,2,12,10,臺中市,烏日區,0,0,0,7,,,50,,,,,,,,,,,,,,,,,,,C03,,,1,,1,,,7,7,1,13,4,120.634166,24.106398,3
556,66000,387130000C,(04)23274275,(04)23288582,2025,7,2,12,11,臺中市,大雅區,0,0,0,7,,,50,,,,,,,,,,,,,,,,,,,C03,,,1,,1,,,61,61,1,12,4,120.635173,24.234565,3
557,66000,387130000C,(04)23274275,(04)23288582,2025,7,2,12,13,臺中市,大雅區,0,1,0,7,1,6,50,13,7,1,5,4,6,6,4,4,9,5,4,1,13,2,9,2,1,C03,7,9,1,16,2,11,,7,7,1,12,4,120.64324,24.220005,2
558,66000,387130000C,(04)23274275,(04)23288582,2025,7,2,12,14,臺中市,太平區,0,1,0,7,3,6,50,13,9,1,5,4,6,6,4,4,5,5,5,1,17,2,9,2,1,C03,7,9,1,10,2,12,,84,84,1,12,4,120.724407,24.122561,2
559,66000,387130000C,(04)23274275,(04)23288582,2025,7,2,12,15,臺中市,龍井區,0,1,0,7,2,6,70,13,8,1,5,4,6,6,4,4,1,4,1,1,18,2,9,1,1,C03,7,9,3,19,2,14,,84,84,1,6,4,120.50645,24.211996,2
560,66000,387130000C,(04)23274275,(04)23288582,2025,7,2,12,20,臺中市,大雅區,0,0,0,7,,,30,,,,,,,,,,,,,,,,,,,C03,,,1,,1,,,14,14,1,12,4,120.633124,24.230186,3
561,66000,387130000C,(04)23274275,(04)23288582,2025,7,2,12,20,臺中市,南區,0,1,0,7,1,6,50,4,1,1,5,4,6,6,3,1,10,5,5,2,17,3,10,3,1,B03,7,9,1,10,1,5,,12,12,1,12,4,120.66895,24.123644,2
562,66000,387130000C,(04)23274275,(04)23288582,2025,7,2,12,20,臺中市,西屯區,0,2,0,7,2,6,50,4,1,1,5,4,6,6,2,1,5,4,5,2,16,2,9,5,4,F01,7,6,7,21,2,13,,48,48,1,13,1,120.646397,24.167884,2