序號,縣市別代碼,機關代碼,市話,傳真,年,月,日,時,分,縣市,區,死亡數量,受傷數量,2-30,天候,道路照明設備,道路類別,道路速限,道路型態,事故位置,路面鋪裝,路面狀態,路面缺陷,障礙物,視距,號誌種類,號誌動作,分向設施,快車道或一般車道間,快慢車道間,路面邊線,事故類型及型態,受傷程度,主要傷處,保護裝備,行動電話或功能裝置,當事者區分(類別),車輛用途,當事者行動狀態,駕照狀態,駕照種類,飲酒情形,車輛撞擊部位最初,車輛撞擊部位其他,肇事因素個別,肇事因素主要,肇事逃逸,職業,共享經濟或外送平台,GPS座標X,GPS座標Y,事故類別
786,66000,387130000C,(04)23274275,(04)23288582,2025,7,2,20,13,臺中市,西屯區,0,0,0,7,,,50,,,,,,,,,,,,,,14,,,,,B03,,,1,,1,,,49,49,1,12,4,120.637487,24.178184,3
787,66000,387130000C,(04)23274275,(04)23288582,2025,7,2,20,16,臺中市,神岡區,0,0,0,7,,,50,,,,,,,,,,,,,,17,,,,,C03,,,3,,2,,,54,54,1,12,4,120.680156,24.250608,3
788,66000,387130000C,(04)23274275,(04)23288582,2025,7,2,20,17,臺中市,大雅區,0,1,0,7,1,6,50,4,2,1,5,4,6,6,1,1,5,5,5,1,17,2,9,1,1,C03,7,9,1,10,2,11,14,21,21,1,13,4,120.657104,24.225146,2
789,66000,387130000C,(04)23274275,(04)23288582,2025,7,2,20,17,臺中市,中區,0,1,0,7,2,6,50,4,1,1,5,4,6,6,2,1,10,5,5,2,17,2,7,2,1,C03,7,15,1,10,2,13,,84,84,1,12,4,120.68563,24.138468,2
790,66000,387130000C,(04)23274275,(04)23288582,2025,7,2,20,20,臺中市,大里區,0,0,0,7,,,50,,,,,,,,,,,,,,,,,,,B03,,,1,,2,,,7,7,1,12,4,120.696619,24.111311,3
791,66000,387130000C,(04)23274275,(04)23288582,2025,7,2,20,23,臺中市,太平區,0,3,0,6,1,6,50,13,9,1,5,4,6,6,4,4,5,4,5,1,17,2,9,1,1,C03,7,6,1,10,2,14,,85,85,1,13,4,120.711668,24.153953,2
792,66000,387130000C,(04)23274275,(04)23288582,2025,7,2,20,25,臺中市,潭子區,0,1,0,7,1,6,30,13,9,1,5,4,6,6,4,4,10,5,5,2,11,3,10,2,1,C03,7,9,1,9,2,11,,84,84,1,13,4,120.696115,24.193276,2
793,66000,387130000C,(04)23274275,(04)23288582,2025,7,2,20,25,臺中市,大里區,0,0,0,7,1,6,80,10,7,1,5,4,6,6,4,4,1,3,5,1,13,,,,,B03,,,1,,2,,,56,56,1,6,4,120.690704,24.098029,3
794,66000,387130000C,(04)23274275,(04)23288582,2025,7,2,20,32,臺中市,西區,0,0,0,7,,,50,,,,,,,,,,,,,,9,,,,,B03,,,1,,11,,,85,85,1,12,4,120.659447,24.150009,3
795,66000,387130000C,(04)23274275,(04)23288582,2025,7,2,20,32,臺中市,南區,0,0,0,7,,,50,,,,,,,,,,,,,,,,,,,B01,,,1,,2,,,1,1,1,13,4,120.666823,24.118648,3
796,66000,387130000C,(04)23274275,(04)23288582,2025,7,2,20,34,臺中市,西區,0,2,0,7,2,6,50,4,1,1,5,4,6,6,1,1,10,5,5,2,17,2,9,1,1,C03,7,6,1,10,2,11,,11,11,1,12,4,120.661959,24.144922,2
797,66000,387130000C,(04)23274275,(04)23288582,2025,7,2,20,34,臺中市,北區,0,0,0,7,1,6,50,13,21,4,5,4,6,6,4,4,10,5,5,2,17,3,10,1,1,C03,7,9,1,10,2,14,,39,39,1,12,4,120.685069,24.167648,3
798,66000,387130000C,(04)23274275,(04)23288582,2025,7,2,20,36,臺中市,大里區,0,2,0,7,1,6,30,4,1,1,5,4,6,3,4,4,10,5,5,2,15,2,9,5,4,C03,7,9,1,10,9,12,,15,15,2,6,4,120.709015,24.085159,2
799,66000,387130000C,(04)23274275,(04)23288582,2025,7,2,20,40,臺中市,西區,0,2,0,7,1,6,50,5,20,1,5,4,6,6,4,4,10,5,5,2,3,3,10,1,1,C03,7,5,1,10,2,11,,84,84,1,13,4,120.6713,24.149361,2
800,66000,387130000C,(04)23274275,(04)23288582,2025,7,2,20,52,臺中市,清水區,0,0,0,7,,,50,,,,,,,,,,,,,,,,,,,B03,,,5,,2,,,55,55,1,12,4,120.575449,24.278717,3
801,66000,387130000C,(04)23274275,(04)23288582,2025,7,2,20,53,臺中市,西屯區,0,0,0,7,,,40,,,,,,,,,,,,,,17,,,,,C03,,,1,,9,,,59,59,1,13,4,120.662884,24.170492,3
802,66000,387130000C,(04)23274275,(04)23288582,2025,7,2,20,55,臺中市,南屯區,0,1,0,7,1,6,50,14,9,1,5,4,6,6,1,1,10,4,5,2,23,2,7,3,1,B03,7,9,1,8,2,1,,59,59,1,12,4,120.638782,24.125476,2
803,66000,387130000C,(04)23274275,(04)23288582,2025,7,2,20,56,臺中市,西屯區,0,1,0,7,1,6,50,4,1,1,5,4,6,6,1,1,10,5,5,2,16,2,9,5,4,C03,7,6,1,10,2,14,,48,48,1,12,4,120.622185,24.174168,2
804,66000,387130000C,(04)23274275,(04)23288582,2025,7,2,20,56,臺中市,大甲區,0,0,0,7,,,90,,,,,,,,,,,,,,,,,,,A42,,,1,,2,,,90,90,1,6,4,120.618242,24.416475,3
805,66000,387130000C,(04)23274275,(04)23288582,2025,7,2,21,10,臺中市,南屯區,0,1,0,7,1,6,50,4,1,1,5,4,6,6,1,1,5,2,5,2,11,3,10,3,1,B03,7,6,1,8,2,2,,11,11,1,12,4,120.651383,24.134897,2
806,66000,387130000C,(04)23274275,(04)23288582,2025,7,2,21,13,臺中市,沙鹿區,0,0,0,6,,,50,,,,,,,,,,,,,,12,,,,,B12,,,1,,2,,,59,59,1,12,4,120.59685,24.249271,3
807,66000,387130000C,(04)23274275,(04)23288582,2025,7,2,21,14,臺中市,南區,0,1,0,7,1,6,50,4,1,1,5,4,6,6,1,1,10,5,5,2,16,3,10,2,1,C03,7,6,1,10,2,12,,11,11,1,6,4,120.665638,24.116947,2
808,66000,387130000C,(04)23274275,(04)23288582,2025,7,2,21,18,臺中市,太平區,0,1,0,7,1,6,30,4,2,1,5,4,6,6,4,4,10,5,5,2,18,2,9,1,1,C03,7,9,1,10,2,12,,84,84,1,12,4,120.705368,24.149869,2
809,66000,387130000C,(04)23274275,(04)23288582,2025,7,2,21,26,臺中市,南區,0,0,0,7,,,50,,,,,,,,,,,,,,,,,,,B03,,,1,,2,,,8,8,1,13,4,120.66557,24.116385,3
810,66000,387130000C,(04)23274275,(04)23288582,2025,7,2,21,34,臺中市,北屯區,0,0,0,7,,,50,,,,,,,,,,,,,,13,,,,,B12,,,3,,1,,,84,84,1,6,4,120.721929,24.181997,3
811,66000,387130000C,(04)23274275,(04)23288582,2025,7,2,21,45,臺中市,大甲區,0,1,0,7,3,6,50,4,1,1,5,4,6,6,1,1,10,5,5,2,17,3,10,3,1,B03,7,9,1,8,2,2,,15,15,1,6,4,120.62388,24.345332,2
812,66000,387130000C,(04)23274275,(04)23288582,2025,7,2,21,45,臺中市,神岡區,0,0,0,7,,,50,,,,,,,,,,,,,,17,,,,,H01,,,7,,10,,,98,98,1,,,120.668193,24.257305,3
813,66000,387130000C,(04)23274275,(04)23288582,2025,7,2,21,48,臺中市,大雅區,0,1,0,7,1,6,50,4,2,1,5,4,6,6,1,1,1,5,5,1,17,3,10,3,1,B03,7,9,1,8,2,2,,21,21,1,13,4,120.629086,24.206103,2
814,66000,387130000C,(04)23274275,(04)23288582,2025,7,2,21,50,臺中市,豐原區,0,0,0,7,,,50,,,,,,,,,,,,,,17,,,,,A11,,,1,,2,,,50,50,1,13,4,120.756194,24.275209,3
815,66000,387130000C,(04)23274275,(04)23288582,2025,7,2,21,58,臺中市,東區,0,1,0,7,1,6,50,5,1,1,5,4,6,6,2,1,10,5,5,2,17,3,10,5,4,B03,7,6,1,8,2,6,,20,20,1,13,4,120.69451,24.142756,2
816,66000,387130000C,(04)23274275,(04)23288582,2025,7,2,22,0,臺中市,后里區,0,1,0,7,1,6,50,4,1,1,5,4,6,6,3,1,5,5,5,2,17,3,10,2,1,C03,7,6,2,19,2,14,,84,84,1,12,4,120.718631,24.304106,2
817,66000,387130000C,(04)23274275,(04)23288582,2025,7,2,22,3,臺中市,西屯區,0,1,0,7,1,6,50,3,2,1,5,4,6,6,4,4,9,5,5,2,17,3,10,5,4,C03,7,6,1,10,2,16,,48,48,1,13,4,120.641417,24.170093,2
818,66000,387130000C,(04)23274275,(04)23288582,2025,7,2,22,8,臺中市,大里區,0,0,0,7,2,6,30,13,9,1,5,4,6,6,4,4,10,5,5,2,30,,,,,,,,,,,,,119,119,1,,,120.67624,24.116903,3
819,66000,387130000C,(04)23274275,(04)23288582,2025,7,2,22,12,臺中市,北屯區,0,1,0,7,1,6,50,4,1,1,5,4,6,6,2,1,10,5,5,2,16,3,10,3,1,B12,7,6,1,8,2,2,,11,11,1,12,4,120.667443,24.179618,2
820,66000,387130000C,(04)23274275,(04)23288582,2025,7,2,22,20,臺中市,西屯區,0,0,0,7,,,30,,,,,,,,,,,,,,17,,,,,C03,,,1,,1,,,51,51,1,12,2,120.64505,24.175336,3
821,66000,387130000C,(04)23274275,(04)23288582,2025,7,2,22,30,臺中市,北區,0,0,0,7,,,50,,,,,,,,,,,,,,17,,,,,B03,,,3,,2,,,84,84,1,13,4,120.695385,24.158348,3
822,66000,387130000C,(04)23274275,(04)23288582,2025,7,2,22,43,臺中市,豐原區,0,0,0,7,,,50,,,,,,,,,,,,,,17,,,,,B03,,,5,,9,,,85,85,1,13,4,120.733922,24.252992,3
823,66000,387130000C,(04)23274275,(04)23288582,2025,7,2,22,44,臺中市,北屯區,0,1,0,7,1,6,40,4,8,1,5,4,6,6,2,1,10,5,5,2,23,2,9,1,1,C03,7,9,1,10,2,11,,58,58,1,6,4,120.705646,24.164669,2
824,66000,387130000C,(04)23274275,(04)23288582,2025,7,2,23,0,臺中市,西屯區,0,0,0,7,,,50,,,,,,,,,,,,,,13,,,,,C02,,,1,,1,,,7,7,1,12,4,120.632707,24.170501,3
825,66000,387130000C,(04)23274275,(04)23288582,2025,7,2,23,32,臺中市,北區,0,1,0,7,1,6,50,3,9,1,5,4,6,6,4,4,10,4,5,2,3,3,10,5,4,C03,7,9,2,19,2,11,,84,84,1,13,4,120.672407,24.164751,2
826,66000,387130000C,(04)23274275,(04)23288582,2025,7,2,23,40,臺中市,龍井區,0,1,0,7,1,6,30,4,1,1,5,4,6,6,4,4,10,5,5,2,15,3,10,3,1,B03,7,9,1,8,2,1,,12,12,1,6,4,120.589407,24.190034,2
827,66000,387130000C,(04)23274275,(04)23288582,2025,7,2,23,42,臺中市,太平區,0,1,0,7,1,6,50,5,1,1,5,4,6,6,1,1,10,5,5,2,13,2,8,2,1,C03,7,9,1,10,2,14,,84,84,1,13,4,120.72403,24.137124,2
828,66000,387130000C,(04)23274275,(04)23288582,2025,7,3,1,45,臺中市,豐原區,0,0,0,7,,,50,,,,,,,,,,,,,,17,,,,,B03,,,1,,2,,,24,24,1,6,4,120.718897,24.24577,3
829,66000,387130000C,(04)23274275,(04)23288582,2025,7,3,2,26,臺中市,西屯區,0,0,0,7,,,50,,,,,,,,,,,,,,13,,,,,B03,,,1,,1,,,7,7,1,12,4,120.636561,24.170872,3
830,66000,387130000C,(04)23274275,(04)23288582,2025,7,3,3,52,臺中市,西區,0,2,0,7,1,6,50,4,1,1,5,4,6,6,1,1,10,5,5,2,16,2,9,1,1,C02,7,9,3,19,2,11,,7,7,1,13,4,120.667365,24.131657,2
831,66000,387130000C,(04)23274275,(04)23288582,2025,7,3,4,34,臺中市,潭子區,0,1,0,7,1,6,50,3,1,1,5,4,1,4,4,4,5,4,5,2,17,3,10,1,1,C03,7,6,1,10,2,11,,4,4,1,12,4,120.713825,24.205536,2
832,66000,387130000C,(04)23274275,(04)23288582,2025,7,3,5,48,臺中市,大里區,0,0,0,7,,,50,,,,,,,,,,,,,,17,,,,,B03,,,1,,2,,,34,34,1,6,4,120.702731,24.088258,3
833,66000,387130000C,(04)23274275,(04)23288582,2025,7,3,5,50,臺中市,大甲區,0,1,0,7,2,6,40,4,9,1,5,4,6,6,1,1,6,4,5,1,11,2,9,3,1,B03,7,6,5,19,2,1,,11,11,1,12,4,120.619481,24.340558,2
834,66000,387130000C,(04)23274275,(04)23288582,2025,7,3,5,59,臺中市,北屯區,0,1,0,7,2,6,50,14,9,1,5,4,6,6,4,4,10,5,5,2,17,3,10,5,4,B03,7,15,1,8,2,8,,18,18,1,12,4,120.739971,24.178607,2
835,66000,387130000C,(04)23274275,(04)23288582,2025,7,3,6,33,臺中市,大里區,0,1,0,7,3,6,60,4,2,1,5,4,6,6,2,1,1,4,4,1,17,2,9,1,1,C03,7,12,1,10,2,12,,84,84,1,13,4,120.69013,24.101104,2
836,66000,387130000C,(04)23274275,(04)23288582,2025,7,3,6,38,臺中市,豐原區,0,0,0,7,,,50,,,,,,,,,,,,,,11,,,,,B12,,,1,,2,,,8,8,1,13,4,120.748532,24.233113,3
837,66000,387130000C,(04)23274275,(04)23288582,2025,7,3,6,41,臺中市,太平區,0,2,0,7,2,6,50,13,13,1,5,4,6,6,4,4,5,4,5,1,13,2,9,2,1,C03,7,9,1,10,2,11,,7,7,1,13,4,120.714343,24.133515,2
838,66000,387130000C,(04)23274275,(04)23288582,2025,7,3,6,47,臺中市,沙鹿區,0,2,0,7,2,6,50,4,2,1,5,4,6,6,1,1,8,3,4,1,17,2,9,5,4,C03,7,6,3,19,11,14,,48,48,2,13,4,120.562477,24.233445,2
839,66000,387130000C,(04)23274275,(04)23288582,2025,7,3,6,48,臺中市,大雅區,0,2,0,7,2,6,0,13,9,1,5,4,6,6,4,4,1,4,5,1,17,2,9,1,1,C03,7,1,1,10,2,11,,51,51,1,12,4,120.646738,24.222107,2
840,66000,387130000C,(04)23274275,(04)23288582,2025,7,3,6,59,臺中市,沙鹿區,0,0,0,7,,,70,,,,,,,,,,,,,,,,,,,B03,,,1,,1,,,40,40,1,12,4,120.613555,24.24446,3
841,66000,387130000C,(04)23274275,(04)23288582,2025,7,3,7,4,臺中市,潭子區,0,0,0,7,,,50,,,,,,,,,,,,,,,,,,,B03,,,1,,2,,,8,8,1,13,4,120.709466,24.200339,3
842,66000,387130000C,(04)23274275,(04)23288582,2025,7,3,7,6,臺中市,沙鹿區,0,1,0,7,2,6,50,13,9,1,5,4,6,6,4,4,1,4,5,1,17,2,8,1,1,C03,7,9,1,10,2,12,,59,59,1,6,4,120.614083,24.2399,2
843,66000,387130000C,(04)23274275,(04)23288582,2025,7,3,7,8,臺中市,大甲區,0,0,0,7,,,50,,,,,,,,,,,,,,14,,,,,B03,,,1,,1,,,49,49,1,6,4,120.646151,24.404363,3
844,66000,387130000C,(04)23274275,(04)23288582,2025,7,3,7,13,臺中市,沙鹿區,0,1,0,7,2,6,50,13,8,1,5,4,6,6,4,4,1,5,4,2,18,2,8,1,1,C03,7,9,1,10,2,14,,59,59,1,6,4,120.613894,24.237069,2
845,66000,387130000C,(04)23274275,(04)23288582,2025,7,3,7,14,臺中市,龍井區,0,0,0,7,,,50,,,,,,,,,,,,,,,,,,,A11,,,1,,2,,,7,7,1,12,4,120.59074,24.181005,3
846,66000,387130000C,(04)23274275,(04)23288582,2025,7,3,7,15,臺中市,東區,0,0,0,7,,,50,,,,,,,,,,,,,,,,,,,B03,,,1,,9,,,84,84,1,6,4,120.694899,24.138717,3
847,66000,387130000C,(04)23274275,(04)23288582,2025,7,3,7,15,臺中市,北屯區,0,1,0,7,3,6,40,3,2,1,5,4,6,6,4,4,1,4,1,2,13,3,10,2,1,C03,7,9,5,19,2,11,,7,7,1,6,4,120.718764,24.161356,2
848,66000,387130000C,(04)23274275,(04)23288582,2025,7,3,7,19,臺中市,西屯區,0,0,0,7,,,60,,,,,,,,,,,,,,12,,,,,B03,,,1,,1,,,40,40,1,12,4,120.641018,24.167806,3
849,66000,387130000C,(04)23274275,(04)23288582,2025,7,3,7,20,臺中市,北屯區,0,1,0,7,3,6,50,4,1,1,5,4,6,6,1,1,10,5,5,2,13,2,9,2,1,C03,7,9,1,10,2,11,,7,7,1,6,4,120.685577,24.174551,2
850,66000,387130000C,(04)23274275,(04)23288582,2025,7,3,7,20,臺中市,太平區,0,1,0,7,3,6,40,13,9,1,5,4,6,6,4,4,5,5,5,1,18,2,9,2,1,C03,7,9,1,10,2,12,,84,84,1,12,4,120.726985,24.120976,2
851,66000,387130000C,(04)23274275,(04)23288582,2025,7,3,7,23,臺中市,沙鹿區,0,1,0,7,2,6,30,3,2,1,5,4,6,6,4,4,8,3,5,2,17,2,9,5,4,C03,7,5,1,10,2,14,,20,20,1,13,4,120.573392,24.262383,2
852,66000,387130000C,(04)23274275,(04)23288582,2025,7,3,7,30,臺中市,西屯區,0,0,0,7,,,50,,,,,,,,,,,,,,13,,,,,C03,,,1,,1,,,7,7,1,12,4,120.630785,24.183863,4
853,66000,387130000C,(04)23274275,(04)23288582,2025,7,3,7,32,臺中市,西屯區,0,0,0,7,,,50,,,,,,,,,,,,,,13,,,,,A02,,,1,,1,,,59,59,1,6,4,120.653478,24.195259,3
854,66000,387130000C,(04)23274275,(04)23288582,2025,7,3,7,35,臺中市,南區,0,2,0,7,2,6,30,11,9,1,5,4,6,6,4,4,10,5,5,2,13,2,9,1,1,C03,7,9,1,10,2,11,,7,7,1,12,4,120.670047,24.126452,2
855,66000,387130000C,(04)23274275,(04)23288582,2025,7,3,7,35,臺中市,北屯區,0,2,0,7,2,6,50,4,1,1,5,4,6,6,1,1,10,5,5,2,17,3,10,3,1,B03,7,5,1,8,2,2,,11,11,1,12,4,120.726814,24.171759,2
856,66000,387130000C,(04)23274275,(04)23288582,2025,7,3,7,38,臺中市,南屯區,0,1,0,7,3,6,0,13,21,4,5,4,6,6,4,4,10,5,5,2,9,3,10,2,4,C01,7,9,1,9,2,11,,84,84,1,6,4,120.643773,24.132294,2
857,66000,387130000C,(04)23274275,(04)23288582,2025,7,3,7,40,臺中市,南屯區,0,1,0,7,3,6,50,13,8,1,5,4,6,6,1,1,3,5,2,2,13,2,8,1,1,C03,7,9,1,10,1,11,,7,7,1,12,4,120.585214,24.166866,2
858,66000,387130000C,(04)23274275,(04)23288582,2025,7,3,7,40,臺中市,神岡區,0,0,0,7,,,30,,,,,,,,,,,,,,2,,,,,B03,,,1,,2,,,49,49,1,12,4,120.711579,24.261985,3
859,66000,387130000C,(04)23274275,(04)23288582,2025,7,3,7,41,臺中市,豐原區,0,1,0,7,2,6,50,13,7,1,5,4,6,6,4,4,5,4,4,2,17,3,10,2,1,C03,7,11,3,19,2,14,,34,34,1,13,4,120.714228,24.257335,2
860,66000,387130000C,(04)23274275,(04)23288582,2025,7,3,7,45,臺中市,太平區,0,2,0,7,3,6,40,13,9,1,5,4,6,6,4,4,5,5,5,1,16,2,9,2,1,C03,7,6,3,19,2,12,,20,20,1,12,4,120.709185,24.13038,2
861,66000,387130000C,(04)23274275,(04)23288582,2025,7,3,7,47,臺中市,后里區,0,0,0,7,2,6,50,4,1,1,5,4,6,6,4,4,5,5,5,1,15,,,,,B03,,,1,,2,,,15,15,1,6,4,120.659073,24.311244,3
862,66000,387130000C,(04)23274275,(04)23288582,2025,7,3,7,50,臺中市,大雅區,0,1,0,7,3,6,30,3,2,1,5,4,6,6,4,4,10,5,5,1,17,2,7,1,4,C03,7,12,1,10,2,14,,85,85,1,13,4,120.652374,24.214383,2
863,66000,387130000C,(04)23274275,(04)23288582,2025,7,3,7,50,臺中市,北屯區,0,0,0,7,,,80,,,,,,,,,,,,,,,,,,,B03,,,1,,1,,,84,84,1,12,4,120.722486,24.18917,3
864,66000,387130000C,(04)23274275,(04)23288582,2025,7,3,7,50,臺中市,烏日區,0,2,0,7,2,6,40,13,12,1,5,4,6,6,4,4,1,4,4,1,13,2,9,1,1,C03,7,9,1,10,2,11,,7,7,1,6,4,120.589352,24.113733,2
865,66000,387130000C,(04)23274275,(04)23288582,2025,7,3,7,53,臺中市,豐原區,0,1,0,7,2,6,30,4,1,1,5,4,6,1,4,4,10,5,5,2,15,2,9,1,4,C03,7,9,1,10,2,12,,12,12,1,13,4,120.715418,24.242969,2
866,66000,387130000C,(04)23274275,(04)23288582,2025,7,3,7,56,臺中市,東區,0,1,0,7,2,6,50,4,2,1,5,4,6,6,4,4,9,5,5,2,30,2,8,1,1,C03,7,9,1,10,2,11,,84,84,1,12,4,120.696766,24.151465,2
867,66000,387130000C,(04)23274275,(04)23288582,2025,7,3,8,3,臺中市,大甲區,0,0,0,7,,,50,,,,,,,,,,,,,,,,,,,C03,,,1,,2,,,48,48,1,6,4,120.627548,24.348856,4
868,66000,387130000C,(04)23274275,(04)23288582,2025,7,3,8,4,臺中市,北屯區,0,0,0,7,,,50,,,,,,,,,,,,,,,,,,,B03,,,1,,1,,,84,84,1,12,4,120.697745,24.170349,3
869,66000,387130000C,(04)23274275,(04)23288582,2025,7,3,8,5,臺中市,西區,0,0,0,7,,,50,,,,,,,,,,,,,,,,,,,,,,,,,,,7,7,1,,,120.66534,24.143864,3
870,66000,387130000C,(04)23274275,(04)23288582,2025,7,3,8,6,臺中市,霧峰區,0,1,0,7,2,6,60,3,1,1,5,4,6,6,1,1,3,4,4,1,18,2,9,2,1,C03,7,9,1,10,2,12,,84,84,1,13,4,120.696978,24.025905,2
871,66000,387130000C,(04)23274275,(04)23288582,2025,7,3,8,8,臺中市,大里區,0,1,0,7,2,6,40,3,1,1,5,4,6,6,4,4,10,5,5,2,16,3,10,3,1,B03,7,6,1,8,2,5,,14,14,1,12,4,120.675429,24.100759,2
872,66000,387130000C,(04)23274275,(04)23288582,2025,7,3,8,10,臺中市,中區,0,1,0,7,1,6,50,4,1,1,5,4,6,6,1,1,10,5,5,2,17,3,10,5,4,B03,7,5,1,8,2,2,,65,65,1,12,4,120.667889,24.152592,2
873,66000,387130000C,(04)23274275,(04)23288582,2025,7,3,8,10,臺中市,南區,0,0,0,7,,,50,,,,,,,,,,,,,,,,,,,B03,,,1,,1,,,84,84,1,8,4,120.682488,24.134194,3
874,66000,387130000C,(04)23274275,(04)23288582,2025,7,3,8,14,臺中市,東區,0,0,0,7,,,50,,,,,,,,,,,,,,,,,,,C03,,,1,,1,,,7,7,1,6,4,120.70128,24.142716,3
875,66000,387130000C,(04)23274275,(04)23288582,2025,7,3,8,14,臺中市,西屯區,0,1,0,7,2,6,50,3,1,1,5,4,6,6,2,1,10,5,5,2,3,4,11,1,1,C03,7,9,6,20,9,15,,85,85,1,12,4,120.645191,24.162759,2
876,66000,387130000C,(04)23274275,(04)23288582,2025,7,3,8,18,臺中市,北屯區,0,1,0,7,2,6,50,13,9,1,5,4,6,6,2,1,1,2,5,2,13,2,9,1,1,C03,7,9,1,10,2,11,,7,7,1,12,4,120.685804,24.175737,2
877,66000,387130000C,(04)23274275,(04)23288582,2025,7,3,8,19,臺中市,豐原區,0,0,0,7,,,50,,,,,,,,,,,,,,14,,,,,B03,,,1,,2,,,50,50,1,13,4,120.713136,24.249675,3
878,66000,387130000C,(04)23274275,(04)23288582,2025,7,3,8,24,臺中市,龍井區,0,0,0,7,2,6,50,13,9,1,5,4,6,6,2,1,5,2,5,1,13,3,10,2,1,C03,7,9,1,10,1,11,,7,7,1,6,4,120.592993,24.182472,3
879,66000,387130000C,(04)23274275,(04)23288582,2025,7,3,8,28,臺中市,西屯區,0,1,0,7,2,6,50,4,1,1,5,4,6,6,1,1,10,5,5,2,17,2,9,5,4,C03,7,6,1,10,1,14,,11,11,1,12,4,120.648592,24.169829,2
880,66000,387130000C,(04)23274275,(04)23288582,2025,7,3,8,28,臺中市,西屯區,0,1,0,7,2,6,50,13,9,1,5,4,6,6,4,4,5,5,5,2,17,3,10,5,4,B03,7,11,1,8,2,2,,20,20,1,12,4,120.622778,24.181332,2
881,66000,387130000C,(04)23274275,(04)23288582,2025,7,3,8,31,臺中市,北區,0,2,0,7,3,6,50,3,2,1,5,4,6,6,3,1,3,4,5,2,13,2,9,1,1,C03,7,9,1,10,2,11,,59,59,1,12,4,120.667878,24.157006,2
882,66000,387130000C,(04)23274275,(04)23288582,2025,7,3,8,32,臺中市,南屯區,0,1,0,7,2,9,50,5,2,1,5,4,6,6,4,4,5,5,5,2,12,2,8,2,1,C03,7,6,1,10,2,14,,84,84,1,12,4,120.643853,24.137827,2
883,66000,387130000C,(04)23274275,(04)23288582,2025,7,3,8,35,臺中市,南屯區,0,0,0,7,3,3,80,13,9,1,5,4,6,6,4,4,3,4,5,1,13,,,,,B03,,,1,,1,,,59,59,1,12,4,120.621618,24.134699,3
884,66000,387130000C,(04)23274275,(04)23288582,2025,7,3,8,35,臺中市,西屯區,0,0,0,7,,,50,,,,,,,,,,,,,,13,,,,,B03,,,1,,1,,,7,7,1,12,4,120.662738,24.172404,3
885,66000,387130000C,(04)23274275,(04)23288582,2025,7,3,8,35,臺中市,大甲區,0,1,0,7,3,6,50,13,9,1,5,4,6,6,4,4,5,5,5,1,16,3,10,3,1,B03,7,11,1,8,2,8,,45,45,1,6,4,120.629276,24.347699,2
886,66000,387130000C,(04)23274275,(04)23288582,2025,7,3,8,36,臺中市,北區,0,1,0,7,2,6,50,13,7,1,5,4,5,6,4,4,5,5,4,2,24,2,9,5,4,C03,7,9,1,10,2,11,,84,84,1,12,4,120.676156,24.159209,2
887,66000,387130000C,(04)23274275,(04)23288582,2025,7,3,8,42,臺中市,豐原區,0,1,0,7,2,6,50,13,9,1,5,4,6,6,3,1,1,4,5,1,17,3,10,3,1,B03,7,5,1,8,2,2,,84,84,1,13,4,120.712641,24.241762,2
888,66000,387130000C,(04)23274275,(04)23288582,2025,7,3,8,47,臺中市,西屯區,0,0,0,7,,,50,,,,,,,,,,,,,,14,,,,,B02,,,,,2,,,50,50,1,9,4,120.651654,24.165213,3
889,66000,387130000C,(04)23274275,(04)23288582,2025,7,3,8,48,臺中市,大里區,0,1,0,7,2,6,50,13,8,1,5,4,6,6,4,4,3,4,4,1,13,3,10,3,1,B03,7,9,1,8,2,1,,84,84,1,12,4,120.66866,24.104497,2
890,66000,387130000C,(04)23274275,(04)23288582,2025,7,3,8,50,臺中市,神岡區,0,0,0,7,,,50,,,,,,,,,,,,,,17,,,,,B12,,,1,,2,,,59,59,1,12,4,120.706579,24.260574,3
891,66000,387130000C,(04)23274275,(04)23288582,2025,7,3,8,52,臺中市,中區,0,0,0,7,,,50,,,,,,,,,,,,,,13,,,,,C03,,,1,,9,,,84,84,2,11,4,120.682316,24.145779,3
892,66000,387130000C,(04)23274275,(04)23288582,2025,7,3,8,52,臺中市,南屯區,0,2,0,7,3,6,50,13,9,1,5,4,5,6,4,4,1,4,5,2,30,2,9,2,4,C03,7,9,1,10,2,11,,7,7,1,6,4,120.624893,24.149243,2
893,66000,387130000C,(04)23274275,(04)23288582,2025,7,3,8,58,臺中市,北區,0,0,0,7,,,0,,,,,,,,,,,,,,17,,,,,C03,,,1,,9,,,84,84,2,13,4,120.694605,24.153609,3
894,66000,387130000C,(04)23274275,(04)23288582,2025,7,3,9,0,臺中市,中區,0,1,0,7,2,6,50,3,1,1,5,4,6,6,4,4,10,5,5,2,17,3,10,3,1,B01,7,2,1,4,1,3,,49,49,1,12,4,120.680582,24.143632,2
895,66000,387130000C,(04)23274275,(04)23288582,2025,7,3,9,0,臺中市,北屯區,0,0,0,7,,,50,,,,,,,,,,,,,,9,,,,,B03,,,1,,1,,,45,45,1,6,4,120.681213,24.191038,4
896,66000,387130000C,(04)23274275,(04)23288582,2025,7,3,9,0,臺中市,西屯區,0,2,0,7,2,6,50,4,1,1,5,4,6,6,1,1,10,5,5,2,15,2,9,5,1,C03,7,9,1,10,2,14,,21,21,1,12,4,120.639512,24.174659,2
897,66000,387130000C,(04)23274275,(04)23288582,2025,7,3,9,1,臺中市,北區,0,0,0,7,,,0,,,,,,,,,,,,,,17,,,,,C03,,,1,,9,,,8,8,2,13,4,120.679584,24.162947,3