序號,縣市別代碼,機關代碼,市話,傳真,年,月,日,時,分,縣市,區,死亡數量,受傷數量,2-30,天候,道路照明設備,道路類別,道路速限,道路型態,事故位置,路面鋪裝,路面狀態,路面缺陷,障礙物,視距,號誌種類,號誌動作,分向設施,快車道或一般車道間,快慢車道間,路面邊線,事故類型及型態,受傷程度,主要傷處,保護裝備,行動電話或功能裝置,當事者區分(類別),車輛用途,當事者行動狀態,駕照狀態,駕照種類,飲酒情形,車輛撞擊部位最初,車輛撞擊部位其他,肇事因素個別,肇事因素主要,肇事逃逸,職業,共享經濟或外送平台,GPS座標X,GPS座標Y,事故類別
1234,66000,387130000C,(04)23274275,(04)23288582,2025,7,4,8,36,臺中市,南屯區,0,1,0,7,2,6,60,13,9,1,5,4,6,6,4,4,1,4,5,2,13,2,9,1,1,C03,7,9,1,10,2,11,,7,7,1,12,4,120.647597,24.124399,2
1235,66000,387130000C,(04)23274275,(04)23288582,2025,7,4,8,38,臺中市,西屯區,0,2,0,7,2,6,50,4,1,1,5,4,6,6,2,1,4,3,4,2,16,2,9,5,4,C03,7,9,1,10,2,12,,6,6,1,13,4,120.663046,24.170571,2
1236,66000,387130000C,(04)23274275,(04)23288582,2025,7,4,8,38,臺中市,大里區,0,1,0,7,2,6,50,3,1,1,5,4,6,6,4,4,10,5,5,2,17,2,9,1,1,C03,7,6,1,10,2,11,,13,13,1,12,4,120.684135,24.107859,2
1237,66000,387130000C,(04)23274275,(04)23288582,2025,7,4,8,40,臺中市,南屯區,0,0,0,7,3,6,40,13,9,1,5,4,6,6,4,4,5,4,4,2,30,,,,,B03,,,1,,9,,,87,87,1,12,4,120.633973,24.14694,3
1238,66000,387130000C,(04)23274275,(04)23288582,2025,7,4,8,40,臺中市,龍井區,0,2,0,7,1,6,40,13,9,1,5,4,6,6,4,4,10,5,5,2,17,2,9,1,1,C03,7,9,1,10,2,11,,84,84,1,6,4,120.589756,24.19159,2
1239,66000,387130000C,(04)23274275,(04)23288582,2025,7,4,8,42,臺中市,大肚區,0,2,0,7,1,6,30,13,9,1,5,4,6,6,4,4,10,5,5,1,13,2,9,1,1,C03,7,9,1,10,2,11,,7,7,1,6,4,120.573813,24.149531,2
1240,66000,387130000C,(04)23274275,(04)23288582,2025,7,4,8,45,臺中市,神岡區,0,0,0,7,,,50,,,,,,,,,,,,,,17,,,,,B03,,,1,,2,,,40,40,1,12,4,120.659515,24.257245,3
1241,66000,387130000C,(04)23274275,(04)23288582,2025,7,4,8,50,臺中市,沙鹿區,0,1,0,7,2,6,30,3,9,1,5,4,6,6,4,4,10,4,5,2,15,3,10,2,1,C03,7,9,1,10,2,11,,6,6,1,12,4,120.601305,24.258807,2
1242,66000,387130000C,(04)23274275,(04)23288582,2025,7,4,8,53,臺中市,南屯區,0,0,0,7,3,6,50,13,9,1,5,4,6,6,1,1,3,4,5,2,12,,,,,B03,,,1,,1,,,40,40,1,12,4,120.616809,24.1537,3
1243,66000,387130000C,(04)23274275,(04)23288582,2025,7,4,8,54,臺中市,南屯區,0,0,0,7,,,50,,,,,,,,,,,,,,12,,,,,B03,,,1,,1,,,8,8,1,6,4,120.623558,24.149618,3
1244,66000,387130000C,(04)23274275,(04)23288582,2025,7,4,8,59,臺中市,中區,0,1,0,7,2,6,50,13,9,1,5,4,6,6,2,1,5,4,5,2,17,3,10,5,1,B03,7,13,1,8,2,4,,76,76,1,6,4,120.680352,24.143389,2
1245,66000,387130000C,(04)23274275,(04)23288582,2025,7,4,9,1,臺中市,豐原區,0,1,0,7,2,6,50,3,1,1,5,4,6,6,4,4,5,5,4,2,13,2,9,1,1,C03,7,9,1,10,2,11,,7,7,1,13,4,120.717029,24.249438,2
1246,66000,387130000C,(04)23274275,(04)23288582,2025,7,4,9,2,臺中市,大里區,0,0,0,7,,,50,,,,,,,,,,,,,,12,,,,,B03,,,1,,2,,,8,8,1,13,4,120.68981,24.124416,3
1247,66000,387130000C,(04)23274275,(04)23288582,2025,7,4,9,4,臺中市,大雅區,0,1,0,7,2,6,30,4,1,1,5,4,6,6,4,4,10,5,5,2,15,2,9,1,1,C03,7,9,3,19,2,11,,84,84,1,13,4,120.653824,24.225342,2
1248,66000,387130000C,(04)23274275,(04)23288582,2025,7,4,9,6,臺中市,北屯區,0,1,0,7,2,6,50,13,9,1,5,4,6,6,4,4,1,4,5,2,17,3,10,3,1,B03,7,9,1,8,2,5,,85,85,1,12,4,120.685674,24.174053,2
1249,66000,387130000C,(04)23274275,(04)23288582,2025,7,4,9,6,臺中市,太平區,0,1,0,7,3,6,50,4,1,1,5,4,6,6,1,1,3,4,5,2,16,2,9,2,1,C03,7,9,1,10,2,14,,20,20,1,12,4,120.723166,24.149437,2
1250,66000,387130000C,(04)23274275,(04)23288582,2025,7,4,9,7,臺中市,石岡區,0,0,0,7,,,70,,,,,,,,,,,,,,,,,,,B03,,,1,,1,,,78,78,1,13,4,120.806664,24.266553,3
1251,66000,387130000C,(04)23274275,(04)23288582,2025,7,4,9,7,臺中市,豐原區,0,1,0,7,2,6,50,4,1,1,5,4,6,6,1,1,10,4,5,2,17,3,10,3,1,B03,7,5,1,8,2,2,,65,65,1,13,4,120.70612,24.250038,2
1252,66000,387130000C,(04)23274275,(04)23288582,2025,7,4,9,9,臺中市,霧峰區,0,0,0,7,,,30,,,,,,,,,,,,,,17,,,,,B03,,,1,,1,,,8,8,1,13,4,120.680108,24.064274,3
1253,66000,387130000C,(04)23274275,(04)23288582,2025,7,4,9,10,臺中市,太平區,0,0,0,7,,,50,,,,,,,,,,,,,,,,,,,B03,,,1,,2,,,50,50,1,6,4,120.712134,24.155043,3
1254,66000,387130000C,(04)23274275,(04)23288582,2025,7,4,9,11,臺中市,后里區,0,0,0,7,2,6,40,3,1,1,5,4,6,6,4,4,10,5,5,2,12,,,,,B03,,,1,,2,,,59,59,1,6,4,120.723833,24.312056,3
1255,66000,387130000C,(04)23274275,(04)23288582,2025,7,4,9,12,臺中市,西屯區,0,0,0,7,,,50,,,,,,,,,,,,,,12,,,,,C03,,,1,,1,,,42,42,1,12,4,120.650276,24.164117,3
1256,66000,387130000C,(04)23274275,(04)23288582,2025,7,4,9,14,臺中市,大里區,0,0,0,7,3,6,50,13,9,1,5,4,6,6,1,1,5,5,5,1,13,,,,,B12,,,1,,1,,,59,59,1,12,4,120.681244,24.106042,3
1257,66000,387130000C,(04)23274275,(04)23288582,2025,7,4,9,14,臺中市,后里區,0,0,0,7,,,40,,,,,,,,,,,,,,15,,,,,B03,,,1,,2,,,14,14,1,6,4,120.727731,24.307581,3
1258,66000,387130000C,(04)23274275,(04)23288582,2025,7,4,9,17,臺中市,南屯區,0,1,0,7,2,6,60,3,1,1,5,4,6,6,4,4,3,4,5,2,16,3,10,3,1,B12,7,5,1,8,2,15,,85,85,1,12,4,120.628355,24.141209,2
1259,66000,387130000C,(04)23274275,(04)23288582,2025,7,4,9,18,臺中市,潭子區,0,1,0,7,2,6,50,3,1,1,5,4,6,6,2,1,10,5,5,2,16,3,10,3,1,B12,7,5,1,8,2,2,,11,11,1,13,4,120.703815,24.21269,2
1260,66000,387130000C,(04)23274275,(04)23288582,2025,7,4,9,21,臺中市,西屯區,0,0,0,7,,,40,,,,,,,,,,,,,,12,,,,,B03,,,1,,1,,,20,20,1,12,4,120.635879,24.181852,3
1261,66000,387130000C,(04)23274275,(04)23288582,2025,7,4,9,21,臺中市,西屯區,0,2,0,7,2,6,50,4,1,1,5,4,6,6,1,1,1,4,5,2,12,2,9,2,1,C03,7,15,1,10,2,12,,40,40,1,12,4,120.649888,24.168771,2
1262,66000,387130000C,(04)23274275,(04)23288582,2025,7,4,9,26,臺中市,大里區,0,1,0,7,2,6,50,13,14,1,5,4,6,6,4,4,5,5,5,1,13,2,9,2,1,C03,7,8,1,10,2,12,,8,8,1,13,4,120.704647,24.095944,2
1263,66000,387130000C,(04)23274275,(04)23288582,2025,7,4,9,32,臺中市,西屯區,0,2,0,7,1,6,50,4,1,1,5,4,6,6,1,1,10,5,5,1,13,2,9,2,1,C03,7,9,1,10,2,11,,59,59,1,12,4,120.629098,24.204322,2
1264,66000,387130000C,(04)23274275,(04)23288582,2025,7,4,9,33,臺中市,北屯區,0,1,0,7,1,6,50,13,8,1,5,4,6,6,4,4,3,4,4,2,12,3,10,3,1,B03,7,5,1,8,2,2,,20,20,1,13,4,120.686938,24.197172,2
1265,66000,387130000C,(04)23274275,(04)23288582,2025,7,4,9,34,臺中市,西區,0,0,0,7,,,50,,,,,,,,,,,,,,,,,,,B03,,,1,,2,,,8,8,1,12,4,120.660203,24.158177,3
1266,66000,387130000C,(04)23274275,(04)23288582,2025,7,4,9,36,臺中市,中區,0,2,0,7,2,6,50,4,1,1,5,4,6,6,1,1,10,5,5,2,17,2,9,2,1,C03,7,9,1,10,2,12,,21,21,1,12,4,120.678351,24.146754,2
1267,66000,387130000C,(04)23274275,(04)23288582,2025,7,4,9,40,臺中市,烏日區,0,2,0,7,2,6,60,13,9,1,5,4,6,6,4,4,1,4,5,1,12,2,9,2,1,C03,7,9,1,10,2,12,,7,7,1,5,4,120.646229,24.110109,2
1268,66000,387130000C,(04)23274275,(04)23288582,2025,7,4,9,45,臺中市,沙鹿區,0,0,0,7,,,60,,,,,,,,,,,,,,,,,,,B03,,,1,,2,,,49,49,1,12,4,120.566885,24.204108,3
1269,66000,387130000C,(04)23274275,(04)23288582,2025,7,4,9,46,臺中市,太平區,0,1,0,7,3,6,50,4,1,1,5,4,6,6,1,1,5,5,4,1,16,2,9,2,1,C03,7,9,1,10,2,14,,84,84,1,12,4,120.718681,24.148883,2
1270,66000,387130000C,(04)23274275,(04)23288582,2025,7,4,9,48,臺中市,太平區,0,0,0,7,,,50,,,,,,,,,,,,,,,,,,,B12,,,1,,1,,,40,40,1,6,4,120.710125,24.134861,3
1271,66000,387130000C,(04)23274275,(04)23288582,2025,7,4,9,57,臺中市,西區,0,1,0,7,2,6,30,4,1,1,5,4,6,6,4,4,10,5,5,2,15,3,10,3,1,B03,7,9,1,8,2,1,,15,15,1,12,4,120.680726,24.136455,2
1272,66000,387130000C,(04)23274275,(04)23288582,2025,7,4,10,0,臺中市,太平區,0,0,0,7,,,80,,,,,,,,,,,,,,13,,,,,B12,,,1,,2,,,7,7,1,12,4,120.715503,24.152346,3
1273,66000,387130000C,(04)23274275,(04)23288582,2025,7,4,10,0,臺中市,豐原區,0,2,0,7,2,6,50,4,2,1,5,4,6,6,1,1,10,5,5,2,13,2,9,2,1,C03,7,9,1,10,2,11,,7,7,1,13,4,120.736222,24.260848,2
1274,66000,387130000C,(04)23274275,(04)23288582,2025,7,4,10,1,臺中市,北屯區,0,2,0,7,3,6,50,3,1,1,5,4,6,6,3,1,10,5,5,2,16,3,10,3,1,B03,7,5,1,8,2,4,,24,24,1,6,4,120.733325,24.170166,2
1275,66000,387130000C,(04)23274275,(04)23288582,2025,7,4,10,4,臺中市,西屯區,0,0,0,7,,,30,,,,,,,,,,,,,,17,,,,,B11,,,1,,1,,,7,7,1,12,4,120.646292,24.182471,3
1276,66000,387130000C,(04)23274275,(04)23288582,2025,7,4,10,6,臺中市,北區,0,1,0,7,2,6,50,4,1,1,5,4,6,6,1,1,10,5,5,2,17,3,10,5,4,C03,7,9,1,10,2,12,,39,39,1,12,4,120.680949,24.15816,2
1277,66000,387130000C,(04)23274275,(04)23288582,2025,7,4,10,7,臺中市,西區,0,1,0,7,1,6,50,4,1,1,5,4,6,6,1,1,10,5,5,2,17,2,9,5,4,C03,7,6,1,10,2,14,,48,48,1,12,4,120.674994,24.138036,2
1278,66000,387130000C,(04)23274275,(04)23288582,2025,7,4,10,7,臺中市,北屯區,0,2,0,7,3,6,50,4,1,1,5,4,6,6,4,4,10,5,5,2,15,2,9,2,1,C03,7,9,1,10,2,11,,12,12,1,12,4,120.679428,24.181803,2
1279,66000,387130000C,(04)23274275,(04)23288582,2025,7,4,10,15,臺中市,北區,0,0,0,7,,,50,,,,,,,,,,,,,,16,,,,,C03,,,3,,2,,,48,48,1,13,4,120.672117,24.166897,3
1280,66000,387130000C,(04)23274275,(04)23288582,2025,7,4,10,16,臺中市,西屯區,0,1,0,7,2,6,50,13,7,1,5,4,6,6,4,4,5,4,4,2,13,3,10,5,4,B03,7,9,1,8,2,5,,7,7,1,13,4,120.636227,24.170249,2
1281,66000,387130000C,(04)23274275,(04)23288582,2025,7,4,10,19,臺中市,大甲區,0,0,0,7,,,50,,,,,,,,,,,,,,16,,,,,B03,,,1,,1,,,12,12,1,6,4,120.629918,24.343527,3
1282,66000,387130000C,(04)23274275,(04)23288582,2025,7,4,10,23,臺中市,南屯區,0,0,0,7,,,50,,,,,,,,,,,,,,16,,,,,B03,,,1,,1,,,47,47,1,6,4,120.637463,24.133994,3
1283,66000,387130000C,(04)23274275,(04)23288582,2025,7,4,10,25,臺中市,北屯區,0,3,0,7,2,3,80,13,9,1,5,4,6,6,4,4,1,4,5,2,17,2,9,3,1,B12,7,15,1,8,3,1,,90,90,1,12,4,120.72067,24.167117,2
1284,66000,387130000C,(04)23274275,(04)23288582,2025,7,4,10,25,臺中市,烏日區,0,0,0,7,,,50,,,,,,,,,,,,,,,,,,,B03,,,1,,2,,,8,8,1,13,4,120.615419,24.114451,3
1285,66000,387130000C,(04)23274275,(04)23288582,2025,7,4,10,30,臺中市,潭子區,0,0,0,7,,,40,,,,,,,,,,,,,,,,,,,B03,,,1,,2,,,57,57,1,12,4,120.712991,24.199674,3
1286,66000,387130000C,(04)23274275,(04)23288582,2025,7,4,10,30,臺中市,南區,0,0,0,7,,,50,,,,,,,,,,,,,,14,,,,,B03,,,1,,1,,,49,49,1,12,4,120.678634,24.126319,3
1287,66000,387130000C,(04)23274275,(04)23288582,2025,7,4,10,30,臺中市,梧棲區,0,0,0,7,,,30,,,,,,,,,,,,,,17,,,,,B12,,,1,,2,,,78,78,1,6,4,120.535929,24.25868,3
1288,66000,387130000C,(04)23274275,(04)23288582,2025,7,4,10,31,臺中市,西區,0,0,0,7,,,50,,,,,,,,,,,,,,17,,,,,B03,,,1,,1,,,7,7,1,12,4,120.657443,24.135167,3
1289,66000,387130000C,(04)23274275,(04)23288582,2025,7,4,10,32,臺中市,大肚區,0,0,0,7,,,30,,,,,,,,,,,,,,16,,,,,C03,,,1,,1,,,51,51,1,6,4,120.53636,24.161634,3
1290,66000,387130000C,(04)23274275,(04)23288582,2025,7,4,10,33,臺中市,北屯區,0,1,0,7,2,6,50,13,9,1,5,4,6,6,4,4,10,5,5,2,18,2,9,2,1,C03,7,9,1,10,2,14,,84,84,1,12,4,120.706902,24.170991,2
1291,66000,387130000C,(04)23274275,(04)23288582,2025,7,4,10,34,臺中市,豐原區,0,0,0,7,,,50,,,,,,,,,,,,,,27,,,,,B03,,,1,,2,,,59,59,1,13,4,120.745867,24.234272,3
1292,66000,387130000C,(04)23274275,(04)23288582,2025,7,4,10,35,臺中市,霧峰區,0,0,0,7,,,80,,,,,,,,,,,,,,13,,,,,B03,,,1,,1,,,7,7,1,13,4,120.689871,24.064078,3
1293,66000,387130000C,(04)23274275,(04)23288582,2025,7,4,10,38,臺中市,西屯區,0,0,0,7,,,60,,,,,,,,,,,,,,12,,,,,B03,,,1,,1,,,40,40,1,13,4,120.655911,24.158976,3
1294,66000,387130000C,(04)23274275,(04)23288582,2025,7,4,10,40,臺中市,大甲區,0,1,0,7,2,6,30,13,9,1,5,4,6,6,4,4,10,5,5,1,27,2,9,3,1,B03,7,9,1,8,2,5,,59,59,1,6,4,120.674615,24.379172,2
1295,66000,387130000C,(04)23274275,(04)23288582,2025,7,4,10,40,臺中市,豐原區,0,0,0,7,2,6,50,13,9,1,5,4,6,6,4,4,1,4,5,1,14,3,10,3,1,B12,7,2,1,8,1,3,,49,49,1,12,4,120.727144,24.248631,3
1296,66000,387130000C,(04)23274275,(04)23288582,2025,7,4,10,41,臺中市,后里區,0,0,0,7,2,6,50,13,9,1,5,4,6,6,4,4,5,4,5,1,13,,,,,B03,,,1,,2,,,56,56,1,6,4,120.713729,24.303641,3
1297,66000,387130000C,(04)23274275,(04)23288582,2025,7,4,10,48,臺中市,后里區,0,1,0,7,2,6,50,13,9,1,5,4,6,6,4,4,5,4,5,1,11,2,8,1,1,C03,7,10,1,10,2,12,14,8,8,1,6,4,120.713858,24.306278,2
1298,66000,387130000C,(04)23274275,(04)23288582,2025,7,4,10,49,臺中市,北區,0,0,0,7,,,50,,,,,,,,,,,,,,12,,,,,B03,,,1,,1,7,,40,40,1,12,4,120.687358,24.146286,3
1299,66000,387130000C,(04)23274275,(04)23288582,2025,7,4,10,52,臺中市,西屯區,0,2,0,7,1,6,40,13,9,1,5,4,6,6,4,4,5,4,4,2,16,3,10,1,1,C03,7,1,1,10,2,14,,51,51,1,12,4,120.64246,24.17811,2
1300,66000,387130000C,(04)23274275,(04)23288582,2025,7,4,10,58,臺中市,南屯區,0,0,0,7,3,6,50,13,9,1,5,4,6,6,4,4,3,4,5,2,13,,,,,B03,,,1,,1,,,7,7,1,12,4,120.638391,24.151464,3
1301,66000,387130000C,(04)23274275,(04)23288582,2025,7,4,11,0,臺中市,大甲區,0,1,0,7,3,6,50,13,12,1,5,4,6,6,4,4,4,4,5,1,17,3,10,5,4,B01,7,5,1,1,2,5,,47,47,1,6,4,120.634046,24.344749,2
1302,66000,387130000C,(04)23274275,(04)23288582,2025,7,4,11,1,臺中市,西屯區,0,0,0,7,,,50,,,,,,,,,,,,,,13,,,,,B03,,,1,,1,,,59,59,1,12,4,120.614137,24.1867,3
1303,66000,387130000C,(04)23274275,(04)23288582,2025,7,4,11,4,臺中市,南屯區,0,0,0,7,,,50,,,,,,,,,,,,,,14,,,,,C03,,,1,,1,,,49,49,1,12,4,120.646643,24.147762,3
1304,66000,387130000C,(04)23274275,(04)23288582,2025,7,4,11,4,臺中市,豐原區,0,0,0,7,,,50,,,,,,,,,,,,,,,,,,,B03,,,1,,2,,,6,6,1,13,4,120.719621,24.260103,3
1305,66000,387130000C,(04)23274275,(04)23288582,2025,7,4,11,5,臺中市,北屯區,0,0,0,7,,,40,,,,,,,,,,,,,,25,,,,,B03,,,1,,2,,,84,84,1,6,4,120.682332,24.194434,3
1306,66000,387130000C,(04)23274275,(04)23288582,2025,7,4,11,6,臺中市,西屯區,0,0,0,7,,,30,,,,,,,,,,,,,,17,,,,,B12,,,1,,2,,,49,49,1,12,4,120.616153,24.181733,3
1307,66000,387130000C,(04)23274275,(04)23288582,2025,7,4,11,6,臺中市,清水區,0,0,0,7,,,50,,,,,,,,,,,,,,,,,,,B03,,,1,,1,,,7,7,1,12,4,120.567631,24.270146,3
1308,66000,387130000C,(04)23274275,(04)23288582,2025,7,4,11,7,臺中市,南區,0,0,0,7,,,50,,,,,,,,,,,,,,13,,,,,B03,,,1,,1,,,7,7,1,12,4,120.685196,24.12859,3
1309,66000,387130000C,(04)23274275,(04)23288582,2025,7,4,11,8,臺中市,西屯區,0,1,0,7,2,6,50,13,8,1,5,4,6,6,4,4,1,4,1,2,17,3,10,5,4,B03,7,15,1,8,1,5,,20,20,1,13,4,120.636741,24.183729,2
1310,66000,387130000C,(04)23274275,(04)23288582,2025,7,4,11,11,臺中市,大甲區,0,1,0,7,3,6,50,13,9,1,5,4,6,6,4,4,5,5,5,1,13,3,10,5,4,B03,7,9,1,8,2,1,,7,7,1,6,4,120.626717,24.340297,2
1311,66000,387130000C,(04)23274275,(04)23288582,2025,7,4,11,13,臺中市,西屯區,0,0,0,7,,,0,,,,,,,,,,,,,,14,,,,,B03,,,1,,1,,,49,49,1,13,4,120.637567,24.173778,3
1312,66000,387130000C,(04)23274275,(04)23288582,2025,7,4,11,13,臺中市,豐原區,0,1,0,7,2,6,50,3,1,1,5,4,6,6,1,1,1,4,4,1,16,3,10,5,4,B03,7,5,1,8,9,6,,11,11,2,13,4,120.739546,24.262508,2
1313,66000,387130000C,(04)23274275,(04)23288582,2025,7,4,11,14,臺中市,霧峰區,0,2,0,7,2,6,50,4,1,1,5,4,6,6,1,1,10,5,5,2,16,2,9,2,1,C03,7,6,1,10,2,14,,11,11,1,13,4,120.708516,24.077816,2
1314,66000,387130000C,(04)23274275,(04)23288582,2025,7,4,11,21,臺中市,豐原區,0,0,0,7,,,50,,,,,,,,,,,,,,,,,,,B03,,,1,,2,,,51,51,1,13,4,120.714416,24.250713,3
1315,66000,387130000C,(04)23274275,(04)23288582,2025,7,4,11,24,臺中市,西區,0,0,0,7,,,50,,,,,,,,,,,,,,17,,,,,C03,,,1,,1,,,15,15,1,13,4,120.666734,24.142367,4
1316,66000,387130000C,(04)23274275,(04)23288582,2025,7,4,11,27,臺中市,大甲區,0,0,0,7,,,50,,,,,,,,,,,,,,13,,,,,B03,,,1,,1,,,84,84,1,6,4,120.620004,24.347436,3
1317,66000,387130000C,(04)23274275,(04)23288582,2025,7,4,11,28,臺中市,西屯區,0,1,0,7,1,6,50,13,9,1,5,4,6,6,3,1,5,4,5,2,12,2,9,1,1,C03,7,9,1,10,1,14,,59,59,1,12,4,120.60372,24.185802,2
1318,66000,387130000C,(04)23274275,(04)23288582,2025,7,4,11,28,臺中市,大肚區,0,0,0,7,,,50,,,,,,,,,,,,,,12,,,,,B13,,,1,,2,,,84,84,1,6,4,120.545408,24.150154,3
1319,66000,387130000C,(04)23274275,(04)23288582,2025,7,4,11,29,臺中市,西屯區,0,2,0,7,2,6,40,13,8,1,5,4,6,6,4,4,5,4,4,2,17,3,10,3,1,B13,7,14,1,8,2,4,,76,76,1,12,4,120.649703,24.175574,2
1320,66000,387130000C,(04)23274275,(04)23288582,2025,7,4,11,34,臺中市,南屯區,0,0,0,7,,,50,,,,,,,,,,,,,,13,,,,,B03,,,1,,1,,,84,84,1,6,4,120.646802,24.146809,3
1321,66000,387130000C,(04)23274275,(04)23288582,2025,7,4,11,34,臺中市,北屯區,0,0,0,7,,,40,,,,,,,,,,,,,,12,,,,,C03,,,1,10,1,,,50,50,1,6,4,120.691503,24.170823,3
1322,66000,387130000C,(04)23274275,(04)23288582,2025,7,4,11,36,臺中市,西區,0,0,0,7,,,50,,,,,,,,,,,,,,14,,,,,B12,,,1,,1,,,49,49,1,12,4,120.655213,24.149203,3
1323,66000,387130000C,(04)23274275,(04)23288582,2025,7,4,11,39,臺中市,南屯區,0,0,0,7,3,6,50,13,8,1,5,4,6,6,4,4,1,4,1,2,12,,,,,B03,,,1,,2,,,50,50,1,12,4,120.622832,24.14686,3
1324,66000,387130000C,(04)23274275,(04)23288582,2025,7,4,11,39,臺中市,北屯區,0,0,0,7,,,50,,,,,,,,,,,,,,,,,,,B03,,,1,,2,,,50,50,1,12,4,120.724534,24.17437,3
1325,66000,387130000C,(04)23274275,(04)23288582,2025,7,4,11,39,臺中市,西屯區,0,0,0,7,,,30,,,,,,,,,,,,,,16,,,,,B03,,,1,,1,,,51,51,1,12,4,120.647537,24.199769,3
1326,66000,387130000C,(04)23274275,(04)23288582,2025,7,4,11,40,臺中市,太平區,0,1,0,7,2,6,50,3,1,1,5,4,6,6,4,4,10,5,5,1,13,2,9,1,1,C03,7,9,5,19,2,11,,59,59,1,12,4,120.704985,24.111587,2
1327,66000,387130000C,(04)23274275,(04)23288582,2025,7,4,11,44,臺中市,北屯區,0,1,0,7,3,6,50,4,1,1,5,4,6,6,4,4,10,5,5,2,15,2,7,2,1,C03,7,9,1,10,2,11,,12,12,1,12,4,120.677518,24.175444,2
1328,66000,387130000C,(04)23274275,(04)23288582,2025,7,4,11,48,臺中市,潭子區,0,3,0,7,2,6,50,4,1,1,5,4,6,6,4,4,10,5,5,2,16,2,9,1,1,C03,7,6,1,10,2,11,,14,14,1,13,4,120.721287,24.196579,2
1329,66000,387130000C,(04)23274275,(04)23288582,2025,7,4,11,48,臺中市,太平區,0,1,0,7,2,6,50,3,2,1,5,4,6,6,4,4,10,5,5,2,14,3,10,5,4,B01,7,2,1,4,2,7,,49,49,1,6,4,120.70252,24.148266,2
1330,66000,387130000C,(04)23274275,(04)23288582,2025,7,4,11,50,臺中市,北屯區,0,0,0,7,,,50,,,,,,,,,,,,,,,,,,,B12,,,1,,9,,,39,39,1,12,4,120.667056,24.180179,3
1331,66000,387130000C,(04)23274275,(04)23288582,2025,7,4,11,54,臺中市,太平區,0,1,0,7,3,6,50,4,1,1,5,4,6,6,1,1,2,4,5,2,16,2,8,2,1,C03,7,6,1,10,2,14,,23,23,1,12,4,120.721444,24.142731,2
1332,66000,387130000C,(04)23274275,(04)23288582,2025,7,4,12,0,臺中市,南屯區,0,0,0,7,,,50,,,,,,,,,,,,,,13,,,,,B03,,,1,,2,,,7,7,1,6,4,120.623286,24.149761,3
1333,66000,387130000C,(04)23274275,(04)23288582,2025,7,4,12,0,臺中市,北屯區,0,0,0,7,,,30,,,,,,,,,,,,,,14,,,,,B12,,,1,,9,,,49,49,1,6,4,120.6721,24.176232,3
1334,66000,387130000C,(04)23274275,(04)23288582,2025,7,4,12,1,臺中市,南區,0,1,0,6,2,6,50,3,1,1,5,4,6,6,4,4,10,5,5,2,13,3,10,3,1,B03,7,9,1,8,2,1,,84,84,1,12,4,120.659248,24.133511,2
1335,66000,387130000C,(04)23274275,(04)23288582,2025,7,4,12,2,臺中市,南屯區,0,0,0,7,3,6,50,13,9,1,5,4,6,6,1,1,3,4,5,2,12,,,,,B03,,,1,,1,,,40,40,1,12,4,120.623195,24.149741,3
1336,66000,387130000C,(04)23274275,(04)23288582,2025,7,4,12,9,臺中市,潭子區,0,0,0,7,,,50,,,,,,,,,,,,,,12,,,,,B03,,,1,,2,,,51,51,1,13,4,120.693661,24.218956,3
1337,66000,387130000C,(04)23274275,(04)23288582,2025,7,4,12,10,臺中市,東區,0,1,0,7,3,6,50,4,9,1,5,4,6,6,4,4,5,5,5,2,16,3,10,5,4,C03,7,6,1,10,2,12,,14,14,1,6,4,120.689817,24.132579,2
1338,66000,387130000C,(04)23274275,(04)23288582,2025,7,4,12,11,臺中市,潭子區,0,1,0,7,2,6,30,5,1,1,5,4,6,6,3,1,10,5,5,2,15,3,10,3,1,B03,7,9,1,8,2,1,,13,13,1,13,4,120.694212,24.221263,2
1339,66000,387130000C,(04)23274275,(04)23288582,2025,7,4,12,14,臺中市,南區,0,0,0,7,,,50,,,,,,,,,,,,,,13,,,,,A31,,,1,,2,,,7,7,1,6,4,120.657407,24.125094,3
1340,66000,387130000C,(04)23274275,(04)23288582,2025,7,4,12,15,臺中市,太平區,0,0,0,7,,,30,,,,,,,,,,,,,,,,,,,B12,,,1,,2,,,49,49,1,12,4,120.72665,24.138127,3
1341,66000,387130000C,(04)23274275,(04)23288582,2025,7,4,12,15,臺中市,烏日區,0,3,0,7,2,6,50,4,1,1,5,4,6,6,1,1,10,5,5,2,12,3,10,1,1,C03,7,6,1,10,2,13,14,48,48,1,6,4,120.644317,24.087617,2
1342,66000,387130000C,(04)23274275,(04)23288582,2025,7,4,12,20,臺中市,西區,0,0,0,7,,,50,,,,,,,,,,,,,,,,,,,,,,,,,,,87,87,1,,,120.660819,24.15796,3
1343,66000,387130000C,(04)23274275,(04)23288582,2025,7,4,12,20,臺中市,豐原區,0,2,0,7,1,6,30,4,1,1,5,4,6,6,4,4,5,4,5,2,17,2,9,1,1,C03,7,9,1,10,2,13,,12,12,1,6,4,120.725343,24.249965,2
1344,66000,387130000C,(04)23274275,(04)23288582,2025,7,4,12,21,臺中市,西區,0,0,0,7,,,50,,,,,,,,,,,,,,,,,,,B03,,,1,,1,,,48,48,1,6,4,120.66097,24.154839,3
1345,66000,387130000C,(04)23274275,(04)23288582,2025,7,4,12,21,臺中市,太平區,0,2,0,7,2,6,50,13,9,1,5,4,6,6,4,4,5,4,5,2,17,2,9,5,4,C03,7,9,1,10,2,11,,7,7,1,6,4,120.710343,24.127357,2
1346,66000,387130000C,(04)23274275,(04)23288582,2025,7,4,12,30,臺中市,北區,0,2,0,7,3,6,50,3,1,1,5,4,6,6,1,1,10,5,5,2,17,2,9,1,1,C03,7,8,1,10,2,14,,40,40,1,12,2,120.680489,24.165365,2