序號,縣市別代碼,機關代碼,市話,傳真,年,月,日,時,分,縣市,區,死亡數量,受傷數量,2-30,天候,道路照明設備,道路類別,道路速限,道路型態,事故位置,路面鋪裝,路面狀態,路面缺陷,障礙物,視距,號誌種類,號誌動作,分向設施,快車道或一般車道間,快慢車道間,路面邊線,事故類型及型態,受傷程度,主要傷處,保護裝備,行動電話或功能裝置,當事者區分(類別),車輛用途,當事者行動狀態,駕照狀態,駕照種類,飲酒情形,車輛撞擊部位最初,車輛撞擊部位其他,肇事因素個別,肇事因素主要,肇事逃逸,職業,共享經濟或外送平台,GPS座標X,GPS座標Y,事故類別
1459,66000,387130000C,(04)23274275,(04)23288582,2025,7,4,16,18,臺中市,外埔區,0,0,0,7,,,50,,,,,,,,,,,,,,16,,,,,C03,,,1,,2,,,48,48,1,13,4,120.638337,24.342048,3
1460,66000,387130000C,(04)23274275,(04)23288582,2025,7,4,16,19,臺中市,龍井區,0,0,0,7,,,30,,,,,,,,,,,,,,,,,,,B03,,,1,,1,,,8,8,1,6,4,120.536163,24.213001,3
1461,66000,387130000C,(04)23274275,(04)23288582,2025,7,4,16,23,臺中市,西屯區,0,0,0,6,,,50,,,,,,,,,,,,,,13,,,,,B12,,,1,,1,,,7,7,1,12,4,120.662399,24.172264,3
1462,66000,387130000C,(04)23274275,(04)23288582,2025,7,4,16,26,臺中市,北屯區,0,0,0,5,,,50,,,,,,,,,,,,,,13,,,,,B03,,,1,,2,,,7,7,1,6,4,120.673378,24.181451,3
1463,66000,387130000C,(04)23274275,(04)23288582,2025,7,4,16,29,臺中市,西屯區,0,0,0,7,,,50,,,,,,,,,,,,,,13,,,,,B03,,,1,,2,,,7,7,1,12,4,120.617889,24.183819,4
1464,66000,387130000C,(04)23274275,(04)23288582,2025,7,4,16,29,臺中市,東勢區,0,0,0,5,,,50,,,,,,,,,,,,,,,,,,,B12,,,1,,2,,,47,47,1,13,4,120.839492,24.206253,3
1465,66000,387130000C,(04)23274275,(04)23288582,2025,7,4,16,30,臺中市,北屯區,0,0,0,7,,,50,,,,,,,,,,,,,,9,,,,,C03,,,1,,1,,,84,84,1,6,4,120.720005,24.175749,4
1466,66000,387130000C,(04)23274275,(04)23288582,2025,7,4,16,31,臺中市,西屯區,0,0,0,7,,,40,,,,,,,,,,,,,,12,,,,,B03,,,1,,1,,,12,12,1,12,4,120.590209,24.17739,3
1467,66000,387130000C,(04)23274275,(04)23288582,2025,7,4,16,39,臺中市,神岡區,0,1,0,6,2,6,30,13,9,1,5,4,6,6,4,4,10,5,5,2,11,2,9,1,1,C03,7,9,1,10,2,14,,41,41,2,13,4,120.659813,24.277345,2
1468,66000,387130000C,(04)23274275,(04)23288582,2025,7,4,16,42,臺中市,潭子區,0,0,0,7,,,50,,,,,,,,,,,,,,,,,,,A12,,,1,,2,,,49,49,1,12,4,120.696775,24.217009,3
1469,66000,387130000C,(04)23274275,(04)23288582,2025,7,4,16,43,臺中市,中區,0,0,0,7,,,50,,,,,,,,,,,,,,,,,,,B03,,,3,,1,,,7,7,1,12,4,120.674635,24.142809,3
1470,66000,387130000C,(04)23274275,(04)23288582,2025,7,4,16,46,臺中市,新社區,0,0,0,5,,,50,,,,,,,,,,,,,,,,,,,B03,,,1,,1,,,7,7,1,12,4,120.797786,24.202537,3
1471,66000,387130000C,(04)23274275,(04)23288582,2025,7,4,16,49,臺中市,西屯區,0,3,0,6,2,6,40,13,8,1,5,4,6,6,4,4,1,5,1,2,12,2,9,2,4,C03,7,4,1,10,2,14,,84,84,1,12,4,120.606567,24.183511,2
1472,66000,387130000C,(04)23274275,(04)23288582,2025,7,4,16,50,臺中市,大雅區,0,0,0,7,,,60,,,,,,,,,,,,,,,,,,,B03,,,1,,1,,,50,50,1,12,4,120.647553,24.220359,3
1473,66000,387130000C,(04)23274275,(04)23288582,2025,7,4,16,50,臺中市,北區,0,1,0,6,2,6,50,13,9,1,4,4,6,6,4,4,10,5,5,2,17,3,10,3,1,B03,7,13,1,10,2,4,,76,76,1,12,4,120.679344,24.149667,2
1474,66000,387130000C,(04)23274275,(04)23288582,2025,7,4,16,50,臺中市,沙鹿區,0,0,0,7,,,50,,,,,,,,,,,,,,11,,,,,B03,,,1,,2,,,8,8,1,6,4,120.565194,24.235678,3
1475,66000,387130000C,(04)23274275,(04)23288582,2025,7,4,16,52,臺中市,太平區,0,2,0,6,2,6,30,4,1,1,5,4,6,6,4,4,10,5,5,2,17,2,9,1,1,C03,7,6,1,10,2,14,,12,12,1,12,4,120.7066,24.123404,2
1476,66000,387130000C,(04)23274275,(04)23288582,2025,7,4,16,57,臺中市,北區,0,1,0,7,2,6,50,4,2,1,5,4,6,6,4,4,2,4,5,2,16,3,10,3,1,B03,7,5,1,8,2,5,,20,20,1,12,4,120.679296,24.167072,2
1477,66000,387130000C,(04)23274275,(04)23288582,2025,7,4,16,59,臺中市,西區,0,0,0,5,,,50,,,,,,,,,,,,,,,,,,,B01,,,,,9,,,84,84,1,12,4,120.672505,24.14372,3
1478,66000,387130000C,(04)23274275,(04)23288582,2025,7,4,17,2,臺中市,大里區,0,1,0,7,3,6,50,4,2,1,5,4,6,6,2,1,3,4,4,1,18,2,9,5,4,C03,7,9,1,10,2,12,,84,84,1,13,4,120.688069,24.095433,2
1479,66000,387130000C,(04)23274275,(04)23288582,2025,7,4,17,8,臺中市,北屯區,0,1,0,7,2,6,50,3,1,1,5,4,6,6,4,4,5,5,4,2,17,3,10,3,1,B12,7,6,1,8,2,4,,8,8,1,12,4,120.683761,24.171107,2
1480,66000,387130000C,(04)23274275,(04)23288582,2025,7,4,17,9,臺中市,梧棲區,0,0,0,7,,,50,,,,,,,,,,,,,,16,,,,,B03,,,1,,1,,,20,20,1,6,4,120.521146,24.234717,3
1481,66000,387130000C,(04)23274275,(04)23288582,2025,7,4,17,10,臺中市,南區,0,0,0,7,,,50,,,,,,,,,,,,,,14,,,,,B02,,,1,,2,,,49,49,1,5,4,120.677785,24.124591,3
1482,66000,387130000C,(04)23274275,(04)23288582,2025,7,4,17,10,臺中市,南屯區,0,0,0,7,,,50,,,,,,,,,,,,,,,,,,,B03,,,1,,1,,,59,59,1,6,4,120.623167,24.145927,3
1483,66000,387130000C,(04)23274275,(04)23288582,2025,7,4,17,12,臺中市,烏日區,0,1,0,7,2,6,50,3,1,1,5,4,6,6,4,4,10,4,5,1,13,2,9,1,1,C03,7,9,1,10,2,11,14,84,84,1,6,4,120.642235,24.068692,2
1484,66000,387130000C,(04)23274275,(04)23288582,2025,7,4,17,13,臺中市,梧棲區,0,1,0,7,3,6,50,4,1,1,5,4,6,6,1,1,10,5,5,2,13,2,9,1,1,C03,7,9,1,10,2,11,,7,7,1,6,4,120.518256,24.238737,2
1485,66000,387130000C,(04)23274275,(04)23288582,2025,7,4,17,16,臺中市,東區,0,2,0,6,2,6,50,3,1,1,5,4,6,6,4,4,9,5,5,2,17,2,9,1,1,C03,7,1,1,10,2,11,,51,51,1,12,4,120.684614,24.133472,2
1486,66000,387130000C,(04)23274275,(04)23288582,2025,7,4,17,18,臺中市,北屯區,0,0,0,5,,,50,,,,,,,,,,,,,,13,,,,,B03,,,1,,1,,,84,84,1,12,4,120.679735,24.200926,3
1487,66000,387130000C,(04)23274275,(04)23288582,2025,7,4,17,19,臺中市,西屯區,0,1,0,5,1,3,50,13,9,1,4,4,6,6,4,4,1,4,5,2,13,2,8,2,4,C02,7,9,1,9,1,11,,7,7,1,12,4,120.62934,24.164191,2
1488,66000,387130000C,(04)23274275,(04)23288582,2025,7,4,17,20,臺中市,西屯區,0,0,0,5,,,50,,,,,,,,,,,,,,,,,,,C03,,,1,,1,,,87,87,1,12,4,120.620605,24.187614,3
1489,66000,387130000C,(04)23274275,(04)23288582,2025,7,4,17,21,臺中市,南屯區,0,1,0,7,2,6,50,13,9,1,5,4,6,6,4,4,5,4,5,2,17,3,10,3,1,B03,7,7,1,8,1,2,,40,40,1,12,4,120.629832,24.147483,2
1490,66000,387130000C,(04)23274275,(04)23288582,2025,7,4,17,21,臺中市,北屯區,0,0,0,6,,,50,,,,,,,,,,,,,,12,,,,,B12,,,1,,1,,,40,40,1,6,4,120.669443,24.177252,3
1491,66000,387130000C,(04)23274275,(04)23288582,2025,7,4,17,21,臺中市,大里區,0,1,0,5,2,6,30,13,9,1,4,4,6,6,4,4,10,5,5,2,12,3,10,2,1,C03,7,7,1,10,2,12,,42,42,1,13,4,120.700901,24.082519,2
1492,66000,387130000C,(04)23274275,(04)23288582,2025,7,4,17,22,臺中市,神岡區,0,0,0,7,,,50,,,,,,,,,,,,,,13,,,,,B03,,,1,,2,,,59,59,1,13,4,120.674372,24.252213,3
1493,66000,387130000C,(04)23274275,(04)23288582,2025,7,4,17,23,臺中市,潭子區,0,0,0,7,,,50,,,,,,,,,,,,,,,,,,,B03,,,5,,2,,,14,14,1,12,4,120.679093,24.221694,3
1494,66000,387130000C,(04)23274275,(04)23288582,2025,7,4,17,25,臺中市,西屯區,0,0,0,7,,,30,,,,,,,,,,,,,,13,,,,,B03,,,1,,1,,,7,7,1,13,4,120.60826,24.162925,3
1495,66000,387130000C,(04)23274275,(04)23288582,2025,7,4,17,28,臺中市,北屯區,0,1,0,5,2,6,50,5,1,1,4,4,6,6,4,4,10,5,5,2,17,3,10,3,1,B03,7,6,1,8,1,8,,84,84,1,6,4,120.685773,24.195212,2
1496,66000,387130000C,(04)23274275,(04)23288582,2025,7,4,17,29,臺中市,神岡區,0,2,0,6,1,6,30,4,1,1,4,4,6,6,4,4,1,5,5,1,15,2,9,1,4,C03,7,9,1,10,2,12,,12,12,1,12,4,120.644079,24.246502,2
1497,66000,387130000C,(04)23274275,(04)23288582,2025,7,4,17,30,臺中市,北區,0,1,0,6,1,6,50,3,12,1,5,4,6,6,4,4,1,4,5,2,17,3,10,5,4,B03,7,8,1,8,2,16,,40,40,1,13,4,120.685887,24.155351,2
1498,66000,387130000C,(04)23274275,(04)23288582,2025,7,4,17,30,臺中市,東區,0,0,0,5,,,50,,,,,,,,,,,,,,17,,,,,B03,,,5,,1,,,50,50,1,13,4,120.690537,24.134614,3
1499,66000,387130000C,(04)23274275,(04)23288582,2025,7,4,17,30,臺中市,南屯區,0,1,0,6,3,6,50,3,1,1,5,4,6,6,4,4,10,5,5,2,16,2,3,3,1,B03,7,6,1,8,1,5,,13,13,1,6,4,120.630792,24.143652,2
1500,66000,387130000C,(04)23274275,(04)23288582,2025,7,4,17,30,臺中市,沙鹿區,0,2,0,5,2,6,50,4,2,1,4,4,6,1,4,4,10,5,5,2,16,2,9,2,1,C03,7,6,1,10,2,11,,48,48,1,5,4,120.579782,24.214413,2
1501,66000,387130000C,(04)23274275,(04)23288582,2025,7,4,17,31,臺中市,大肚區,0,0,0,6,,,50,,,,,,,,,,,,,,13,,,,,B03,,,1,,2,,,7,7,1,12,4,120.582118,24.168338,3
1502,66000,387130000C,(04)23274275,(04)23288582,2025,7,4,17,32,臺中市,東區,0,0,0,5,,,50,,,,,,,,,,,,,,12,,,,,C03,,,1,,1,,,84,84,1,12,4,120.700004,24.141653,3
1503,66000,387130000C,(04)23274275,(04)23288582,2025,7,4,17,33,臺中市,西屯區,0,0,0,6,,,50,,,,,,,,,,,,,,13,,,,,B03,,,1,,1,,,7,7,1,12,4,120.62904,24.163157,3
1504,66000,387130000C,(04)23274275,(04)23288582,2025,7,4,17,34,臺中市,潭子區,0,1,0,5,2,6,30,4,1,1,4,4,6,6,4,4,10,5,5,2,8,3,10,3,1,B03,7,5,1,8,2,2,,84,84,1,13,4,120.700419,24.194323,2
1505,66000,387130000C,(04)23274275,(04)23288582,2025,7,4,17,35,臺中市,西屯區,0,0,0,7,,,30,,,,,,,,,,,,,,11,,,,,B03,,,1,,1,,,8,8,1,12,4,120.595947,24.194406,3
1506,66000,387130000C,(04)23274275,(04)23288582,2025,7,4,17,35,臺中市,西屯區,0,0,0,5,,,40,,,,,,,,,,,,,,13,,,,,B02,,,1,,1,,,56,56,1,13,4,120.656728,24.158506,3
1507,66000,387130000C,(04)23274275,(04)23288582,2025,7,4,17,36,臺中市,北區,0,0,0,5,,,50,,,,,,,,,,,,,,17,,,,,B03,,,1,,1,,,51,51,1,12,4,120.688697,24.152433,3
1508,66000,387130000C,(04)23274275,(04)23288582,2025,7,4,17,36,臺中市,西屯區,0,0,0,5,,,50,,,,,,,,,,,,,,,,,,,B02,,,1,,9,,,8,8,1,12,4,120.635472,24.172211,3
1509,66000,387130000C,(04)23274275,(04)23288582,2025,7,4,17,36,臺中市,沙鹿區,0,0,0,7,,,60,,,,,,,,,,,,,,12,,,,,B03,,,1,,2,,,20,20,1,6,4,120.590592,24.250111,3
1510,66000,387130000C,(04)23274275,(04)23288582,2025,7,4,17,37,臺中市,大雅區,0,0,0,7,,,50,,,,,,,,,,,,,,,,,,,B03,,,1,,1,,,49,49,1,13,4,120.65013,24.220509,3
1511,66000,387130000C,(04)23274275,(04)23288582,2025,7,4,17,37,臺中市,北區,0,1,0,7,2,6,50,13,9,1,4,4,6,6,4,4,3,4,5,2,17,3,10,3,1,B03,7,1,1,8,2,16,,51,51,1,13,4,120.69218,24.160493,2
1512,66000,387130000C,(04)23274275,(04)23288582,2025,7,4,17,40,臺中市,大雅區,0,1,0,5,2,6,30,4,1,1,4,4,6,6,4,4,10,4,5,1,17,3,10,1,1,C03,7,9,1,10,2,12,,12,12,1,12,4,120.660792,24.213801,2
1513,66000,387130000C,(04)23274275,(04)23288582,2025,7,4,17,40,臺中市,南屯區,0,0,0,5,,,50,,,,,,,,,,,,,,,,,,,B03,,,1,,2,,,85,85,1,6,4,120.653258,24.128767,3
1514,66000,387130000C,(04)23274275,(04)23288582,2025,7,4,17,40,臺中市,太平區,0,0,0,5,,,80,,,,,,,,,,,,,,,,,,,B12,,,1,,1,,,7,7,1,12,4,120.714272,24.148696,3
1515,66000,387130000C,(04)23274275,(04)23288582,2025,7,4,17,42,臺中市,南區,0,0,0,7,,,50,,,,,,,,,,,,,,17,,,,,B03,,,1,,1,,,7,7,1,12,4,120.681897,24.133974,3
1516,66000,387130000C,(04)23274275,(04)23288582,2025,7,4,17,42,臺中市,太平區,0,1,0,7,2,6,50,3,1,1,5,4,6,6,4,4,10,5,5,2,17,2,8,2,1,C03,7,1,1,10,2,14,,51,51,1,12,4,120.717699,24.123038,2
1517,66000,387130000C,(04)23274275,(04)23288582,2025,7,4,17,43,臺中市,西區,0,0,0,5,,,50,,,,,,,,,,,,,,16,,,,,B03,,,1,,1,,,11,11,1,13,4,120.675464,24.141765,3
1518,66000,387130000C,(04)23274275,(04)23288582,2025,7,4,17,44,臺中市,南屯區,0,0,0,6,,,50,,,,,,,,,,,,,,17,,,,,B03,,,1,,1,,,84,84,1,13,4,120.638709,24.148754,3
1519,66000,387130000C,(04)23274275,(04)23288582,2025,7,4,17,46,臺中市,梧棲區,0,1,0,5,3,6,40,4,1,1,4,4,6,6,1,1,10,5,5,2,18,2,9,1,1,C03,7,5,1,10,2,16,,87,87,1,6,4,120.531382,24.26855,2
1520,66000,387130000C,(04)23274275,(04)23288582,2025,7,4,17,48,臺中市,大里區,0,0,0,5,2,6,40,13,8,1,4,4,6,6,1,1,5,5,4,2,17,,,,,B03,,,1,,1,,,50,50,1,13,4,120.676794,24.106399,3
1521,66000,387130000C,(04)23274275,(04)23288582,2025,7,4,17,49,臺中市,龍井區,0,1,0,5,1,6,40,4,1,1,4,4,6,6,1,1,10,5,5,2,18,2,9,1,1,C03,7,9,1,10,2,12,,84,84,1,6,4,120.532749,24.220404,2
1522,66000,387130000C,(04)23274275,(04)23288582,2025,7,4,17,50,臺中市,潭子區,0,0,0,5,,,10,,,,,,,,,,,,,,,,,,,B03,,,1,,2,,,20,20,1,12,4,120.6857,24.20951,3
1523,66000,387130000C,(04)23274275,(04)23288582,2025,7,4,17,50,臺中市,沙鹿區,0,2,0,5,2,6,15,13,9,4,4,4,6,6,4,4,10,5,5,2,17,2,9,2,1,C03,7,9,1,10,2,12,,82,82,1,6,4,120.554845,24.231575,2
1524,66000,387130000C,(04)23274275,(04)23288582,2025,7,4,17,53,臺中市,南區,0,0,0,5,,,50,,,,,,,,,,,,,,13,,,,,B03,,,1,,1,,,7,7,1,13,4,120.648927,24.119292,3
1525,66000,387130000C,(04)23274275,(04)23288582,2025,7,4,17,55,臺中市,南屯區,0,0,0,6,,,40,,,,,,,,,,,,,,17,,,,,B03,,,1,,1,,,8,8,1,6,4,120.650696,24.153755,3
1526,66000,387130000C,(04)23274275,(04)23288582,2025,7,4,17,56,臺中市,南屯區,0,1,0,5,2,6,50,4,2,1,3,4,6,6,4,4,10,4,5,2,17,3,10,3,1,B03,7,5,1,8,2,1,,14,14,1,12,4,120.63712,24.116684,2
1527,66000,387130000C,(04)23274275,(04)23288582,2025,7,4,17,56,臺中市,太平區,0,1,0,5,1,6,50,4,1,1,4,4,6,6,2,1,10,5,5,2,16,3,10,3,1,B03,7,6,1,8,2,6,,11,11,1,12,4,120.7139,24.145009,2
1528,66000,387130000C,(04)23274275,(04)23288582,2025,7,4,17,56,臺中市,龍井區,0,1,0,5,2,6,40,4,1,1,4,4,6,6,2,1,10,5,5,2,18,2,9,1,1,C03,7,5,1,10,2,12,,84,84,1,6,4,120.546474,24.196656,2
1529,66000,387130000C,(04)23274275,(04)23288582,2025,7,4,17,59,臺中市,南區,0,0,0,7,,,30,,,,,,,,,,,,,,17,,,,,,,,,,,,,86,86,1,,,120.674732,24.129285,3
1530,66000,387130000C,(04)23274275,(04)23288582,2025,7,4,18,5,臺中市,沙鹿區,0,0,0,5,,,50,,,,,,,,,,,,,,14,,,,,B03,,,1,,2,,,49,49,1,6,4,120.56996,24.228418,3
1531,66000,387130000C,(04)23274275,(04)23288582,2025,7,4,18,6,臺中市,潭子區,0,2,0,5,2,6,60,3,2,1,4,4,6,6,2,1,1,4,4,1,18,2,9,2,1,C03,7,9,1,10,2,16,,59,59,1,13,4,120.704429,24.204695,2
1532,66000,387130000C,(04)23274275,(04)23288582,2025,7,4,18,6,臺中市,霧峰區,0,1,0,7,3,6,50,4,1,1,5,4,6,6,1,1,3,4,3,1,12,3,10,5,4,C03,7,9,1,10,2,12,,84,84,1,13,4,120.664285,24.083018,2
1533,66000,387130000C,(04)23274275,(04)23288582,2025,7,4,18,7,臺中市,西區,0,0,0,5,,,30,,,,,,,,,,,,,,,,,,,C03,,,1,,9,,,87,87,1,12,4,120.659683,24.148731,3
1534,66000,387130000C,(04)23274275,(04)23288582,2025,7,4,18,7,臺中市,北區,0,0,0,5,,,50,,,,,,,,,,,,,,17,,,,,C03,,,3,,1,,,51,51,1,13,4,120.673297,24.166245,3
1535,66000,387130000C,(04)23274275,(04)23288582,2025,7,4,18,10,臺中市,南屯區,0,1,0,5,1,6,50,5,1,1,4,4,6,6,3,1,10,5,5,2,11,3,10,5,4,B03,7,9,1,8,2,1,,21,21,1,13,4,120.612267,24.150712,2
1536,66000,387130000C,(04)23274275,(04)23288582,2025,7,4,18,10,臺中市,南屯區,0,0,0,5,,,50,,,,,,,,,,,,,,,,,,,B03,,,1,,1,,,49,49,1,6,4,120.614205,24.139,4
1537,66000,387130000C,(04)23274275,(04)23288582,2025,7,4,18,10,臺中市,北屯區,0,0,0,7,,,50,,,,,,,,,,,,,,14,,,,,B03,,,1,,2,,,49,49,1,12,4,120.683559,24.183642,3
1538,66000,387130000C,(04)23274275,(04)23288582,2025,7,4,18,11,臺中市,潭子區,0,0,0,5,,,50,,,,,,,,,,,,,,,,,,,B03,,,1,,2,,,8,8,1,13,4,120.712186,24.199091,3
1539,66000,387130000C,(04)23274275,(04)23288582,2025,7,4,18,13,臺中市,霧峰區,0,0,0,5,,,50,,,,,,,,,,,,,,16,,,,,B02,,,1,,2,,,14,14,1,12,4,120.709402,24.079617,3
1540,66000,387130000C,(04)23274275,(04)23288582,2025,7,4,18,15,臺中市,西屯區,0,0,0,5,1,6,50,13,9,1,4,4,6,6,4,4,5,5,5,2,14,,,,,C03,,,1,,1,,,49,49,1,12,4,120.640974,24.170704,3
1541,66000,387130000C,(04)23274275,(04)23288582,2025,7,4,18,16,臺中市,北屯區,0,0,0,5,,,50,,,,,,,,,,,,,,13,,,,,C03,,,1,,2,,,7,7,1,12,4,120.687269,24.17306,3
1542,66000,387130000C,(04)23274275,(04)23288582,2025,7,4,18,16,臺中市,西屯區,0,0,0,7,,,30,,,,,,,,,,,,,,14,,,,,B03,,,1,,1,,,49,49,1,13,4,120.639959,24.177352,3
1543,66000,387130000C,(04)23274275,(04)23288582,2025,7,4,18,19,臺中市,梧棲區,0,1,0,5,1,6,40,13,8,1,4,4,6,6,4,4,1,4,1,1,13,2,8,1,1,C03,7,9,1,10,2,11,,7,7,1,6,4,120.543409,24.247645,2
1544,66000,387130000C,(04)23274275,(04)23288582,2025,7,4,18,20,臺中市,中區,0,1,0,6,1,6,50,4,1,1,5,4,6,6,1,1,10,5,5,2,13,2,8,1,1,C03,7,9,1,10,2,11,,7,7,1,12,4,120.677239,24.140214,2
1545,66000,387130000C,(04)23274275,(04)23288582,2025,7,4,18,20,臺中市,豐原區,0,0,0,5,,,50,,,,,,,,,,,,,,17,,,,,B03,,,1,,2,,,84,84,1,12,4,120.704594,24.248733,3
1546,66000,387130000C,(04)23274275,(04)23288582,2025,7,4,18,20,臺中市,豐原區,0,0,0,5,,,50,,,,,,,,,,,,,,17,,,,,B03,,,1,,2,,,49,49,1,13,4,120.733585,24.256965,3
1547,66000,387130000C,(04)23274275,(04)23288582,2025,7,4,18,23,臺中市,烏日區,0,1,0,5,1,6,50,4,1,1,4,4,6,6,1,1,10,5,5,2,17,3,10,5,4,B03,7,5,1,8,2,6,,11,11,1,6,4,120.64545,24.057853,2
1548,66000,387130000C,(04)23274275,(04)23288582,2025,7,4,18,25,臺中市,北區,0,0,0,5,,,50,,,,,,,,,,,,,,17,,,,,C03,,,1,,1,,,59,59,1,12,4,120.671762,24.171706,3
1549,66000,387130000C,(04)23274275,(04)23288582,2025,7,4,18,26,臺中市,潭子區,0,0,0,5,,,0,,,,,,,,,,,,,,,,,,,C03,,,1,,2,,,39,39,1,12,4,120.689656,24.221554,3
1550,66000,387130000C,(04)23274275,(04)23288582,2025,7,4,18,26,臺中市,清水區,0,0,0,5,1,6,50,13,9,1,5,4,6,6,4,4,8,3,5,2,14,,,,,B03,,,,,9,,,49,49,1,12,4,120.542225,24.266887,3
1551,66000,387130000C,(04)23274275,(04)23288582,2025,7,4,18,29,臺中市,東區,0,0,0,5,,,50,,,,,,,,,,,,,,17,,,,,B03,,,1,,2,,,84,,1,6,4,120.686081,24.138093,3
1552,66000,387130000C,(04)23274275,(04)23288582,2025,7,4,18,29,臺中市,南屯區,0,0,0,5,,,50,,,,,,,,,,,,,,,,,,,B03,,,1,,1,,,51,51,1,12,4,120.64989,24.146809,3
1553,66000,387130000C,(04)23274275,(04)23288582,2025,7,4,18,31,臺中市,梧棲區,0,0,0,5,,,50,,,,,,,,,,,,,,13,,,,,B03,,,1,,1,,,7,7,1,6,4,120.538546,24.257719,3
1554,66000,387130000C,(04)23274275,(04)23288582,2025,7,4,18,32,臺中市,北屯區,0,1,0,5,1,6,50,4,1,1,4,4,6,6,4,4,10,5,5,2,15,2,9,1,1,C03,7,9,1,10,2,12,,12,12,1,4,4,120.725296,24.170671,2
1555,66000,387130000C,(04)23274275,(04)23288582,2025,7,4,18,33,臺中市,西區,0,1,0,7,1,6,50,13,9,1,4,4,6,6,1,1,10,5,5,1,17,3,10,5,4,B03,7,5,1,8,2,16,,84,84,1,12,4,120.664298,24.150856,2
1556,66000,387130000C,(04)23274275,(04)23288582,2025,7,4,18,33,臺中市,神岡區,0,1,0,5,1,6,50,3,1,1,4,4,6,6,1,1,5,5,5,1,17,3,10,5,4,B03,7,6,1,8,2,1,,59,59,1,12,4,120.648231,24.258229,2
1557,66000,387130000C,(04)23274275,(04)23288582,2025,7,4,18,34,臺中市,北區,0,2,0,5,1,6,50,4,1,1,4,4,6,6,2,1,10,5,5,2,17,2,9,1,1,C03,7,9,1,10,2,14,,87,87,1,13,4,120.664186,24.162087,2
1558,66000,387130000C,(04)23274275,(04)23288582,2025,7,4,18,39,臺中市,北區,0,1,0,5,1,6,40,4,1,1,4,4,6,6,1,1,1,4,4,2,15,3,10,1,1,C03,7,9,1,10,2,12,,21,21,1,12,4,120.684947,24.163897,2
1559,66000,387130000C,(04)23274275,(04)23288582,2025,7,4,18,39,臺中市,西屯區,0,0,0,5,,,60,,,,,,,,,,,,,,12,,,,,B03,,,1,,1,,,8,8,1,12,4,120.644164,24.201417,3
1560,66000,387130000C,(04)23274275,(04)23288582,2025,7,4,18,40,臺中市,西屯區,0,1,0,5,1,6,50,13,9,1,4,4,6,6,4,4,4,3,5,1,18,2,9,2,4,C03,7,9,1,9,2,12,,84,84,1,12,4,120.655782,24.171523,2
1561,66000,387130000C,(04)23274275,(04)23288582,2025,7,4,18,43,臺中市,西屯區,0,0,0,5,,,50,,,,,,,,,,,,,,17,,,,,B03,,,1,,1,,,78,78,1,13,4,120.606761,24.192707,3
1562,66000,387130000C,(04)23274275,(04)23288582,2025,7,4,18,45,臺中市,北屯區,0,1,0,5,1,6,50,13,9,1,4,4,6,6,4,4,1,4,5,2,13,2,9,1,1,C03,7,9,1,10,2,11,,7,7,1,6,4,120.685019,24.168812,2
1563,66000,387130000C,(04)23274275,(04)23288582,2025,7,4,18,47,臺中市,西區,0,0,0,6,,,50,,,,,,,,,,,,,,17,,,,,B03,,,3,,2,,,48,48,1,13,4,120.659687,24.157317,3
1564,66000,387130000C,(04)23274275,(04)23288582,2025,7,4,18,47,臺中市,西屯區,0,0,0,5,,,30,,,,,,,,,,,,,,15,,,,,C02,,,1,,1,,,15,15,1,12,2,120.63926,24.180533,3
1565,66000,387130000C,(04)23274275,(04)23288582,2025,7,4,18,52,臺中市,北區,0,0,0,5,,,50,,,,,,,,,,,,,,12,,,,,B03,,,1,,1,,,8,8,1,13,4,120.676915,24.165627,3
1566,66000,387130000C,(04)23274275,(04)23288582,2025,7,4,18,52,臺中市,南屯區,0,0,0,5,,,50,,,,,,,,,,,,,,17,,,,,B03,,,1,,1,,,84,84,1,12,4,120.632332,24.15302,3
1567,66000,387130000C,(04)23274275,(04)23288582,2025,7,4,18,55,臺中市,北屯區,0,1,0,5,3,6,50,3,1,1,4,4,6,5,1,1,10,5,5,2,3,3,10,3,1,B03,7,5,1,8,2,1,,10,10,1,6,4,120.665997,24.186658,2
1568,66000,387130000C,(04)23274275,(04)23288582,2025,7,4,18,55,臺中市,后里區,0,0,0,5,,6,30,13,9,1,4,3,6,6,4,4,10,5,5,2,30,,,,,C03,,,1,,1,,,59,59,1,6,4,120.677551,24.304875,3
1569,66000,387130000C,(04)23274275,(04)23288582,2025,7,4,18,55,臺中市,神岡區,0,0,0,7,,,50,,,,,,,,,,,,,,13,,,,,B12,,,1,,2,,,84,84,1,13,4,120.687074,24.246997,3
1570,66000,387130000C,(04)23274275,(04)23288582,2025,7,4,18,56,臺中市,潭子區,0,0,0,5,,,50,,,,,,,,,,,,,,,,,,,B03,,,1,,2,,,84,84,1,13,4,120.710828,24.207226,3
1571,66000,387130000C,(04)23274275,(04)23288582,2025,7,4,18,57,臺中市,豐原區,0,1,0,5,1,6,50,3,1,1,4,4,6,6,2,1,1,4,4,1,13,2,9,1,1,C03,7,9,1,10,2,11,,7,7,1,12,4,120.711172,24.239632,2
1572,66000,387130000C,(04)23274275,(04)23288582,2025,7,4,18,59,臺中市,南屯區,0,1,0,5,1,6,50,4,1,1,4,4,6,6,1,1,10,5,5,2,11,3,10,5,4,C03,7,9,3,19,9,14,,21,21,1,13,4,120.614854,24.145286,2