序號,縣市別代碼,機關代碼,市話,傳真,年,月,日,時,分,縣市,區,死亡數量,受傷數量,2-30,天候,道路照明設備,道路類別,道路速限,道路型態,事故位置,路面鋪裝,路面狀態,路面缺陷,障礙物,視距,號誌種類,號誌動作,分向設施,快車道或一般車道間,快慢車道間,路面邊線,事故類型及型態,受傷程度,主要傷處,保護裝備,行動電話或功能裝置,當事者區分(類別),車輛用途,當事者行動狀態,駕照狀態,駕照種類,飲酒情形,車輛撞擊部位最初,車輛撞擊部位其他,肇事因素個別,肇事因素主要,肇事逃逸,職業,共享經濟或外送平台,GPS座標X,GPS座標Y,事故類別
1685,66000,387130000C,(04)23274275,(04)23288582,2025,7,5,7,0,臺中市,大里區,0,0,0,7,,,50,,,,,,,,,,,,,,17,,,,,C03,,,1,,2,,,7,7,1,12,4,120.698961,24.110129,3
1686,66000,387130000C,(04)23274275,(04)23288582,2025,7,5,7,2,臺中市,大里區,0,1,0,7,2,6,50,3,1,1,5,4,6,6,1,1,10,5,5,2,16,2,9,1,1,C03,7,9,1,10,2,12,,59,59,1,12,4,120.729718,24.091709,2
1687,66000,387130000C,(04)23274275,(04)23288582,2025,7,5,7,6,臺中市,太平區,0,0,0,7,,,40,,,,,,,,,,,,,,12,,,,,B03,,,1,,2,,,50,50,1,12,4,120.725275,24.149842,3
1688,66000,387130000C,(04)23274275,(04)23288582,2025,7,5,7,32,臺中市,烏日區,0,2,0,7,3,6,40,13,8,1,5,4,6,6,4,4,10,5,3,1,12,2,9,1,1,C03,7,9,1,10,2,11,,7,7,1,6,4,120.617011,24.102755,2
1689,66000,387130000C,(04)23274275,(04)23288582,2025,7,5,7,37,臺中市,東勢區,0,0,0,7,,,60,,,,,,,,,,,,,,17,,,,,B03,,,1,,1,,,13,13,1,13,4,120.833696,24.241035,3
1690,66000,387130000C,(04)23274275,(04)23288582,2025,7,5,7,45,臺中市,南區,0,2,0,7,3,6,50,4,1,1,5,4,6,6,2,1,1,4,4,2,12,2,9,2,1,C03,7,7,1,10,2,11,,40,40,1,6,4,120.656497,24.113823,2
1691,66000,387130000C,(04)23274275,(04)23288582,2025,7,5,7,45,臺中市,神岡區,0,0,0,7,,,50,,,,,,,,,,,,,,16,,,,,B03,,,1,,2,,,20,20,1,13,4,120.652554,24.25868,3
1692,66000,387130000C,(04)23274275,(04)23288582,2025,7,5,7,47,臺中市,北屯區,0,0,0,7,,,40,,,,,,,,,,,,,,12,,,,,B03,,,1,,9,,,50,50,1,12,4,120.718199,24.16992,3
1693,66000,387130000C,(04)23274275,(04)23288582,2025,7,5,7,53,臺中市,大甲區,0,1,0,7,3,6,50,4,1,1,5,4,6,6,4,4,10,5,5,2,15,3,10,3,1,B03,7,9,1,8,2,2,,15,15,1,6,4,120.620697,24.37619,2
1694,66000,387130000C,(04)23274275,(04)23288582,2025,7,5,7,59,臺中市,北屯區,0,2,0,7,2,6,50,4,1,1,5,4,6,6,1,1,10,5,5,2,16,2,9,1,1,C03,7,6,1,10,2,11,,11,11,1,6,4,120.66829,24.196678,2
1695,66000,387130000C,(04)23274275,(04)23288582,2025,7,5,8,5,臺中市,北屯區,0,0,0,7,,,50,,,,,,,,,,,,,,12,,,,,B12,,,1,8,2,,,84,84,1,6,4,120.725439,24.178998,3
1696,66000,387130000C,(04)23274275,(04)23288582,2025,7,5,8,9,臺中市,大雅區,0,0,0,7,,,0,,,,,,,,,,,,,,,,,,,B03,,,1,,1,,,49,49,1,12,4,120.650374,24.243677,3
1697,66000,387130000C,(04)23274275,(04)23288582,2025,7,5,8,18,臺中市,梧棲區,0,0,0,7,,,30,,,,,,,,,,,,,,14,,,,,B03,,,1,,2,,,49,49,1,12,4,120.528761,24.257604,3
1698,66000,387130000C,(04)23274275,(04)23288582,2025,7,5,8,33,臺中市,北區,0,2,0,7,3,6,50,3,1,1,5,4,6,6,4,4,5,4,5,2,17,2,9,1,1,C03,7,6,1,10,2,12,,11,11,1,12,4,120.686684,24.147879,2
1699,66000,387130000C,(04)23274275,(04)23288582,2025,7,5,8,36,臺中市,清水區,0,1,0,7,3,6,30,3,1,1,5,4,6,6,4,4,10,5,5,2,18,2,7,1,1,C03,7,15,1,10,2,14,,58,58,1,12,4,120.5794,24.273904,2
1700,66000,387130000C,(04)23274275,(04)23288582,2025,7,5,8,40,臺中市,沙鹿區,0,1,0,7,3,6,50,4,1,1,5,4,6,6,4,4,10,5,5,2,16,3,10,1,1,C03,7,6,1,10,2,11,,14,14,1,6,4,120.566632,24.236232,2
1701,66000,387130000C,(04)23274275,(04)23288582,2025,7,5,8,46,臺中市,西屯區,0,0,0,7,,,30,,,,,,,,,,,,,,,,,,,B12,,,1,4,9,,,49,49,1,12,4,120.614975,24.178032,3
1702,66000,387130000C,(04)23274275,(04)23288582,2025,7,5,8,48,臺中市,西屯區,0,0,0,7,,,60,,,,,,,,,,,,,,13,,,,,B03,,,1,,1,,,51,51,1,13,4,120.614123,24.183851,3
1703,66000,387130000C,(04)23274275,(04)23288582,2025,7,5,8,49,臺中市,大里區,0,0,0,7,3,6,50,11,7,1,5,4,6,6,4,4,5,5,4,2,17,,,,,B03,,,1,,2,,,39,39,1,12,4,120.69232,24.114966,3
1704,66000,387130000C,(04)23274275,(04)23288582,2025,7,5,8,52,臺中市,豐原區,0,0,0,7,2,6,50,13,9,1,5,4,6,6,4,4,1,4,5,2,12,3,10,3,1,B03,7,9,1,8,2,4,,56,56,1,12,4,120.713939,24.245063,3
1705,66000,387130000C,(04)23274275,(04)23288582,2025,7,5,8,59,臺中市,東區,0,1,0,7,3,6,50,3,19,1,5,4,6,6,1,1,10,5,5,2,3,3,10,1,1,C04,7,6,1,11,2,11,,10,10,1,6,4,120.692354,24.149954,2
1706,66000,387130000C,(04)23274275,(04)23288582,2025,7,5,9,0,臺中市,北屯區,0,0,0,7,,,50,,,,,,,,,,,,,,9,,,,,C03,,,1,,1,,,14,14,1,6,4,120.741323,24.179846,3
1707,66000,387130000C,(04)23274275,(04)23288582,2025,7,5,9,1,臺中市,北區,0,1,0,7,2,6,50,13,9,1,5,4,6,6,4,4,5,5,5,2,12,2,9,1,1,C03,7,9,1,10,2,14,,8,8,1,12,4,120.682412,24.1635,2
1708,66000,387130000C,(04)23274275,(04)23288582,2025,7,5,9,1,臺中市,豐原區,0,0,0,7,,,50,,,,,,,,,,,,,,17,,,,,B03,,,1,,2,,,50,50,1,13,4,120.719692,24.249434,3
1709,66000,387130000C,(04)23274275,(04)23288582,2025,7,5,9,17,臺中市,西區,0,1,0,7,2,6,50,3,1,1,5,4,6,6,1,1,10,5,5,2,8,3,10,5,4,B03,7,2,1,8,1,7,,49,49,2,13,4,120.657387,24.152526,2
1710,66000,387130000C,(04)23274275,(04)23288582,2025,7,5,9,18,臺中市,大雅區,0,1,0,7,3,6,50,4,2,1,5,4,6,6,1,1,5,2,5,1,17,2,9,1,1,C04,7,9,1,10,2,14,,7,7,1,12,4,120.648324,24.226815,2
1711,66000,387130000C,(04)23274275,(04)23288582,2025,7,5,9,22,臺中市,南區,0,0,0,7,,,50,,,,,,,,,,,,,,,,,,,B12,,,1,,1,,,51,51,1,6,4,120.655586,24.129328,3
1712,66000,387130000C,(04)23274275,(04)23288582,2025,7,5,9,24,臺中市,南屯區,0,0,0,7,,,40,,,,,,,,,,,,,,17,,,,,B03,,,1,,1,,,8,8,1,12,4,120.632466,24.138849,3
1713,66000,387130000C,(04)23274275,(04)23288582,2025,7,5,9,28,臺中市,大里區,0,2,0,7,2,6,50,4,1,1,5,4,6,6,1,1,10,5,5,2,17,2,9,1,1,C03,7,11,1,10,2,11,,84,84,1,12,4,120.679029,24.115286,2
1714,66000,387130000C,(04)23274275,(04)23288582,2025,7,5,9,28,臺中市,大甲區,0,1,0,7,2,6,50,4,1,1,5,4,6,6,1,1,5,5,5,1,13,2,9,1,1,C03,7,9,1,10,2,11,,7,7,1,12,4,120.626588,24.344635,2
1715,66000,387130000C,(04)23274275,(04)23288582,2025,7,5,9,30,臺中市,沙鹿區,0,0,0,7,2,6,50,13,9,1,5,3,1,6,4,4,4,4,4,1,24,,,,,B03,,,1,,2,,,84,84,1,12,4,120.570804,24.242697,3
1716,66000,387130000C,(04)23274275,(04)23288582,2025,7,5,9,36,臺中市,西區,0,0,0,7,,,60,,,,,,,,,,,,,,,,,,,B03,,,1,,1,,,59,59,1,6,4,120.665769,24.153339,3
1717,66000,387130000C,(04)23274275,(04)23288582,2025,7,5,9,37,臺中市,北屯區,0,1,0,7,2,6,50,4,1,1,5,4,6,6,2,1,10,5,5,2,3,3,10,5,4,B12,7,9,1,8,3,1,,21,21,1,12,4,120.693242,24.183023,2
1718,66000,387130000C,(04)23274275,(04)23288582,2025,7,5,9,43,臺中市,北屯區,0,1,0,7,2,6,30,3,1,1,5,4,6,6,4,4,10,5,5,2,16,3,10,3,1,B03,7,6,1,8,2,8,,12,12,1,12,4,120.710992,24.174791,2
1719,66000,387130000C,(04)23274275,(04)23288582,2025,7,5,9,44,臺中市,潭子區,0,2,0,7,2,6,50,4,1,1,5,4,6,6,4,4,5,5,5,2,16,2,9,6,1,F01,7,6,7,21,1,11,,48,48,1,13,4,120.707996,24.214526,2
1720,66000,387130000C,(04)23274275,(04)23288582,2025,7,5,9,44,臺中市,西屯區,0,1,0,7,2,6,50,13,9,1,5,4,6,6,4,4,5,5,5,2,12,3,10,1,1,C03,7,15,1,10,2,12,,42,42,1,12,4,120.638231,24.180505,2
1721,66000,387130000C,(04)23274275,(04)23288582,2025,7,5,9,46,臺中市,北屯區,0,0,0,7,,,50,,,,,,,,,,,,,,,,,,,C03,,,1,,2,,,85,85,1,13,4,120.782902,24.203934,4
1722,66000,387130000C,(04)23274275,(04)23288582,2025,7,5,9,48,臺中市,大肚區,0,1,0,7,3,6,30,13,9,1,4,4,6,6,4,4,10,5,5,1,18,2,9,2,1,C03,7,9,1,10,2,14,,59,59,1,6,4,120.54078,24.149363,2
1723,66000,387130000C,(04)23274275,(04)23288582,2025,7,5,9,49,臺中市,東區,0,1,0,7,2,6,50,3,1,1,5,4,6,6,1,1,10,5,5,2,13,3,10,3,1,B12,7,9,1,7,2,1,,7,7,1,12,4,120.685897,24.135723,2
1724,66000,387130000C,(04)23274275,(04)23288582,2025,7,5,9,54,臺中市,北屯區,0,1,0,7,2,6,50,4,2,1,5,4,6,6,1,1,4,5,4,2,12,2,9,1,1,C03,7,6,1,10,2,14,,48,48,1,12,4,120.680479,24.196941,2
1725,66000,387130000C,(04)23274275,(04)23288582,2025,7,5,9,55,臺中市,龍井區,0,1,0,7,3,6,50,4,1,1,5,4,6,6,4,4,10,5,5,2,15,3,10,3,1,B03,7,9,1,8,2,5,,6,6,1,6,4,120.52075,24.202784,2
1726,66000,387130000C,(04)23274275,(04)23288582,2025,7,5,9,56,臺中市,南屯區,0,0,0,7,,,60,,,,,,,,,,,,,,13,,,,,B03,,,1,,1,,,7,7,1,12,4,120.639006,24.14175,3
1727,66000,387130000C,(04)23274275,(04)23288582,2025,7,5,10,0,臺中市,西屯區,0,0,0,7,,,50,,,,,,,,,,,,,,,,,,,C03,,,1,,1,,,8,8,1,13,4,120.666755,24.175127,4
1728,66000,387130000C,(04)23274275,(04)23288582,2025,7,5,10,2,臺中市,北區,0,0,0,7,,,50,,,,,,,,,,,,,,17,,,,,C03,,,1,,1,,,50,50,1,12,4,120.668455,24.167142,3
1729,66000,387130000C,(04)23274275,(04)23288582,2025,7,5,10,3,臺中市,大里區,0,2,0,7,2,6,50,3,7,1,5,4,6,6,4,4,5,4,4,2,12,2,9,1,1,C03,7,9,1,10,2,13,,39,39,1,12,4,120.690906,24.112441,2
1730,66000,387130000C,(04)23274275,(04)23288582,2025,7,5,10,4,臺中市,豐原區,0,1,0,7,3,6,30,13,9,1,5,4,6,6,4,4,10,5,5,2,17,3,10,5,1,B03,7,15,1,8,2,4,,76,76,1,13,4,120.70804,24.246261,2
1731,66000,387130000C,(04)23274275,(04)23288582,2025,7,5,10,6,臺中市,大里區,0,1,0,7,2,6,50,4,1,1,5,4,6,6,1,1,10,5,5,2,17,2,9,1,1,C03,7,9,1,10,2,12,,21,21,1,12,4,120.665532,24.096973,2
1732,66000,387130000C,(04)23274275,(04)23288582,2025,7,5,10,8,臺中市,西屯區,0,1,0,7,3,6,50,13,8,1,5,4,6,6,4,4,9,5,4,2,17,3,10,5,4,B03,7,1,1,8,2,3,,51,51,1,13,4,120.640595,24.161115,2
1733,66000,387130000C,(04)23274275,(04)23288582,2025,7,5,10,10,臺中市,北屯區,0,1,0,7,2,6,50,4,1,1,5,4,6,6,1,1,10,5,5,2,16,3,10,3,1,B03,7,6,1,8,2,5,,11,11,1,6,4,120.669843,24.176446,2
1734,66000,387130000C,(04)23274275,(04)23288582,2025,7,5,10,13,臺中市,烏日區,0,1,0,7,2,6,50,13,7,1,5,4,6,6,4,4,5,5,4,2,17,3,10,5,4,B03,7,9,1,8,2,2,,8,8,1,12,4,120.626472,24.108286,2
1735,66000,387130000C,(04)23274275,(04)23288582,2025,7,5,10,16,臺中市,大里區,0,1,0,7,2,6,30,3,1,1,5,4,6,6,4,4,10,5,5,2,17,2,9,2,1,C03,7,9,1,10,2,14,,84,84,1,13,4,120.69654,24.082447,2
1736,66000,387130000C,(04)23274275,(04)23288582,2025,7,5,10,23,臺中市,北屯區,0,1,0,7,3,6,30,4,1,1,5,4,6,6,4,4,10,5,5,2,15,2,9,2,1,C03,7,9,1,10,2,12,,13,13,1,6,4,120.6792,24.175245,2
1737,66000,387130000C,(04)23274275,(04)23288582,2025,7,5,10,26,臺中市,東區,0,1,0,7,3,6,50,13,9,1,5,4,6,6,4,4,5,5,5,2,17,2,9,5,4,C03,7,9,1,10,2,11,,82,82,1,6,4,120.701112,24.131847,2
1738,66000,387130000C,(04)23274275,(04)23288582,2025,7,5,10,26,臺中市,梧棲區,0,2,0,7,2,6,30,4,1,1,5,4,6,6,4,4,10,5,5,2,15,2,9,1,1,C03,7,9,1,10,2,11,,15,15,1,13,2,120.550215,24.249134,2
1739,66000,387130000C,(04)23274275,(04)23288582,2025,7,5,10,28,臺中市,沙鹿區,0,1,0,7,3,6,50,13,7,1,5,4,6,6,4,4,9,5,4,2,17,3,10,3,1,B03,7,11,1,8,2,4,,20,20,1,12,4,120.565658,24.201957,2
1740,66000,387130000C,(04)23274275,(04)23288582,2025,7,5,10,30,臺中市,北屯區,0,1,0,7,3,6,30,13,9,1,5,4,6,6,4,4,10,5,5,2,10,3,10,3,1,B03,7,9,1,8,1,8,,41,41,1,6,4,120.717871,24.174115,2
1741,66000,387130000C,(04)23274275,(04)23288582,2025,7,5,10,30,臺中市,新社區,0,2,0,7,3,6,30,5,1,1,5,4,6,6,4,4,10,5,5,2,15,2,9,5,4,C03,7,9,1,10,1,13,,12,12,1,12,4,120.795971,24.224355,2
1742,66000,387130000C,(04)23274275,(04)23288582,2025,7,5,10,34,臺中市,北區,0,2,0,7,2,6,50,13,9,1,5,4,6,6,4,4,5,5,5,2,3,2,9,5,4,C03,7,9,1,10,2,11,,87,87,1,12,4,120.673871,24.155433,2
1743,66000,387130000C,(04)23274275,(04)23288582,2025,7,5,10,36,臺中市,西屯區,0,1,0,7,2,6,50,4,1,1,5,4,6,6,4,4,4,3,5,2,13,2,8,5,4,C03,7,6,1,10,2,11,,7,7,1,13,4,120.657446,24.165077,2
1744,66000,387130000C,(04)23274275,(04)23288582,2025,7,5,10,37,臺中市,西屯區,0,1,0,7,2,6,30,3,1,1,5,4,6,6,4,4,10,5,5,2,16,2,9,2,1,C03,7,6,1,10,2,11,,14,14,1,12,4,120.662959,24.171724,2
1745,66000,387130000C,(04)23274275,(04)23288582,2025,7,5,10,47,臺中市,大里區,0,0,0,7,3,6,50,4,2,1,5,4,6,6,1,1,10,5,5,2,14,,,,,C03,,,1,,2,,,84,84,1,12,4,120.703684,24.107682,3
1746,66000,387130000C,(04)23274275,(04)23288582,2025,7,5,10,48,臺中市,北屯區,0,0,0,7,,,30,,,,,,,,,,,,,,17,,,,,B11,,,1,,2,,,49,49,1,12,4,120.670588,24.182044,3
1747,66000,387130000C,(04)23274275,(04)23288582,2025,7,5,10,48,臺中市,霧峰區,0,1,0,7,3,6,50,4,1,1,5,4,6,6,4,4,10,4,5,2,17,3,10,3,1,B03,7,15,1,8,2,2,,84,84,1,12,4,120.663097,24.059497,2
1748,66000,387130000C,(04)23274275,(04)23288582,2025,7,5,10,49,臺中市,烏日區,0,0,0,7,,,30,,,,,,,,,,,,,,16,,,,,B03,,,1,,1,,,14,14,1,12,4,120.647634,24.097168,3
1749,66000,387130000C,(04)23274275,(04)23288582,2025,7,5,10,58,臺中市,潭子區,0,0,0,7,,,30,,,,,,,,,,,,,,17,,,,,B12,,,1,,2,,,68,68,1,13,4,120.682306,24.225284,3
1750,66000,387130000C,(04)23274275,(04)23288582,2025,7,5,10,59,臺中市,東區,0,1,0,7,2,6,50,4,1,1,5,4,6,6,1,1,10,5,5,2,16,3,10,3,1,B01,7,5,1,4,2,5,,11,11,1,12,4,120.683975,24.134812,2
1751,66000,387130000C,(04)23274275,(04)23288582,2025,7,5,11,0,臺中市,北區,0,0,0,7,,,50,,,,,,,,,,,,,,,,,,,B12,,,1,,2,,,40,40,1,12,4,120.68575,24.15553,3
1752,66000,387130000C,(04)23274275,(04)23288582,2025,7,5,11,0,臺中市,沙鹿區,0,1,0,7,2,6,40,13,8,1,5,4,6,6,4,4,1,3,1,1,17,3,10,3,1,B03,7,1,1,8,2,16,,51,51,1,12,4,120.574128,24.229515,2
1753,66000,387130000C,(04)23274275,(04)23288582,2025,7,5,11,0,臺中市,石岡區,0,0,0,7,,,50,,,,,,,,,,,,,,,,,,,B03,,,1,,1,,,40,40,1,12,4,120.807038,24.265949,3
1754,66000,387130000C,(04)23274275,(04)23288582,2025,7,5,11,2,臺中市,東區,0,1,0,7,2,6,50,13,9,1,5,4,6,6,4,4,9,5,5,2,17,3,10,3,1,B03,7,1,1,8,2,1,,51,51,1,12,4,120.704268,24.134165,2
1755,66000,387130000C,(04)23274275,(04)23288582,2025,7,5,11,10,臺中市,豐原區,0,0,0,7,2,6,50,13,7,1,5,4,6,6,4,4,5,5,4,2,14,3,10,3,1,B03,7,2,1,8,2,3,,49,49,1,12,4,120.745862,24.261665,3
1756,66000,387130000C,(04)23274275,(04)23288582,2025,7,5,11,13,臺中市,北區,0,2,0,7,2,6,50,4,1,1,5,4,6,6,1,1,10,5,5,2,16,3,10,3,1,B12,7,6,1,8,2,1,,11,11,1,12,4,120.682335,24.153988,2
1757,66000,387130000C,(04)23274275,(04)23288582,2025,7,5,11,14,臺中市,南屯區,0,0,0,7,,,50,,,,,,,,,,,,,,12,,,,,C03,,,1,,1,,,40,40,1,6,4,120.627113,24.140683,4
1758,66000,387130000C,(04)23274275,(04)23288582,2025,7,5,11,15,臺中市,西屯區,0,1,0,7,1,6,40,4,2,1,5,4,6,6,1,1,10,5,5,1,16,2,9,2,1,C03,7,5,1,10,2,12,,84,84,1,12,4,120.661414,24.165008,2
1759,66000,387130000C,(04)23274275,(04)23288582,2025,7,5,11,20,臺中市,北屯區,0,0,0,7,,,50,,,,,,,,,,,,,,9,,,,,B03,,,1,,9,,,51,51,1,6,4,120.694141,24.183785,3
1760,66000,387130000C,(04)23274275,(04)23288582,2025,7,5,11,21,臺中市,沙鹿區,0,2,0,7,2,6,50,4,1,1,5,4,6,6,4,4,3,5,5,2,17,2,9,1,1,C03,7,6,1,10,2,14,,48,48,1,13,4,120.560601,24.237886,2
1761,66000,387130000C,(04)23274275,(04)23288582,2025,7,5,11,24,臺中市,大里區,0,0,0,7,,,50,,,,,,,,,,,,,,17,,,,,A11,,,1,,1,,,40,40,1,12,4,120.686965,24.115156,3
1762,66000,387130000C,(04)23274275,(04)23288582,2025,7,5,11,25,臺中市,南區,0,0,0,7,,,50,,,,,,,,,,,,,,,,,,,B03,,,1,,2,,,50,50,1,6,4,120.680909,24.128267,3
1763,66000,387130000C,(04)23274275,(04)23288582,2025,7,5,11,27,臺中市,西區,0,0,0,7,,,50,,,,,,,,,,,,,,,,,,,B03,,,1,,1,,,7,7,1,12,4,120.65953,24.152535,3
1764,66000,387130000C,(04)23274275,(04)23288582,2025,7,5,11,28,臺中市,中區,0,1,0,7,1,6,50,13,9,1,5,4,6,6,4,4,5,5,5,1,17,3,10,5,4,B03,7,9,1,8,2,16,,84,84,1,12,4,120.681024,24.143807,2
1765,66000,387130000C,(04)23274275,(04)23288582,2025,7,5,11,28,臺中市,大里區,0,1,0,7,3,6,50,13,9,1,5,4,6,6,4,4,1,4,5,1,13,2,9,1,1,C03,7,9,1,10,2,11,,7,7,1,12,4,120.679542,24.111084,2
1766,66000,387130000C,(04)23274275,(04)23288582,2025,7,5,11,34,臺中市,大里區,0,1,0,7,2,6,50,13,7,1,5,4,6,6,4,4,5,5,4,1,10,2,9,1,1,C03,7,1,1,10,2,14,,51,51,1,12,4,120.684239,24.110152,2
1767,66000,387130000C,(04)23274275,(04)23288582,2025,7,5,11,36,臺中市,大雅區,0,0,0,7,,,50,,,,,,,,,,,,,,,,,,,B03,,,1,,2,,,84,84,1,13,4,120.652091,24.22772,3
1768,66000,387130000C,(04)23274275,(04)23288582,2025,7,5,11,38,臺中市,南區,0,0,0,7,,,50,,,,,,,,,,,,,,13,,,,,B03,,,1,,2,,,7,7,1,6,4,120.674738,24.131158,3
1769,66000,387130000C,(04)23274275,(04)23288582,2025,7,5,11,39,臺中市,豐原區,0,2,0,7,2,6,50,4,1,1,5,4,6,6,3,1,10,5,5,2,17,2,9,2,1,C03,7,9,1,10,2,14,,24,24,1,13,4,120.709088,24.251155,2
1770,66000,387130000C,(04)23274275,(04)23288582,2025,7,5,11,40,臺中市,豐原區,0,0,0,7,2,6,50,13,9,1,5,4,6,6,4,4,10,5,5,2,17,3,10,3,1,B03,7,9,1,8,9,2,,8,8,1,12,4,120.730763,24.250466,3
1771,66000,387130000C,(04)23274275,(04)23288582,2025,7,5,11,42,臺中市,龍井區,0,1,0,7,1,6,50,13,9,1,5,4,6,6,4,4,9,5,5,1,9,3,10,6,5,H04,8,21,7,21,2,17,,119,119,1,6,5,120.581564,24.175089,2
1772,66000,387130000C,(04)23274275,(04)23288582,2025,7,5,11,45,臺中市,龍井區,0,1,0,6,3,6,50,13,9,1,5,4,6,6,4,4,9,4,5,2,12,3,10,3,1,B03,7,4,1,8,2,2,,87,87,1,6,4,120.549751,24.191701,2
1773,66000,387130000C,(04)23274275,(04)23288582,2025,7,5,11,48,臺中市,北屯區,0,2,0,7,2,6,50,4,1,1,5,4,5,6,4,4,4,5,5,2,15,2,9,1,1,C03,7,9,1,10,1,12,,15,15,1,6,2,120.68902,24.173495,2
1774,66000,387130000C,(04)23274275,(04)23288582,2025,7,5,11,50,臺中市,西區,0,2,0,7,2,6,50,3,1,1,5,4,6,6,4,4,10,5,5,2,17,2,9,1,1,C03,7,1,1,10,2,14,,51,51,1,12,4,120.660667,24.162255,2
1775,66000,387130000C,(04)23274275,(04)23288582,2025,7,5,11,51,臺中市,西屯區,0,0,0,7,,,50,,,,,,,,,,,,,,17,,,,,B03,,,1,,1,,,7,7,1,12,4,120.636997,24.172149,3
1776,66000,387130000C,(04)23274275,(04)23288582,2025,7,5,11,52,臺中市,北區,0,1,0,7,3,6,50,4,9,1,5,4,6,6,1,1,1,4,4,2,17,2,9,1,1,C03,7,11,5,19,9,14,,84,84,1,12,4,120.681312,24.15273,2
1777,66000,387130000C,(04)23274275,(04)23288582,2025,7,5,11,53,臺中市,北屯區,0,0,0,7,,,50,,,,,,,,,,,,,,17,,,,,B03,,,1,,1,,,51,51,1,6,4,120.68076,24.1697,3
1778,66000,387130000C,(04)23274275,(04)23288582,2025,7,5,11,54,臺中市,大甲區,0,1,0,7,2,6,50,4,1,1,5,4,6,6,1,1,10,5,5,2,16,2,9,1,1,C03,7,9,1,10,2,14,,7,7,1,6,4,120.623759,24.346959,2
1779,66000,387130000C,(04)23274275,(04)23288582,2025,7,5,11,55,臺中市,南區,0,1,0,7,2,6,50,3,2,1,5,4,6,6,1,1,10,5,5,2,18,2,9,2,1,C03,7,9,1,10,2,12,,84,84,1,12,4,120.659934,24.124985,2
1780,66000,387130000C,(04)23274275,(04)23288582,2025,7,5,11,55,臺中市,東區,0,2,0,7,2,6,40,3,1,1,5,4,6,6,4,4,10,5,5,2,17,2,9,1,1,C03,7,11,1,10,2,11,,45,45,1,12,4,120.690749,24.14742,2
1781,66000,387130000C,(04)23274275,(04)23288582,2025,7,5,11,56,臺中市,東區,0,0,0,7,,,50,,,,,,,,,,,,,,,,,,,B12,,,1,,2,,,84,84,1,6,4,120.69096,24.140038,3
1782,66000,387130000C,(04)23274275,(04)23288582,2025,7,5,11,56,臺中市,北屯區,0,0,0,7,,,80,,,,,,,,,,,,,,13,,,,,B03,,,1,8,1,,,7,7,1,6,4,120.720348,24.169528,3
1783,66000,387130000C,(04)23274275,(04)23288582,2025,7,5,11,57,臺中市,梧棲區,0,1,0,7,2,6,50,4,1,1,5,4,6,6,1,1,10,5,5,2,16,2,9,1,1,C03,7,9,1,10,2,11,,87,87,1,12,4,120.537102,24.241968,2
1784,66000,387130000C,(04)23274275,(04)23288582,2025,7,5,11,59,臺中市,太平區,0,2,0,7,3,6,50,4,1,1,5,4,6,6,4,4,5,5,5,1,16,2,9,2,1,C03,7,6,1,10,1,12,,14,14,1,12,4,120.724576,24.142311,2
1785,66000,387130000C,(04)23274275,(04)23288582,2025,7,5,12,0,臺中市,太平區,0,2,0,7,2,6,30,3,1,1,5,4,6,6,4,4,10,5,5,2,17,2,9,2,1,C03,7,5,1,10,2,13,,14,14,1,5,4,120.725473,24.130119,2
1786,66000,387130000C,(04)23274275,(04)23288582,2025,7,5,12,0,臺中市,沙鹿區,0,0,0,7,2,6,50,13,7,1,4,4,6,6,4,4,4,4,4,2,13,,,,,B03,,,1,,1,,,7,7,1,12,4,120.564438,24.238887,3
1787,66000,387130000C,(04)23274275,(04)23288582,2025,7,5,12,0,臺中市,大安區,0,1,0,7,3,6,50,4,1,1,5,4,6,6,1,1,10,5,5,2,17,2,9,1,1,C03,7,1,1,10,2,12,,51,51,1,6,4,120.588277,24.344316,2
1788,66000,387130000C,(04)23274275,(04)23288582,2025,7,5,12,4,臺中市,大雅區,0,1,0,7,2,6,30,13,9,1,5,4,6,6,4,4,10,5,5,2,28,2,9,1,1,C03,7,9,1,10,2,14,,84,84,1,12,4,120.640586,24.217625,2
1789,66000,387130000C,(04)23274275,(04)23288582,2025,7,5,12,7,臺中市,南屯區,0,2,0,7,3,6,50,13,9,1,5,4,6,6,1,1,5,5,4,2,16,2,9,1,1,C03,7,9,1,10,2,11,,21,21,1,12,4,120.609751,24.138029,2
1790,66000,387130000C,(04)23274275,(04)23288582,2025,7,5,12,8,臺中市,北區,0,0,0,7,,,50,,,,,,,,,,,,,,13,,,,,B03,,,1,,2,1,,59,59,1,12,4,120.675394,24.163332,3
1791,66000,387130000C,(04)23274275,(04)23288582,2025,7,5,12,10,臺中市,中區,0,1,0,7,2,6,50,4,7,1,5,4,6,6,1,1,5,3,4,2,16,2,9,1,1,C03,7,11,1,10,2,12,,23,23,1,12,4,120.675096,24.143626,2
1792,66000,387130000C,(04)23274275,(04)23288582,2025,7,5,12,12,臺中市,西屯區,0,1,0,7,1,6,50,4,1,1,5,4,6,6,1,1,10,5,5,2,17,3,10,5,4,B01,7,9,1,4,2,5,,59,59,1,13,4,120.638827,24.180171,2
1793,66000,387130000C,(04)23274275,(04)23288582,2025,7,5,12,13,臺中市,南屯區,0,0,0,7,,,50,,,,,,,,,,,,,,17,,,,,C03,,,1,,1,,,43,43,1,12,2,120.630259,24.123522,3
1794,66000,387130000C,(04)23274275,(04)23288582,2025,7,5,12,14,臺中市,南區,0,1,0,7,3,6,50,4,1,1,5,4,6,6,1,1,10,5,5,2,16,3,10,3,1,B03,7,5,1,7,2,2,,11,11,1,6,4,120.667829,24.125066,2