序號,縣市別代碼,機關代碼,市話,傳真,年,月,日,時,分,縣市,區,死亡數量,受傷數量,2-30,天候,道路照明設備,道路類別,道路速限,道路型態,事故位置,路面鋪裝,路面狀態,路面缺陷,障礙物,視距,號誌種類,號誌動作,分向設施,快車道或一般車道間,快慢車道間,路面邊線,事故類型及型態,受傷程度,主要傷處,保護裝備,行動電話或功能裝置,當事者區分(類別),車輛用途,當事者行動狀態,駕照狀態,駕照種類,飲酒情形,車輛撞擊部位最初,車輛撞擊部位其他,肇事因素個別,肇事因素主要,肇事逃逸,職業,共享經濟或外送平台,GPS座標X,GPS座標Y,事故類別
1795,66000,387130000C,(04)23274275,(04)23288582,2025,7,5,12,15,臺中市,北屯區,0,0,0,7,,,50,,,,,,,,,,,,,,17,,,,,A02,,,1,2,1,,,51,51,1,12,4,120.688755,24.17183,3
1796,66000,387130000C,(04)23274275,(04)23288582,2025,7,5,12,16,臺中市,豐原區,0,0,0,7,,,50,,,,,,,,,,,,,,17,,,,,B03,,,1,,2,,,84,84,1,12,4,120.717993,24.242842,3
1797,66000,387130000C,(04)23274275,(04)23288582,2025,7,5,12,27,臺中市,北區,0,0,0,7,,,50,,,,,,,,,,,,,,13,,,,,B03,,,1,,1,,,59,59,1,12,4,120.682977,24.147649,3
1798,66000,387130000C,(04)23274275,(04)23288582,2025,7,5,12,31,臺中市,南屯區,0,2,0,7,2,6,60,4,2,1,5,4,6,6,1,1,5,4,5,2,12,3,10,3,1,B03,7,9,1,8,2,2,,8,8,1,12,4,120.633066,24.139279,2
1799,66000,387130000C,(04)23274275,(04)23288582,2025,7,5,12,35,臺中市,西區,0,0,0,7,,,30,,,,,,,,,,,,,,,,,,,B02,,,1,,1,,,8,8,1,12,4,120.656285,24.152313,3
1800,66000,387130000C,(04)23274275,(04)23288582,2025,7,5,12,35,臺中市,東區,0,2,0,7,3,6,50,4,9,1,5,4,6,6,4,4,5,5,5,2,16,2,9,5,4,C03,7,6,1,10,2,11,,14,14,1,6,4,120.708827,24.143304,2
1801,66000,387130000C,(04)23274275,(04)23288582,2025,7,5,12,40,臺中市,大里區,0,0,0,7,,,50,,,,,,,,,,,,,,13,,,,,B03,,,1,,1,,,7,7,1,12,4,120.686075,24.095531,3
1802,66000,387130000C,(04)23274275,(04)23288582,2025,7,5,12,41,臺中市,西區,0,0,0,7,,,50,,,,,,,,,,,,,,,,,,,C03,,,1,,1,,,59,59,1,6,4,120.661701,24.149017,3
1803,66000,387130000C,(04)23274275,(04)23288582,2025,7,5,12,41,臺中市,大甲區,0,0,0,7,,,50,,,,,,,,,,,,,,16,,,,,B12,,,1,,1,,,84,84,1,13,4,120.640965,24.364808,3
1804,66000,387130000C,(04)23274275,(04)23288582,2025,7,5,12,41,臺中市,神岡區,0,3,0,7,3,6,50,4,1,1,5,4,6,6,2,1,3,4,5,2,15,3,10,3,1,B03,7,9,1,8,2,8,,21,21,1,13,4,120.705405,24.275351,2
1805,66000,387130000C,(04)23274275,(04)23288582,2025,7,5,12,42,臺中市,太平區,0,1,0,7,3,6,30,4,1,1,5,4,6,6,4,4,10,5,5,2,15,2,9,4,1,F01,7,9,7,21,2,11,,12,12,1,4,4,120.720889,24.119262,2
1806,66000,387130000C,(04)23274275,(04)23288582,2025,7,5,12,48,臺中市,南屯區,0,0,0,7,,,50,,,,,,,,,,,,,,13,,,,,B03,,,1,,1,,,84,84,1,6,4,120.638705,24.147313,3
1807,66000,387130000C,(04)23274275,(04)23288582,2025,7,5,12,49,臺中市,北屯區,0,1,0,7,1,6,50,4,2,1,5,4,6,6,1,1,3,4,4,2,12,3,10,3,1,B03,7,5,1,8,2,2,,20,20,1,13,4,120.702272,24.184487,2
1808,66000,387130000C,(04)23274275,(04)23288582,2025,7,5,12,49,臺中市,西屯區,0,0,0,7,,,50,,,,,,,,,,,,,,12,,,,,C03,,,1,,1,,,8,8,1,13,4,120.635669,24.169468,3
1809,66000,387130000C,(04)23274275,(04)23288582,2025,7,5,13,0,臺中市,西屯區,0,0,0,7,,,60,,,,,,,,,,,,,,13,,,,,B03,,,1,,1,,,56,56,1,12,4,120.657507,24.158183,3
1810,66000,387130000C,(04)23274275,(04)23288582,2025,7,5,13,0,臺中市,西屯區,0,2,0,7,2,6,50,3,1,1,5,4,6,6,4,4,10,5,5,2,17,2,9,3,1,B03,7,9,5,8,2,5,,21,21,1,13,4,120.656272,24.198803,2
1811,66000,387130000C,(04)23274275,(04)23288582,2025,7,5,13,0,臺中市,大甲區,0,0,0,7,,,50,,,,,,,,,,,,,,14,,,,,B12,,,1,,2,,,49,49,1,6,4,120.624764,24.347144,3
1812,66000,387130000C,(04)23274275,(04)23288582,2025,7,5,13,10,臺中市,南屯區,0,0,0,7,,,50,,,,,,,,,,,,,,12,,,,,C03,,,1,,2,,,2,2,1,13,2,120.647026,24.155504,3
1813,66000,387130000C,(04)23274275,(04)23288582,2025,7,5,13,10,臺中市,新社區,0,0,0,7,,,40,,,,,,,,,,,,,,,,,,,A12,,,1,,1,,,51,51,1,13,4,120.889956,24.102848,3
1814,66000,387130000C,(04)23274275,(04)23288582,2025,7,5,13,12,臺中市,清水區,0,0,0,7,2,6,50,13,9,1,5,4,6,6,4,,8,5,5,2,14,,,,,B03,,,1,,1,,,49,49,1,12,4,120.564257,24.26569,3
1815,66000,387130000C,(04)23274275,(04)23288582,2025,7,5,13,13,臺中市,西屯區,0,0,0,7,,,40,,,,,,,,,,,,,,,,,,,A12,,,1,1,2,,,8,8,1,12,4,120.646096,24.156157,3
1816,66000,387130000C,(04)23274275,(04)23288582,2025,7,5,13,14,臺中市,清水區,0,0,0,7,,,50,,,,,,,,,,,,,,,,,,,B03,,,1,,1,,,20,20,1,12,4,120.577786,24.271173,3
1817,66000,387130000C,(04)23274275,(04)23288582,2025,7,5,13,15,臺中市,豐原區,0,0,0,7,,,50,,,,,,,,,,,,,,13,,,,,B03,,,1,,2,,,7,7,1,13,4,120.716839,24.244285,3
1818,66000,387130000C,(04)23274275,(04)23288582,2025,7,5,13,19,臺中市,大里區,0,1,0,7,3,6,0,3,1,1,5,4,6,6,4,4,10,5,5,2,17,3,10,5,4,B03,7,15,6,20,1,3,,78,78,1,12,4,120.688612,24.107899,2
1819,66000,387130000C,(04)23274275,(04)23288582,2025,7,5,13,20,臺中市,西區,0,0,0,7,,,50,,,,,,,,,,,,,,,,,,,B03,,,1,,1,,,8,8,1,12,4,120.657381,24.134292,3
1820,66000,387130000C,(04)23274275,(04)23288582,2025,7,5,13,21,臺中市,北屯區,0,0,0,7,,,30,,,,,,,,,,,,,,15,,,,,B03,,,1,,1,,,15,15,1,6,4,120.701873,24.16754,3
1821,66000,387130000C,(04)23274275,(04)23288582,2025,7,5,13,24,臺中市,龍井區,0,1,0,7,3,6,30,4,1,1,5,4,6,6,4,4,10,5,5,2,15,2,9,1,1,C03,7,9,1,10,2,12,,15,15,1,6,4,120.518758,24.204688,2
1822,66000,387130000C,(04)23274275,(04)23288582,2025,7,5,13,27,臺中市,南區,0,2,0,7,2,6,40,4,1,1,5,4,6,6,2,1,10,5,5,2,13,2,9,1,1,C03,7,9,1,11,2,13,,42,42,1,12,4,120.67334,24.130464,2
1823,66000,387130000C,(04)23274275,(04)23288582,2025,7,5,13,27,臺中市,西屯區,0,0,0,7,,,50,,,,,,,,,,,,,,13,,,,,B03,,,1,,1,,,7,7,1,13,4,120.656184,24.159066,3
1824,66000,387130000C,(04)23274275,(04)23288582,2025,7,5,13,29,臺中市,北區,0,1,0,7,3,6,50,13,9,1,5,4,6,6,4,4,5,4,5,2,17,3,10,1,1,C03,7,9,1,10,1,14,,8,8,1,12,4,120.68438,24.153151,2
1825,66000,387130000C,(04)23274275,(04)23288582,2025,7,5,13,35,臺中市,北屯區,0,0,0,7,,,50,,,,,,,,,,,,,,13,,,,,C03,,,3,19,9,,,84,84,1,6,4,120.689558,24.1649,3
1826,66000,387130000C,(04)23274275,(04)23288582,2025,7,5,13,36,臺中市,潭子區,0,0,0,7,,,50,,,,,,,,,,,,,,,,,,,B03,,,1,,2,,,49,49,1,12,4,120.701253,24.216319,3
1827,66000,387130000C,(04)23274275,(04)23288582,2025,7,5,13,37,臺中市,大里區,0,1,0,7,2,6,50,4,1,1,5,4,6,6,1,1,10,5,5,2,16,3,10,3,1,B03,7,5,1,8,2,2,,11,11,1,13,4,120.688753,24.080644,2
1828,66000,387130000C,(04)23274275,(04)23288582,2025,7,5,13,40,臺中市,西區,0,1,0,7,2,6,50,13,8,1,5,4,6,6,4,4,5,4,4,2,17,3,10,3,1,B03,7,7,1,8,2,2,,40,40,1,12,4,120.661444,24.136124,2
1829,66000,387130000C,(04)23274275,(04)23288582,2025,7,5,13,42,臺中市,大里區,0,1,0,7,3,6,40,13,9,1,5,4,6,6,4,4,3,4,5,1,18,2,9,5,4,C03,7,9,1,10,2,12,,84,84,1,13,4,120.692836,24.104336,2
1830,66000,387130000C,(04)23274275,(04)23288582,2025,7,5,13,44,臺中市,西屯區,0,0,0,7,,,40,,,,,,,,,,,,,,13,,,,,B03,,,1,,1,,,59,59,1,13,4,120.633749,24.161646,3
1831,66000,387130000C,(04)23274275,(04)23288582,2025,7,5,13,45,臺中市,北屯區,0,1,0,7,3,9,50,13,9,1,5,4,6,6,4,4,1,4,5,2,17,3,10,2,1,C03,7,9,1,10,2,16,,73,73,1,6,4,120.682409,24.201462,2
1832,66000,387130000C,(04)23274275,(04)23288582,2025,7,5,13,45,臺中市,沙鹿區,0,1,0,7,2,6,50,4,1,1,5,4,6,6,4,4,10,5,5,2,15,3,10,3,1,B03,7,9,1,8,2,5,,15,15,1,6,4,120.554327,24.231474,2
1833,66000,387130000C,(04)23274275,(04)23288582,2025,7,5,13,46,臺中市,中區,0,0,0,7,,,50,,,,,,,,,,,,,,,,,,,B03,,,1,,1,,,84,84,1,12,4,120.678125,24.141232,3
1834,66000,387130000C,(04)23274275,(04)23288582,2025,7,5,13,50,臺中市,南屯區,0,1,0,7,1,6,30,13,9,1,5,4,6,6,4,4,10,5,5,2,17,3,10,3,1,B03,7,1,1,8,2,8,,51,51,1,6,4,120.647433,24.136194,2
1835,66000,387130000C,(04)23274275,(04)23288582,2025,7,5,14,3,臺中市,烏日區,0,0,0,7,,,60,,,,,,,,,,,,,,12,,,,,B03,,,1,,2,,,39,39,1,6,4,120.644793,24.092963,3
1836,66000,387130000C,(04)23274275,(04)23288582,2025,7,5,14,6,臺中市,西屯區,0,0,0,7,,,40,,,,,,,,,,,,,,,,,,,A12,,,1,7,2,,,49,49,1,12,4,120.64633,24.196262,3
1837,66000,387130000C,(04)23274275,(04)23288582,2025,7,5,14,9,臺中市,北區,0,0,0,7,,,50,,,,,,,,,,,,,,17,,,,,B03,,,1,,1,,,40,40,1,13,4,120.686031,24.154046,3
1838,66000,387130000C,(04)23274275,(04)23288582,2025,7,5,14,11,臺中市,大里區,0,0,0,7,,,50,,,,,,,,,,,,,,17,,,,,B03,,,1,,1,,,84,84,1,12,4,120.700697,24.088862,3
1839,66000,387130000C,(04)23274275,(04)23288582,2025,7,5,14,19,臺中市,豐原區,0,1,0,7,2,6,40,4,1,1,5,4,6,6,1,1,1,4,1,1,13,2,9,1,1,C03,7,9,1,10,2,11,,7,7,1,12,4,120.747356,24.269419,2
1840,66000,387130000C,(04)23274275,(04)23288582,2025,7,5,14,20,臺中市,南屯區,0,1,0,7,2,6,50,13,9,1,5,4,6,6,4,4,5,4,5,2,17,3,10,2,1,F01,7,6,7,21,2,16,,85,85,1,12,4,120.603027,24.159499,2
1841,66000,387130000C,(04)23274275,(04)23288582,2025,7,5,14,22,臺中市,中區,0,1,0,7,2,6,40,13,8,1,5,4,6,6,4,4,5,5,4,2,17,3,10,3,1,B01,7,13,1,4,2,4,,76,76,1,12,4,120.675897,24.14472,2
1842,66000,387130000C,(04)23274275,(04)23288582,2025,7,5,14,23,臺中市,西區,0,0,0,7,,,50,,,,,,,,,,,,,,,,,,,B03,,,1,,2,,,84,84,1,12,4,120.656281,24.147603,3
1843,66000,387130000C,(04)23274275,(04)23288582,2025,7,5,14,23,臺中市,北區,0,0,0,7,,,50,,,,,,,,,,,,,,13,,,,,B03,,,1,,1,,,59,59,1,12,4,120.683689,24.148093,3
1844,66000,387130000C,(04)23274275,(04)23288582,2025,7,5,14,23,臺中市,南區,0,0,0,7,,,50,,,,,,,,,,,,,,14,,,,,B03,,,1,,1,,,49,49,1,12,4,120.664124,24.120384,3
1845,66000,387130000C,(04)23274275,(04)23288582,2025,7,5,14,23,臺中市,西屯區,0,1,0,7,3,6,50,13,7,1,5,4,6,6,4,4,1,4,5,2,13,3,10,5,4,B03,7,9,1,8,1,1,,7,7,1,13,4,120.647877,24.163488,2
1846,66000,387130000C,(04)23274275,(04)23288582,2025,7,5,14,25,臺中市,北區,0,0,0,7,,,50,,,,,,,,,,,,,,13,,,,,B03,,,1,,1,,,84,84,1,13,4,120.685205,24.159381,3
1847,66000,387130000C,(04)23274275,(04)23288582,2025,7,5,14,28,臺中市,東區,0,0,0,7,,,50,,,,,,,,,,,,,,,,,,,B03,,,1,,1,,,51,51,1,6,4,120.688899,24.132024,3
1848,66000,387130000C,(04)23274275,(04)23288582,2025,7,5,14,31,臺中市,南區,0,0,0,7,,,50,,,,,,,,,,,,,,14,,,,,C03,,,1,,9,,,87,87,1,6,4,120.659981,24.119391,3
1849,66000,387130000C,(04)23274275,(04)23288582,2025,7,5,14,31,臺中市,大里區,0,2,0,7,2,6,60,13,9,1,5,4,6,6,4,4,1,4,4,1,17,2,9,1,1,C03,7,9,1,10,2,12,,7,7,1,12,4,120.690909,24.100987,2
1850,66000,387130000C,(04)23274275,(04)23288582,2025,7,5,14,35,臺中市,北屯區,0,2,0,7,2,6,50,13,8,1,5,4,6,6,4,4,9,4,4,2,12,2,9,1,1,C03,7,1,1,10,9,13,,51,51,1,6,4,120.688762,24.175764,2
1851,66000,387130000C,(04)23274275,(04)23288582,2025,7,5,14,38,臺中市,潭子區,0,1,0,6,3,6,50,11,9,1,5,4,6,6,4,4,9,5,5,1,18,2,9,2,1,C03,7,9,1,10,3,14,12,89,89,1,13,4,120.679093,24.221694,2
1852,66000,387130000C,(04)23274275,(04)23288582,2025,7,5,14,39,臺中市,西屯區,0,0,0,7,,,50,,,,,,,,,,,,,,12,,,,,B03,,,1,,1,,,40,40,1,12,4,120.657598,24.200135,3
1853,66000,387130000C,(04)23274275,(04)23288582,2025,7,5,14,40,臺中市,清水區,0,0,0,7,2,6,50,13,9,1,5,4,6,6,4,4,8,4,5,2,14,,,,,B03,,,1,,1,,,49,49,1,12,4,120.574931,24.272086,3
1854,66000,387130000C,(04)23274275,(04)23288582,2025,7,5,14,42,臺中市,西區,0,0,0,7,,,50,,,,,,,,,,,,,,13,,,,,B03,,,1,,1,,,7,7,1,12,4,120.667795,24.130903,3
1855,66000,387130000C,(04)23274275,(04)23288582,2025,7,5,14,42,臺中市,南屯區,0,0,0,7,,,40,,,,,,,,,,,,,,14,,,,,B12,,,1,,1,,,49,49,1,12,4,120.648595,24.145709,3
1856,66000,387130000C,(04)23274275,(04)23288582,2025,7,5,14,42,臺中市,西屯區,0,0,0,7,,,50,,,,,,,,,,,,,,12,,,,,B03,,,1,,1,,,8,8,1,13,4,120.649031,24.157679,3
1857,66000,387130000C,(04)23274275,(04)23288582,2025,7,5,14,46,臺中市,南區,0,1,0,7,2,6,50,13,12,1,5,4,6,6,4,4,5,5,5,2,17,3,10,3,1,B03,7,15,1,8,2,16,,42,42,1,12,4,120.669113,24.114763,2
1858,66000,387130000C,(04)23274275,(04)23288582,2025,7,5,14,50,臺中市,西區,0,2,0,7,2,6,30,4,1,1,5,4,6,6,4,4,10,5,5,2,15,2,9,1,1,C03,7,9,1,10,2,12,,15,15,1,12,4,120.659518,24.148442,2
1859,66000,387130000C,(04)23274275,(04)23288582,2025,7,5,14,50,臺中市,南屯區,0,0,0,7,,,50,,,,,,,,,,,,,,17,,,,,B03,,,1,,1,,,8,8,1,12,4,120.625428,24.151864,3
1860,66000,387130000C,(04)23274275,(04)23288582,2025,7,5,14,50,臺中市,北屯區,0,0,0,7,,,30,,,,,,,,,,,,,,13,,,,,B03,,,1,,2,,,59,59,1,6,4,120.722355,24.176718,3
1861,66000,387130000C,(04)23274275,(04)23288582,2025,7,5,14,52,臺中市,南區,0,2,0,7,2,6,50,13,9,1,5,4,6,6,4,4,9,5,5,2,17,2,9,2,1,C03,7,9,1,10,2,14,,85,85,1,12,4,120.665668,24.117243,2
1862,66000,387130000C,(04)23274275,(04)23288582,2025,7,5,14,52,臺中市,東區,0,0,0,7,,,50,,,,,,,,,,,,,,,,,,,B03,,,1,,1,,,93,93,1,6,4,120.697448,24.144685,3
1863,66000,387130000C,(04)23274275,(04)23288582,2025,7,5,14,52,臺中市,龍井區,0,1,0,7,3,6,40,13,8,1,5,4,6,6,4,4,4,3,4,2,18,2,8,1,1,C03,7,9,1,10,2,12,,59,59,1,12,4,120.555145,24.187324,2
1864,66000,387130000C,(04)23274275,(04)23288582,2025,7,5,14,56,臺中市,南屯區,0,0,0,7,,,50,,,,,,,,,,,,,,,,,,,B03,,,1,,1,,,50,50,1,6,4,120.634172,24.14462,3
1865,66000,387130000C,(04)23274275,(04)23288582,2025,7,5,14,56,臺中市,清水區,0,1,0,7,2,6,50,4,1,1,5,4,6,6,1,1,8,3,4,1,17,3,10,3,1,B03,7,9,1,8,2,5,,20,20,1,12,4,120.559125,24.269721,2
1866,66000,387130000C,(04)23274275,(04)23288582,2025,7,5,14,56,臺中市,東勢區,0,0,0,7,,,60,,,,,,,,,,,,,,,,,,,B03,,,1,,1,,,11,11,1,12,4,120.828037,24.260225,3
1867,66000,387130000C,(04)23274275,(04)23288582,2025,7,5,14,57,臺中市,南屯區,0,0,0,7,,,60,,,,,,,,,,,,,,14,,,,,B03,,,1,,2,,,49,49,1,12,4,120.645071,24.132065,3
1868,66000,387130000C,(04)23274275,(04)23288582,2025,7,5,15,0,臺中市,大甲區,0,0,0,7,,,50,,,,,,,,,,,,,,9,,,,,B03,,,1,,1,,,84,84,1,12,4,120.622357,24.344201,3
1869,66000,387130000C,(04)23274275,(04)23288582,2025,7,5,15,15,臺中市,太平區,0,1,0,7,2,6,50,3,2,1,5,4,6,6,1,1,9,4,4,1,13,2,9,1,1,C04,7,9,1,10,2,11,,7,7,1,12,4,120.72179,24.131119,2
1870,66000,387130000C,(04)23274275,(04)23288582,2025,7,5,15,18,臺中市,南屯區,0,2,0,7,2,6,50,13,9,1,5,4,6,6,4,4,1,3,5,2,16,2,9,2,4,C03,7,8,1,10,2,14,11,84,84,1,13,4,120.646293,24.130216,2
1871,66000,387130000C,(04)23274275,(04)23288582,2025,7,5,15,20,臺中市,豐原區,0,2,0,7,2,6,50,4,1,1,5,4,6,6,1,1,10,5,5,2,17,2,9,2,1,C03,7,6,1,10,2,12,,48,48,1,13,4,120.743761,24.255559,2
1872,66000,387130000C,(04)23274275,(04)23288582,2025,7,5,15,22,臺中市,沙鹿區,0,0,0,7,,,50,,,,,,,,,,,,,,,,,,,B03,,,1,,2,,,15,15,1,13,4,120.568574,24.21657,3
1873,66000,387130000C,(04)23274275,(04)23288582,2025,7,5,15,25,臺中市,大里區,0,0,0,7,,,50,,,,,,,,,,,,,,2,,,,,C03,,,3,,2,,,59,59,1,13,4,120.682628,24.100715,3
1874,66000,387130000C,(04)23274275,(04)23288582,2025,7,5,15,25,臺中市,神岡區,0,1,0,7,2,6,50,13,9,1,5,4,6,6,4,4,5,4,4,2,9,3,10,5,4,B03,7,9,2,19,2,1,,59,59,1,13,4,120.662137,24.258817,2
1875,66000,387130000C,(04)23274275,(04)23288582,2025,7,5,15,26,臺中市,霧峰區,0,1,0,7,2,6,50,4,1,1,5,4,6,6,1,1,3,4,4,1,16,3,10,3,1,B03,7,5,1,8,2,5,,39,39,1,13,4,120.700009,24.073665,2
1876,66000,387130000C,(04)23274275,(04)23288582,2025,7,5,15,27,臺中市,西屯區,0,0,0,7,,,50,,,,,,,,,,,,,,16,,,,,C03,,,1,,1,,,44,44,1,13,4,120.636462,24.163926,3
1877,66000,387130000C,(04)23274275,(04)23288582,2025,7,5,15,28,臺中市,西屯區,0,0,0,7,,,50,,,,,,,,,,,,,,13,,,,,B03,,,1,,1,,,59,59,1,13,4,120.637634,24.167971,3
1878,66000,387130000C,(04)23274275,(04)23288582,2025,7,5,15,30,臺中市,豐原區,0,0,0,7,,,50,,,,,,,,,,,,,,17,,,,,B03,,,1,,1,,,8,8,1,6,4,120.723587,24.26086,3
1879,66000,387130000C,(04)23274275,(04)23288582,2025,7,5,15,41,臺中市,西屯區,0,0,0,7,,3,80,,,,,,,,,,,,,,12,,,,,B03,,,1,,1,,,40,40,1,12,4,120.634948,24.179291,3
1880,66000,387130000C,(04)23274275,(04)23288582,2025,7,5,15,42,臺中市,太平區,0,0,0,7,,,50,,,,,,,,,,,,,,13,,,,,B03,,,1,,2,,,59,59,1,6,4,120.715865,24.13484,3
1881,66000,387130000C,(04)23274275,(04)23288582,2025,7,5,15,42,臺中市,豐原區,0,0,0,7,,,30,,,,,,,,,,,,,,17,,,,,B12,,,1,,2,,,49,49,1,12,4,120.728719,24.224221,3
1882,66000,387130000C,(04)23274275,(04)23288582,2025,7,5,15,43,臺中市,西區,0,1,0,7,2,6,40,13,8,1,5,4,6,6,4,4,5,4,4,2,17,2,9,1,1,C03,7,9,1,10,2,11,12,84,84,1,12,4,120.665476,24.145914,2
1883,66000,387130000C,(04)23274275,(04)23288582,2025,7,5,15,45,臺中市,北屯區,0,0,0,7,,,50,,,,,,,,,,,,,,14,,,,,B03,,,1,,1,,,49,49,1,12,4,120.682299,24.17738,3
1884,66000,387130000C,(04)23274275,(04)23288582,2025,7,5,15,54,臺中市,東勢區,0,2,0,7,2,6,50,13,9,1,5,4,6,6,4,4,5,5,5,2,17,2,7,5,4,C03,7,1,1,10,2,14,,51,51,1,13,4,120.827239,24.259607,2
1885,66000,387130000C,(04)23274275,(04)23288582,2025,7,5,16,1,臺中市,清水區,0,1,0,7,2,6,50,4,1,1,5,4,6,6,1,1,8,3,4,2,12,3,10,1,1,C03,7,5,1,10,2,13,,11,11,1,12,4,120.561153,24.267324,2
1886,66000,387130000C,(04)23274275,(04)23288582,2025,7,5,16,7,臺中市,沙鹿區,0,0,0,7,,,50,,,,,,,,,,,,,,17,,,,,B03,,,1,,2,,,8,8,1,12,4,120.563285,24.236104,3
1887,66000,387130000C,(04)23274275,(04)23288582,2025,7,5,16,8,臺中市,北屯區,0,0,0,6,,,50,,,,,,,,,,,,,,13,,,,,B03,,,1,,1,,,59,59,1,6,4,120.717779,24.182371,3
1888,66000,387130000C,(04)23274275,(04)23288582,2025,7,5,16,9,臺中市,大里區,0,2,0,6,2,6,50,4,1,1,5,4,6,6,4,4,10,5,5,2,17,2,7,1,1,C03,7,9,1,10,2,11,,15,15,1,13,4,120.692342,24.086585,2
1889,66000,387130000C,(04)23274275,(04)23288582,2025,7,5,16,12,臺中市,大里區,0,0,0,6,2,6,30,5,1,1,5,4,6,6,1,1,5,5,5,2,17,,,,,B03,,,1,,2,,,20,20,1,13,4,120.681245,24.104845,3
1890,66000,387130000C,(04)23274275,(04)23288582,2025,7,5,16,18,臺中市,東區,0,2,0,7,3,9,50,13,8,1,5,4,6,6,4,4,9,5,4,2,16,2,8,1,1,C03,7,11,3,19,2,12,,20,20,1,12,4,120.708647,24.144287,2
1891,66000,387130000C,(04)23274275,(04)23288582,2025,7,5,16,19,臺中市,北區,0,1,0,7,2,6,50,11,9,1,5,4,6,6,2,1,10,5,5,2,13,2,8,1,1,C03,7,5,1,10,2,11,,59,59,1,12,4,120.674503,24.16259,2
1892,66000,387130000C,(04)23274275,(04)23288582,2025,7,5,16,26,臺中市,北屯區,0,1,0,6,2,6,50,13,9,1,5,4,6,6,4,4,1,4,5,2,18,2,9,1,1,C03,7,9,1,10,2,14,,82,82,1,6,4,120.700831,24.165085,2
1893,66000,387130000C,(04)23274275,(04)23288582,2025,7,5,16,30,臺中市,太平區,0,1,0,6,3,6,30,13,9,1,5,4,6,6,4,4,10,5,5,2,17,2,9,1,1,F03,7,10,7,21,2,14,,6,6,1,6,4,120.721607,24.131683,2
1894,66000,387130000C,(04)23274275,(04)23288582,2025,7,5,16,30,臺中市,烏日區,0,0,0,7,,,30,,,,,,,,,,,,,,,,,,,B03,,,1,,9,,,8,8,1,6,4,120.642717,24.076809,3
1895,66000,387130000C,(04)23274275,(04)23288582,2025,7,5,16,32,臺中市,北區,0,1,0,7,2,6,50,3,1,1,5,4,6,6,4,4,10,5,5,2,9,2,9,6,5,H01,8,17,7,21,10,17,,99,99,1,13,5,120.684732,24.148595,2
1896,66000,387130000C,(04)23274275,(04)23288582,2025,7,5,16,33,臺中市,南區,0,0,0,7,,,50,,,,,,,,,,,,,,17,,,,,B03,,,1,,2,,,49,49,1,12,4,120.661088,24.129867,3
1897,66000,387130000C,(04)23274275,(04)23288582,2025,7,5,16,34,臺中市,北區,0,0,0,7,,,50,,,,,,,,,,,,,,17,,,,,B03,,,1,,2,,,20,20,1,13,4,120.680976,24.163174,4
1898,66000,387130000C,(04)23274275,(04)23288582,2025,7,5,16,36,臺中市,烏日區,0,0,0,7,,,50,,,,,,,,,,,,,,,,,,,A41,,,1,,2,,,94,94,1,6,4,120.63121,24.104698,3
1899,66000,387130000C,(04)23274275,(04)23288582,2025,7,5,16,47,臺中市,北屯區,0,1,0,7,2,6,50,3,2,1,5,4,6,6,2,1,10,5,5,2,13,3,10,2,1,C03,7,9,1,10,2,11,,58,58,1,12,4,120.70139,24.178247,2
1900,66000,387130000C,(04)23274275,(04)23288582,2025,7,5,16,49,臺中市,西屯區,0,0,0,7,,,30,,,,,,,,,,,,,,12,,,,,B03,,,1,,1,,,8,8,1,12,4,120.6455,24.177882,3
1901,66000,387130000C,(04)23274275,(04)23288582,2025,7,5,16,50,臺中市,大里區,0,1,0,6,2,6,50,13,9,1,5,4,6,6,1,1,5,5,5,2,12,3,10,3,1,B03,7,9,1,8,2,5,,85,85,1,13,4,120.702594,24.087068,2
1902,66000,387130000C,(04)23274275,(04)23288582,2025,7,5,16,54,臺中市,北屯區,0,1,0,6,2,6,40,13,8,1,5,4,6,6,4,4,1,4,4,1,17,2,9,2,1,C03,7,9,1,10,2,11,,59,59,1,12,4,120.713643,24.164683,2
1903,66000,387130000C,(04)23274275,(04)23288582,2025,7,5,16,54,臺中市,霧峰區,0,0,0,6,,,50,,,,,,,,,,,,,,17,,,,,C03,,,1,,2,,,84,84,1,13,4,120.713139,24.077206,3
1904,66000,387130000C,(04)23274275,(04)23288582,2025,7,5,16,54,臺中市,太平區,0,0,0,7,,,30,,,,,,,,,,,,,,,,,,,B03,,,1,,2,,,51,51,1,12,4,120.721022,24.134372,3
1905,66000,387130000C,(04)23274275,(04)23288582,2025,7,5,16,56,臺中市,北屯區,0,0,0,7,,,50,,,,,,,,,,,,,,,,,,,B03,,,1,,2,,,7,7,1,12,4,120.697244,24.17297,3
1906,66000,387130000C,(04)23274275,(04)23288582,2025,7,5,16,57,臺中市,沙鹿區,0,1,0,7,2,6,40,4,1,1,5,4,6,6,2,1,10,5,5,2,13,2,9,2,1,C03,7,9,3,19,2,11,,7,7,1,6,4,120.565952,24.231123,2
1907,66000,387130000C,(04)23274275,(04)23288582,2025,7,5,16,59,臺中市,西區,0,0,0,5,,,50,,,,,,,,,,,,,,,,,,,B01,,,1,,1,,,84,84,1,12,4,120.661905,24.15313,3
1908,66000,387130000C,(04)23274275,(04)23288582,2025,7,5,17,0,臺中市,北屯區,0,0,0,6,,,50,,,,,,,,,,,,,,12,,,,,B03,,,1,,1,,,8,8,1,12,4,120.686288,24.186841,3