序號,縣市別代碼,機關代碼,市話,傳真,年,月,日,時,分,縣市,區,死亡數量,受傷數量,2-30,天候,道路照明設備,道路類別,道路速限,道路型態,事故位置,路面鋪裝,路面狀態,路面缺陷,障礙物,視距,號誌種類,號誌動作,分向設施,快車道或一般車道間,快慢車道間,路面邊線,事故類型及型態,受傷程度,主要傷處,保護裝備,行動電話或功能裝置,當事者區分(類別),車輛用途,當事者行動狀態,駕照狀態,駕照種類,飲酒情形,車輛撞擊部位最初,車輛撞擊部位其他,肇事因素個別,肇事因素主要,肇事逃逸,職業,共享經濟或外送平台,GPS座標X,GPS座標Y,事故類別
1909,66000,387130000C,(04)23274275,(04)23288582,2025,7,5,17,5,臺中市,南區,0,0,0,5,,,40,,,,,,,,,,,,,,16,,,,,C03,,,1,,1,,,84,84,1,13,4,120.672028,24.119189,4
1910,66000,387130000C,(04)23274275,(04)23288582,2025,7,5,17,5,臺中市,西屯區,0,1,0,5,2,6,50,4,1,1,4,4,6,6,2,3,10,5,5,2,12,3,10,3,1,B03,7,5,1,8,2,2,,14,14,1,12,4,120.651843,24.177146,2
1911,66000,387130000C,(04)23274275,(04)23288582,2025,7,5,17,7,臺中市,龍井區,0,0,0,7,,,50,,,,,,,,,,,,,,11,,,,,B03,,,1,,1,,,8,8,1,6,4,120.525619,24.214327,3
1912,66000,387130000C,(04)23274275,(04)23288582,2025,7,5,17,11,臺中市,西屯區,0,2,0,7,2,6,50,3,1,1,5,4,6,6,4,4,10,5,5,2,13,2,8,5,4,C03,7,9,1,10,2,11,,59,59,1,13,4,120.661381,24.172598,2
1913,66000,387130000C,(04)23274275,(04)23288582,2025,7,5,17,12,臺中市,烏日區,0,1,0,6,2,6,50,3,1,1,5,4,6,6,4,4,5,4,4,2,13,2,9,1,1,C03,7,9,1,10,2,11,,84,84,1,6,4,120.607888,24.120167,2
1914,66000,387130000C,(04)23274275,(04)23288582,2025,7,5,17,15,臺中市,神岡區,0,1,0,7,2,6,30,13,9,1,5,4,6,6,4,4,10,5,5,1,27,2,9,5,4,C03,7,9,1,10,2,11,,59,59,1,12,4,120.684715,24.233861,2
1915,66000,387130000C,(04)23274275,(04)23288582,2025,7,5,17,16,臺中市,太平區,0,0,0,5,,,40,,,,,,,,,,,,,,17,,,,,B03,,,1,,2,,,51,51,1,6,4,120.74995,24.123837,3
1916,66000,387130000C,(04)23274275,(04)23288582,2025,7,5,17,18,臺中市,北屯區,0,0,0,6,,,50,,,,,,,,,,,,,,17,,,,,B03,,,1,,1,,,50,50,1,6,4,120.719172,24.174498,3
1917,66000,387130000C,(04)23274275,(04)23288582,2025,7,5,17,25,臺中市,南屯區,0,0,0,6,,,50,,,,,,,,,,,,,,,,,,,C03,,,1,,1,,,84,84,1,6,4,120.623346,24.151458,3
1918,66000,387130000C,(04)23274275,(04)23288582,2025,7,5,17,26,臺中市,烏日區,0,0,0,5,,,50,,,,,,,,,,,,,,,,,,,B11,,,1,,1,,,40,40,1,6,4,120.587642,24.113229,3
1919,66000,387130000C,(04)23274275,(04)23288582,2025,7,5,17,27,臺中市,神岡區,0,0,0,7,,,50,,,,,,,,,,,,,,13,,,,,B03,,,1,,1,,,7,7,1,13,4,120.656626,24.250868,3
1920,66000,387130000C,(04)23274275,(04)23288582,2025,7,5,17,29,臺中市,清水區,0,1,0,7,2,6,50,4,1,1,5,4,6,6,4,4,8,3,4,2,15,2,9,1,1,C03,7,9,1,10,2,12,,15,15,1,12,4,120.577786,24.271173,2
1921,66000,387130000C,(04)23274275,(04)23288582,2025,7,5,17,31,臺中市,西區,0,1,0,5,2,6,50,4,2,1,4,4,5,6,2,1,5,4,5,1,17,3,10,2,1,C03,7,9,1,10,2,16,,84,84,1,13,4,120.66981,24.13305,2
1922,66000,387130000C,(04)23274275,(04)23288582,2025,7,5,17,31,臺中市,北區,0,0,0,5,,,50,,,,,,,,,,,,,,13,,,,,B03,,,1,,1,,,58,58,1,13,4,120.685373,24.163417,3
1923,66000,387130000C,(04)23274275,(04)23288582,2025,7,5,17,34,臺中市,豐原區,0,1,0,6,2,6,50,3,1,1,5,4,6,6,3,1,5,4,4,2,17,3,10,1,1,C03,7,7,1,10,2,16,,40,40,1,12,2,120.741478,24.255535,2
1924,66000,387130000C,(04)23274275,(04)23288582,2025,7,5,17,41,臺中市,西屯區,0,4,0,5,1,6,50,13,9,1,4,4,6,6,4,4,8,5,5,1,17,2,9,5,4,C03,7,3,1,10,2,13,,50,50,1,13,4,120.659458,24.160898,2
1925,66000,387130000C,(04)23274275,(04)23288582,2025,7,5,17,42,臺中市,梧棲區,0,1,0,7,2,6,50,4,1,1,5,4,6,6,1,1,10,5,5,2,15,4,11,1,1,C03,7,9,3,19,9,11,,21,21,1,12,4,120.537129,24.242332,2
1926,66000,387130000C,(04)23274275,(04)23288582,2025,7,5,17,46,臺中市,霧峰區,0,0,0,5,,,50,,,,,,,,,,,,,,,,,,,B03,,,1,,1,,,84,84,1,13,4,120.673383,24.022305,3
1927,66000,387130000C,(04)23274275,(04)23288582,2025,7,5,17,46,臺中市,神岡區,0,0,0,7,,,50,,,,,,,,,,,,,,16,,,,,C03,,,1,,2,,,40,40,1,12,4,120.670838,24.25629,3
1928,66000,387130000C,(04)23274275,(04)23288582,2025,7,5,17,49,臺中市,梧棲區,0,0,0,7,,,70,,,,,,,,,,,,,,13,,,,,B03,,,1,,2,,,7,7,1,6,4,120.545059,24.226991,3
1929,66000,387130000C,(04)23274275,(04)23288582,2025,7,5,17,51,臺中市,烏日區,0,1,0,5,3,3,80,13,7,1,4,4,6,6,4,4,1,4,1,1,12,3,10,3,1,B03,7,9,1,8,2,8,,8,8,1,6,4,120.616521,24.107356,2
1930,66000,387130000C,(04)23274275,(04)23288582,2025,7,5,17,52,臺中市,北區,0,0,0,5,,,50,,,,,,,,,,,,,,13,,,,,B03,,,1,,1,,,59,59,1,12,4,120.693744,24.155055,3
1931,66000,387130000C,(04)23274275,(04)23288582,2025,7,5,17,54,臺中市,烏日區,0,0,0,5,,3,80,,,,,,,,,,,,,,,,,,,B03,,,1,,1,,,7,7,1,13,4,120.614765,24.104996,3
1932,66000,387130000C,(04)23274275,(04)23288582,2025,7,5,17,54,臺中市,沙鹿區,0,1,0,7,2,6,30,4,1,1,5,4,6,6,4,4,10,5,5,2,15,2,8,2,1,C03,7,9,1,10,2,11,,12,12,1,6,4,120.56497,24.250409,2
1933,66000,387130000C,(04)23274275,(04)23288582,2025,7,5,17,56,臺中市,梧棲區,0,0,0,7,,,50,,,,,,,,,,,,,,12,,,,,C03,,,1,,2,,,8,8,1,6,4,120.529211,24.251659,3
1934,66000,387130000C,(04)23274275,(04)23288582,2025,7,5,17,59,臺中市,后里區,0,0,0,6,2,6,50,13,9,1,4,4,6,6,4,4,5,4,4,1,13,,,,,B03,,,1,,2,,,7,7,1,6,4,120.706157,24.311723,3
1935,66000,387130000C,(04)23274275,(04)23288582,2025,7,5,18,1,臺中市,潭子區,0,0,0,6,,,50,,,,,,,,,,,,,,,,,,,B03,,,1,,2,,,8,8,1,13,4,120.692368,24.225449,3
1936,66000,387130000C,(04)23274275,(04)23288582,2025,7,5,18,1,臺中市,北屯區,0,0,0,5,,,40,,,,,,,,,,,,,,,,,,,B12,,,1,,2,,,84,84,1,12,4,120.718994,24.161892,3
1937,66000,387130000C,(04)23274275,(04)23288582,2025,7,5,18,1,臺中市,大里區,0,0,0,7,,,60,,,,,,,,,,,,,,12,,,,,B03,,,1,,1,,,40,40,1,13,4,120.692029,24.100532,3
1938,66000,387130000C,(04)23274275,(04)23288582,2025,7,5,18,2,臺中市,西屯區,0,0,0,5,,,40,,,,,,,,,,,,,,13,,,,,B03,,,1,,1,,,59,59,1,12,4,120.629467,24.163331,3
1939,66000,387130000C,(04)23274275,(04)23288582,2025,7,5,18,6,臺中市,豐原區,0,1,0,6,2,6,30,3,1,1,4,4,6,6,4,4,10,5,5,1,17,3,10,5,4,B03,7,6,1,8,2,5,,15,15,1,12,4,120.728405,24.263697,2
1940,66000,387130000C,(04)23274275,(04)23288582,2025,7,5,18,9,臺中市,大里區,0,1,0,5,2,6,50,4,2,1,4,4,5,6,4,4,9,5,4,2,17,2,9,1,1,C03,7,9,1,10,2,12,,84,84,1,13,4,120.690984,24.104117,2
1941,66000,387130000C,(04)23274275,(04)23288582,2025,7,5,18,9,臺中市,烏日區,0,0,0,5,,,30,,,,,,,,,,,,,,,,,,,B03,,,1,,2,,,84,84,1,6,4,120.618355,24.105142,3
1942,66000,387130000C,(04)23274275,(04)23288582,2025,7,5,18,9,臺中市,大甲區,0,2,0,7,2,6,0,13,21,4,5,4,6,6,4,4,10,5,5,2,17,2,9,1,1,C03,7,9,1,10,2,11,,30,30,1,12,2,120.618389,24.353626,2
1943,66000,387130000C,(04)23274275,(04)23288582,2025,7,5,18,10,臺中市,潭子區,0,2,0,5,3,6,50,4,1,1,4,4,6,6,1,1,5,5,5,1,15,2,9,2,1,C03,7,9,1,10,2,12,,21,21,1,13,4,120.718719,24.204122,2
1944,66000,387130000C,(04)23274275,(04)23288582,2025,7,5,18,10,臺中市,南屯區,0,0,0,5,,,50,,,,,,,,,,,,,,,,,,,B01,,,1,,1,,,7,7,1,12,4,120.640719,24.146487,3
1945,66000,387130000C,(04)23274275,(04)23288582,2025,7,5,18,11,臺中市,西屯區,0,1,0,5,2,6,50,3,1,1,4,4,6,6,4,4,5,4,5,2,12,3,10,5,4,B03,7,15,1,8,2,8,,76,76,1,12,4,120.620713,24.187084,2
1946,66000,387130000C,(04)23274275,(04)23288582,2025,7,5,18,12,臺中市,東區,0,1,0,5,1,6,50,4,1,1,4,4,6,6,2,1,10,5,5,2,16,3,10,2,1,C02,7,6,3,19,9,14,,11,11,2,6,4,120.685511,24.134075,2
1947,66000,387130000C,(04)23274275,(04)23288582,2025,7,5,18,13,臺中市,北屯區,0,0,0,5,,,50,,,,,,,,,,,,,,,,,,,B03,,,1,,1,,,58,58,1,6,4,120.686394,24.193497,3
1948,66000,387130000C,(04)23274275,(04)23288582,2025,7,5,18,15,臺中市,東區,0,0,0,5,,,50,,,,,,,,,,,,,,12,,,,,B03,,,1,,1,,,2,2,1,12,4,120.689545,24.137552,3
1949,66000,387130000C,(04)23274275,(04)23288582,2025,7,5,18,18,臺中市,西區,0,0,0,5,,,50,,,,,,,,,,,,,,,,,,,B03,,,1,,1,,,13,13,1,12,4,120.672886,24.151579,3
1950,66000,387130000C,(04)23274275,(04)23288582,2025,7,5,18,18,臺中市,西屯區,0,1,0,5,2,6,50,4,1,1,4,4,6,6,2,1,10,5,5,2,16,2,8,5,4,C03,7,9,1,10,2,15,,84,84,1,13,4,120.644251,24.194815,2
1951,66000,387130000C,(04)23274275,(04)23288582,2025,7,5,18,20,臺中市,西屯區,0,1,0,5,1,6,40,13,8,1,4,4,6,6,4,4,1,4,1,1,18,2,9,5,4,C03,7,9,1,10,2,14,,59,59,1,13,4,120.639332,24.189703,2
1952,66000,387130000C,(04)23274275,(04)23288582,2025,7,5,18,20,臺中市,烏日區,0,0,0,5,1,6,50,9,9,1,4,4,6,6,4,4,1,5,5,1,13,3,10,1,1,C03,7,9,1,10,2,11,,7,7,1,5,4,120.584477,24.112913,3
1953,66000,387130000C,(04)23274275,(04)23288582,2025,7,5,18,21,臺中市,東區,0,0,0,7,,,50,,,,,,,,,,,,,,14,,,,,B03,,,1,,1,,,84,84,1,12,4,120.708356,24.144555,3
1954,66000,387130000C,(04)23274275,(04)23288582,2025,7,5,18,22,臺中市,西屯區,0,0,0,5,,,50,,,,,,,,,,,,,,14,,,,,B03,,,1,,1,,,49,49,1,12,4,120.657389,24.157743,3
1955,66000,387130000C,(04)23274275,(04)23288582,2025,7,5,18,24,臺中市,龍井區,0,4,0,5,2,6,60,13,7,1,4,4,6,6,2,1,9,4,3,2,13,2,9,3,1,B03,7,9,1,8,2,8,,84,84,1,13,4,120.579912,24.192514,2
1956,66000,387130000C,(04)23274275,(04)23288582,2025,7,5,18,25,臺中市,大雅區,0,0,0,5,1,6,0,13,9,1,4,4,6,6,4,4,1,3,4,1,12,,,,,B03,,,1,,2,,,77,77,1,13,4,120.648701,24.221248,3
1957,66000,387130000C,(04)23274275,(04)23288582,2025,7,5,18,27,臺中市,沙鹿區,0,2,0,6,2,6,50,3,1,1,5,4,6,6,4,4,3,4,4,2,17,2,9,1,1,C03,7,6,1,10,1,12,,14,14,1,13,2,120.560232,24.239156,2
1958,66000,387130000C,(04)23274275,(04)23288582,2025,7,5,18,28,臺中市,沙鹿區,0,0,0,7,,,50,,,,,,,,,,,,,,,,,,,B03,,,1,,2,,,49,49,1,6,4,120.562858,24.237433,3
1959,66000,387130000C,(04)23274275,(04)23288582,2025,7,5,18,30,臺中市,西屯區,0,0,0,5,,,50,,,,,,,,,,,,,,18,,,,,C03,,,1,,2,,,87,87,1,12,4,120.654025,24.164929,3
1960,66000,387130000C,(04)23274275,(04)23288582,2025,7,5,18,33,臺中市,中區,0,2,0,5,1,6,50,13,9,1,4,4,6,6,1,1,5,4,5,1,9,2,9,6,5,H01,8,16,7,21,10,17,,99,99,1,12,5,120.678324,24.139277,2
1961,66000,387130000C,(04)23274275,(04)23288582,2025,7,5,18,36,臺中市,西屯區,0,0,0,5,,,40,,,,,,,,,,,,,,14,,,,,B03,,,1,,1,,,49,49,1,12,4,120.653258,24.160817,3
1962,66000,387130000C,(04)23274275,(04)23288582,2025,7,5,18,36,臺中市,清水區,0,0,0,5,1,6,50,13,9,1,5,4,6,6,1,1,8,5,5,2,12,,,,,B03,,,1,,9,,,50,50,1,12,4,120.574535,24.269431,3
1963,66000,387130000C,(04)23274275,(04)23288582,2025,7,5,18,39,臺中市,梧棲區,0,0,0,5,,,40,,,,,,,,,,,,,,12,,,,,C03,,,1,,2,,,8,8,1,6,4,120.554708,24.243544,3
1964,66000,387130000C,(04)23274275,(04)23288582,2025,7,5,18,42,臺中市,西屯區,0,1,0,5,1,6,40,13,8,1,4,4,6,6,1,1,1,4,1,2,12,3,10,3,1,B03,7,9,1,8,2,8,,8,8,1,12,4,120.643643,24.165818,2
1965,66000,387130000C,(04)23274275,(04)23288582,2025,7,5,18,43,臺中市,西屯區,0,0,0,5,,,40,,,,,,,,,,,,,,13,,,,,B03,,,1,,1,,,84,84,1,12,4,120.615369,24.183119,3
1966,66000,387130000C,(04)23274275,(04)23288582,2025,7,5,18,43,臺中市,大甲區,0,0,0,5,,,30,,,,,,,,,,,,,,30,,,,,B03,,,1,,1,,,43,43,1,6,4,120.654009,24.391399,3
1967,66000,387130000C,(04)23274275,(04)23288582,2025,7,5,18,44,臺中市,南屯區,0,0,0,5,,,50,,,,,,,,,,,,,,13,,,,,B03,,,1,,1,,,7,7,1,13,4,120.637922,24.148651,3
1968,66000,387130000C,(04)23274275,(04)23288582,2025,7,5,18,45,臺中市,東區,0,0,0,7,,,50,,,,,,,,,,,,,,17,,,,,B01,,,1,,1,,,50,50,1,12,4,120.691786,24.129464,3
1969,66000,387130000C,(04)23274275,(04)23288582,2025,7,5,18,46,臺中市,南區,0,0,0,5,,,50,,,,,,,,,,,,,,17,,,,,B03,,,1,,2,,,49,49,1,12,4,120.665679,24.117707,3
1970,66000,387130000C,(04)23274275,(04)23288582,2025,7,5,18,54,臺中市,南屯區,0,0,0,5,,,50,,,,,,,,,,,,,,12,,,,,B03,,,1,,1,,,84,84,1,13,4,120.642633,24.147794,3
1971,66000,387130000C,(04)23274275,(04)23288582,2025,7,5,18,54,臺中市,烏日區,0,0,0,5,,,70,,,,,,,,,,,,,,13,,,,,B03,,,1,,1,,,82,82,1,12,4,120.609013,24.107958,3
1972,66000,387130000C,(04)23274275,(04)23288582,2025,7,5,18,55,臺中市,西屯區,0,1,0,5,2,6,50,4,6,1,4,4,6,6,1,1,10,5,5,2,30,2,9,5,4,C03,7,5,1,10,2,14,,87,87,1,13,4,120.607156,24.160166,2
1973,66000,387130000C,(04)23274275,(04)23288582,2025,7,5,18,58,臺中市,西屯區,0,0,0,5,,,,,,,,,,,,,,,,,17,,,,,,,,,,,,,119,119,1,,,120.632215,24.162152,3
1974,66000,387130000C,(04)23274275,(04)23288582,2025,7,5,18,59,臺中市,大里區,0,0,0,5,,,50,,,,,,,,,,,,,,17,,,,,B03,,,1,,1,,,7,7,1,13,4,120.684144,24.075981,3
1975,66000,387130000C,(04)23274275,(04)23288582,2025,7,5,19,0,臺中市,南屯區,0,0,0,5,,,50,,,,,,,,,,,,,,,,,,,B03,,,1,,1,,,84,84,1,6,4,120.646494,24.130817,3
1976,66000,387130000C,(04)23274275,(04)23288582,2025,7,5,19,0,臺中市,大里區,0,1,0,6,3,6,50,13,9,1,4,4,6,6,4,4,3,4,5,1,18,2,9,5,4,C03,7,9,1,10,2,11,,84,84,1,13,4,120.683716,24.098027,2
1977,66000,387130000C,(04)23274275,(04)23288582,2025,7,5,19,0,臺中市,烏日區,0,1,0,5,1,6,50,4,1,1,4,4,6,6,2,1,10,5,5,2,3,3,10,3,1,B03,7,6,1,8,2,1,,10,10,1,6,4,120.597409,24.10839,2
1978,66000,387130000C,(04)23274275,(04)23288582,2025,7,5,19,0,臺中市,后里區,0,0,0,7,1,6,60,4,1,1,5,4,6,6,1,1,1,1,1,2,15,3,10,3,1,B03,7,6,1,8,1,1,5,11,11,1,13,4,120.701911,24.324101,3
1979,66000,387130000C,(04)23274275,(04)23288582,2025,7,5,19,2,臺中市,霧峰區,0,1,0,5,1,6,80,13,9,1,4,4,6,6,4,4,2,4,5,1,13,3,10,3,1,B03,7,9,1,8,2,1,,7,7,1,13,4,120.689871,24.064078,2
1980,66000,387130000C,(04)23274275,(04)23288582,2025,7,5,19,5,臺中市,沙鹿區,0,0,0,5,,,50,,,,,,,,,,,,,,14,,,,,B03,,,1,,1,,,49,49,1,12,4,120.564384,24.24177,3
1981,66000,387130000C,(04)23274275,(04)23288582,2025,7,5,19,9,臺中市,北區,0,1,0,5,1,6,50,3,1,1,4,4,6,6,4,4,10,5,5,2,17,2,9,1,1,C03,7,9,1,10,2,15,,84,84,1,13,4,120.666606,24.169232,2
1982,66000,387130000C,(04)23274275,(04)23288582,2025,7,5,19,12,臺中市,大里區,0,0,0,5,1,6,60,4,1,1,4,4,6,6,1,1,1,2,4,1,16,,,,,B03,,,1,,2,,,45,45,1,13,4,120.680164,24.104495,3
1983,66000,387130000C,(04)23274275,(04)23288582,2025,7,5,19,12,臺中市,沙鹿區,0,0,0,5,,,60,,,,,,,,,,,,,,,,,,,B03,,,1,,2,,,49,49,1,6,4,120.564601,24.206197,3
1984,66000,387130000C,(04)23274275,(04)23288582,2025,7,5,19,13,臺中市,大里區,0,0,0,7,,,50,,,,,,,,,,,,,,25,,,,,B03,,,1,,2,,,8,8,1,13,4,120.682003,24.115477,4
1985,66000,387130000C,(04)23274275,(04)23288582,2025,7,5,19,15,臺中市,大雅區,0,0,0,5,,,0,,,,,,,,,,,,,,,,,,,B03,,,1,,1,,,51,51,1,13,4,120.65639,24.22032,3
1986,66000,387130000C,(04)23274275,(04)23288582,2025,7,5,19,19,臺中市,太平區,0,1,0,5,1,6,50,5,4,1,4,4,6,6,2,1,5,5,5,2,13,3,10,3,1,B12,7,9,1,8,2,1,,84,84,1,12,4,120.72481,24.149794,2
1987,66000,387130000C,(04)23274275,(04)23288582,2025,7,5,19,19,臺中市,梧棲區,0,0,0,7,,3,90,,,,,,,,,,,,,,18,,,,,B03,,,1,,1,,,87,87,1,6,4,120.532592,24.241925,3
1988,66000,387130000C,(04)23274275,(04)23288582,2025,7,5,19,20,臺中市,龍井區,0,0,0,5,,,30,,,,,,,,,,,,,,12,,,,,B03,,,1,,2,,,84,84,1,12,4,120.590985,24.179641,3
1989,66000,387130000C,(04)23274275,(04)23288582,2025,7,5,19,21,臺中市,大甲區,0,0,1,5,3,6,50,13,9,1,4,4,6,6,4,4,9,5,5,1,3,3,10,3,1,B03,7,9,1,8,2,1,,84,84,1,6,4,120.605421,24.338948,2
1990,66000,387130000C,(04)23274275,(04)23288582,2025,7,5,19,22,臺中市,烏日區,0,0,0,5,,,40,,,,,,,,,,,,,,,,,,,B12,,,1,,1,,,7,7,1,6,4,120.61737,24.118571,3
1991,66000,387130000C,(04)23274275,(04)23288582,2025,7,5,19,25,臺中市,烏日區,0,0,0,5,,,30,,,,,,,,,,,,,,,,,,,B03,,,1,,2,,,8,8,1,13,4,120.636003,24.109381,3
1992,66000,387130000C,(04)23274275,(04)23288582,2025,7,5,19,26,臺中市,西區,0,0,0,6,,,50,,,,,,,,,,,,,,13,,,,,B03,,,1,,1,,,7,7,1,13,4,120.662609,24.155678,3
1993,66000,387130000C,(04)23274275,(04)23288582,2025,7,5,19,30,臺中市,清水區,0,0,0,5,1,6,50,4,1,1,5,4,6,6,4,4,8,4,5,2,12,,,,,B03,,,1,,1,,,84,84,1,12,4,120.569744,24.280579,3
1994,66000,387130000C,(04)23274275,(04)23288582,2025,7,5,19,35,臺中市,梧棲區,0,1,0,5,1,6,30,4,1,1,4,4,6,6,4,4,10,5,5,2,15,2,9,1,1,C03,7,9,1,10,2,11,,15,15,1,6,4,120.531599,24.24049,2
1995,66000,387130000C,(04)23274275,(04)23288582,2025,7,5,19,38,臺中市,南區,0,0,0,5,,,50,,,,,,,,,,,,,,24,,,,,B03,,,1,,2,,,84,84,1,13,4,120.658085,24.130129,3
1996,66000,387130000C,(04)23274275,(04)23288582,2025,7,5,19,40,臺中市,南區,0,0,0,5,,,50,,,,,,,,,,,,,,24,,,,,B01,,,1,,2,,,84,84,1,6,4,120.65832,24.130135,3
1997,66000,387130000C,(04)23274275,(04)23288582,2025,7,5,19,45,臺中市,西屯區,0,0,0,5,,,50,,,,,,,,,,,,,,12,,,,,B03,,,1,,1,,,47,47,1,12,4,120.645191,24.162759,3
1998,66000,387130000C,(04)23274275,(04)23288582,2025,7,5,19,56,臺中市,西屯區,0,1,0,6,1,6,40,5,1,1,4,4,6,6,2,1,10,5,5,2,12,3,10,3,4,B03,7,7,1,8,2,16,,40,40,1,11,4,120.619111,24.181355,2
1999,66000,387130000C,(04)23274275,(04)23288582,2025,7,5,20,3,臺中市,西屯區,0,1,0,6,1,6,40,3,1,1,4,4,6,6,4,4,10,5,5,2,18,2,9,2,1,C03,7,12,1,10,2,14,,59,59,1,12,4,120.644283,24.166354,2
2000,66000,387130000C,(04)23274275,(04)23288582,2025,7,5,20,6,臺中市,南屯區,0,1,0,5,2,6,50,4,2,1,4,4,6,6,2,1,9,4,5,2,17,2,9,1,1,C03,7,9,1,10,2,12,,84,84,1,12,4,120.635236,24.151306,2
2001,66000,387130000C,(04)23274275,(04)23288582,2025,7,5,20,11,臺中市,大雅區,0,0,0,6,,,50,,,,,,,,,,,,,,,,,,,B03,,,1,,2,,,7,7,1,12,4,120.648355,24.221185,3
2002,66000,387130000C,(04)23274275,(04)23288582,2025,7,5,20,24,臺中市,梧棲區,0,0,0,5,,,50,,,,,,,,,,,,,,14,,,,,B03,,,1,,1,,,49,49,1,6,4,120.535894,24.255254,3
2003,66000,387130000C,(04)23274275,(04)23288582,2025,7,5,20,26,臺中市,東區,0,0,0,7,,,50,,,,,,,,,,,,,,13,,,,,C03,,,1,,1,,,84,84,1,12,4,120.700783,24.125189,3
2004,66000,387130000C,(04)23274275,(04)23288582,2025,7,5,20,30,臺中市,大甲區,0,0,0,7,,,30,,,,,,,,,,,,,,,,,,,B03,,,1,,2,,,87,87,1,12,4,120.659945,24.38566,3
2005,66000,387130000C,(04)23274275,(04)23288582,2025,7,5,20,32,臺中市,神岡區,0,0,0,7,,,50,,,,,,,,,,,,,,17,,,,,B12,,,1,,1,,,39,39,1,13,4,120.708962,24.259443,3
2006,66000,387130000C,(04)23274275,(04)23288582,2025,7,5,20,36,臺中市,南屯區,0,1,0,5,1,6,50,4,1,1,4,4,6,6,3,1,10,5,5,2,15,3,10,5,4,B03,7,9,1,8,2,5,,84,84,1,13,4,120.632545,24.145587,2
2007,66000,387130000C,(04)23274275,(04)23288582,2025,7,5,20,45,臺中市,西屯區,0,1,0,6,1,6,50,4,4,1,4,4,6,6,1,1,5,4,5,2,18,2,9,2,1,C03,7,5,1,10,2,12,,59,59,1,12,4,120.644569,24.185072,2
2008,66000,387130000C,(04)23274275,(04)23288582,2025,7,5,20,57,臺中市,北屯區,0,1,0,7,1,6,50,4,1,1,5,4,6,6,2,1,5,5,4,2,16,3,10,3,1,B03,7,5,1,8,1,2,,47,47,1,12,4,120.663051,24.178928,2
2009,66000,387130000C,(04)23274275,(04)23288582,2025,7,5,21,3,臺中市,豐原區,0,0,0,7,1,6,30,4,9,1,5,4,6,6,3,1,5,5,5,1,17,3,10,,,,,6,,,,,,24,24,2,,,120.72641,24.245915,3
2010,66000,387130000C,(04)23274275,(04)23288582,2025,7,5,21,8,臺中市,烏日區,0,2,0,7,1,6,50,13,9,1,5,4,6,6,4,4,5,4,5,1,12,2,9,2,1,C03,7,8,1,10,2,14,,40,40,1,6,4,120.633068,24.098462,2
2011,66000,387130000C,(04)23274275,(04)23288582,2025,7,5,21,15,臺中市,大雅區,0,0,0,7,,,50,,,,,,,,,,,,,,,,,,,B03,,,3,,2,,,45,45,1,13,4,120.653571,24.224802,3
2012,66000,387130000C,(04)23274275,(04)23288582,2025,7,5,21,24,臺中市,西區,0,0,0,7,,,50,,,,,,,,,,,,,,,,,,,B02,,,1,,2,,,50,50,1,12,4,120.65513,24.149932,3
2013,66000,387130000C,(04)23274275,(04)23288582,2025,7,5,21,29,臺中市,北區,0,0,0,5,,,50,,,,,,,,,,,,,,17,,,,,,,,,,,,,119,119,1,,,120.682175,24.151197,3
2014,66000,387130000C,(04)23274275,(04)23288582,2025,7,5,21,30,臺中市,北屯區,0,0,0,7,,,50,,,,,,,,,,,,,,12,,,,,B03,,,1,,1,,,11,11,1,12,4,120.704454,24.164862,3
2015,66000,387130000C,(04)23274275,(04)23288582,2025,7,5,21,33,臺中市,西屯區,0,0,0,7,,,30,,,,,,,,,,,,,,17,,,,,B01,,,1,,9,,,59,59,1,12,4,120.642433,24.176976,3
2016,66000,387130000C,(04)23274275,(04)23288582,2025,7,5,21,33,臺中市,太平區,0,0,0,7,,,50,,,,,,,,,,,,,,17,,,,,A05,,,1,,9,,,84,84,1,12,4,120.714907,24.118021,3
2017,66000,387130000C,(04)23274275,(04)23288582,2025,7,5,21,37,臺中市,北屯區,0,0,0,6,,,50,,,,,,,,,,,,,,13,,,,,B03,,,1,,1,,,59,59,1,12,4,120.706006,24.164831,3
2018,66000,387130000C,(04)23274275,(04)23288582,2025,7,5,21,37,臺中市,北屯區,0,0,0,6,,,50,,,,,,,,,,,,,,13,,,,,C03,,,1,,2,,,58,58,1,5,4,120.69083,24.180345,3
2019,66000,387130000C,(04)23274275,(04)23288582,2025,7,5,21,37,臺中市,龍井區,0,1,0,6,3,6,50,4,1,1,5,4,6,6,4,4,10,5,5,2,17,2,9,2,1,C03,7,9,1,10,2,11,,15,15,1,13,4,120.545843,24.177228,2
2020,66000,387130000C,(04)23274275,(04)23288582,2025,7,5,21,39,臺中市,北屯區,0,1,0,7,1,6,50,13,7,1,5,4,6,6,4,4,5,5,4,2,17,3,10,2,1,C04,7,8,1,8,2,13,,40,40,1,6,4,120.715157,24.163597,2
2021,66000,387130000C,(04)23274275,(04)23288582,2025,7,5,21,43,臺中市,東區,0,0,0,7,,,50,,,,,,,,,,,,,,13,,,,,B03,,,1,,2,,,7,7,1,12,4,120.69244,24.145338,3
2022,66000,387130000C,(04)23274275,(04)23288582,2025,7,5,21,43,臺中市,霧峰區,0,1,0,6,1,6,50,13,9,1,5,4,6,6,4,4,5,4,5,1,18,2,9,1,1,C03,7,9,1,10,2,11,,84,84,1,13,4,120.688836,24.056873,2