序號,縣市別代碼,機關代碼,市話,傳真,年,月,日,時,分,縣市,區,死亡數量,受傷數量,2-30,天候,道路照明設備,道路類別,道路速限,道路型態,事故位置,路面鋪裝,路面狀態,路面缺陷,障礙物,視距,號誌種類,號誌動作,分向設施,快車道或一般車道間,快慢車道間,路面邊線,事故類型及型態,受傷程度,主要傷處,保護裝備,行動電話或功能裝置,當事者區分(類別),車輛用途,當事者行動狀態,駕照狀態,駕照種類,飲酒情形,車輛撞擊部位最初,車輛撞擊部位其他,肇事因素個別,肇事因素主要,肇事逃逸,職業,共享經濟或外送平台,GPS座標X,GPS座標Y,事故類別
2133,66000,387130000C,(04)23274275,(04)23288582,2025,7,6,12,14,臺中市,南屯區,0,0,0,5,,,50,,,,,,,,,,,,,,17,,,,,B03,,,1,,1,,,39,39,1,12,4,120.61213,24.149117,3
2134,66000,387130000C,(04)23274275,(04)23288582,2025,7,6,12,19,臺中市,潭子區,0,1,0,6,3,6,30,3,1,1,5,4,6,6,4,4,10,5,5,1,17,2,9,2,1,C03,7,6,1,10,2,12,,14,14,1,13,4,120.683074,24.227598,2
2135,66000,387130000C,(04)23274275,(04)23288582,2025,7,6,12,20,臺中市,太平區,0,1,0,7,3,6,30,5,2,1,4,4,6,6,4,4,10,5,5,2,17,2,9,1,1,C03,7,9,1,10,2,11,,15,15,1,12,4,120.719147,24.150459,2
2136,66000,387130000C,(04)23274275,(04)23288582,2025,7,6,12,23,臺中市,西區,0,0,0,6,,,0,,,,,,,,,,,,,,17,,,,,C03,,,1,,1,,,84,84,2,12,4,120.661476,24.146955,3
2137,66000,387130000C,(04)23274275,(04)23288582,2025,7,6,12,23,臺中市,烏日區,0,0,0,6,,,50,,,,,,,,,,,,,,13,,,,,B03,,,1,,2,,,8,8,1,6,4,120.618724,24.115942,3
2138,66000,387130000C,(04)23274275,(04)23288582,2025,7,6,12,23,臺中市,龍井區,0,1,0,6,3,6,50,13,7,1,4,4,6,6,1,1,1,2,4,2,18,2,7,1,1,C03,7,9,1,10,2,12,,59,59,1,5,4,120.545542,24.190616,2
2139,66000,387130000C,(04)23274275,(04)23288582,2025,7,6,12,27,臺中市,北屯區,0,0,0,7,,,50,,,,,,,,,,,,,,,,,,,B12,,,1,,9,,,49,49,1,12,4,120.688332,24.171608,3
2140,66000,387130000C,(04)23274275,(04)23288582,2025,7,6,12,28,臺中市,大雅區,0,0,0,5,,,50,,,,,,,,,,,,,,,,,,,B03,,,1,,2,,,47,47,1,12,4,120.666806,24.232802,3
2141,66000,387130000C,(04)23274275,(04)23288582,2025,7,6,12,31,臺中市,太平區,0,1,0,7,2,6,50,13,9,1,5,4,6,6,4,4,5,2,5,1,16,2,8,1,1,F03,7,11,7,21,1,12,14,39,39,1,12,4,120.713307,24.124907,2
2142,66000,387130000C,(04)23274275,(04)23288582,2025,7,6,12,40,臺中市,東區,0,0,0,7,,,30,,,,,,,,,,,,,,27,,,,,B03,,,1,,1,,,84,84,1,13,4,120.68629,24.135135,3
2143,66000,387130000C,(04)23274275,(04)23288582,2025,7,6,12,52,臺中市,豐原區,0,0,0,6,,,50,,,,,,,,,,,,,,18,,,,,C03,,,1,,1,,,84,84,1,12,4,120.701947,24.244653,3
2144,66000,387130000C,(04)23274275,(04)23288582,2025,7,6,12,57,臺中市,潭子區,0,2,0,7,3,6,60,4,4,1,5,4,6,6,1,1,1,4,4,1,13,2,8,2,1,C03,7,9,1,10,2,12,,7,7,1,13,4,120.705749,24.218166,2
2145,66000,387130000C,(04)23274275,(04)23288582,2025,7,6,12,57,臺中市,豐原區,0,2,0,5,2,6,50,4,1,1,4,4,6,6,1,1,5,5,4,2,12,2,9,5,4,C03,7,9,1,10,2,11,,4,4,1,13,4,120.723818,24.247365,2
2146,66000,387130000C,(04)23274275,(04)23288582,2025,7,6,12,59,臺中市,西區,0,1,0,7,2,6,50,4,1,1,5,4,6,6,1,1,10,5,5,2,17,3,10,3,1,B03,7,5,1,8,2,5,,11,11,1,13,4,120.665449,24.13779,2
2147,66000,387130000C,(04)23274275,(04)23288582,2025,7,6,13,6,臺中市,大甲區,0,0,0,6,,,50,,,,,,,,,,,,,,13,,,,,B03,,,1,,1,,,59,59,1,6,4,120.629951,24.345547,3
2148,66000,387130000C,(04)23274275,(04)23288582,2025,7,6,13,14,臺中市,沙鹿區,0,0,0,7,,,60,,,,,,,,,,,,,,,,,,,B03,,,1,,2,,,84,84,1,13,4,120.575667,24.227378,3
2149,66000,387130000C,(04)23274275,(04)23288582,2025,7,6,13,22,臺中市,東勢區,0,0,0,7,,,50,,,,,,,,,,,,,,,,,,,B12,,,1,,1,,,84,84,1,12,4,120.831521,24.274255,3
2150,66000,387130000C,(04)23274275,(04)23288582,2025,7,6,13,25,臺中市,北屯區,0,0,0,7,,,50,,,,,,,,,,,,,,,,,,,B03,,,1,,1,,,7,7,1,12,4,120.683436,24.172401,3
2151,66000,387130000C,(04)23274275,(04)23288582,2025,7,6,13,25,臺中市,太平區,0,0,0,5,,,40,,,,,,,,,,,,,,17,,,,,B03,,,1,,2,,,58,58,1,6,4,120.717048,24.151995,3
2152,66000,387130000C,(04)23274275,(04)23288582,2025,7,6,13,28,臺中市,西屯區,0,0,0,7,,,50,,,,,,,,,,,,,,,,,,,C03,,,1,,2,,,4,4,1,12,4,120.666958,24.176752,3
2153,66000,387130000C,(04)23274275,(04)23288582,2025,7,6,13,29,臺中市,西區,0,0,0,7,,,50,,,,,,,,,,,,,,,,,,,B01,,,1,,1,,,84,84,1,12,4,120.673344,24.148207,3
2154,66000,387130000C,(04)23274275,(04)23288582,2025,7,6,13,32,臺中市,后里區,0,1,0,5,2,6,50,3,2,1,4,4,6,6,4,4,5,4,5,1,12,2,9,1,1,C03,7,9,1,10,2,11,14,59,59,1,6,4,120.720569,24.306523,2
2155,66000,387130000C,(04)23274275,(04)23288582,2025,7,6,13,37,臺中市,西區,0,0,0,7,,,50,,,,,,,,,,,,,,,,,,,,,,,,,,,86,86,1,,,120.672471,24.149506,3
2156,66000,387130000C,(04)23274275,(04)23288582,2025,7,6,13,40,臺中市,西屯區,0,1,0,7,2,6,50,13,9,1,5,4,6,6,4,4,10,4,5,2,18,2,9,1,1,C01,7,9,1,9,2,12,,84,84,1,13,4,120.628845,24.164418,2
2157,66000,387130000C,(04)23274275,(04)23288582,2025,7,6,13,41,臺中市,北區,0,0,0,7,,,50,,,,,,,,,,,,,,17,,,,,B03,,,1,,1,5,,59,59,1,12,4,120.670561,24.155587,3
2158,66000,387130000C,(04)23274275,(04)23288582,2025,7,6,14,14,臺中市,北屯區,0,0,0,7,,,50,,,,,,,,,,,,,,14,,,,,B03,,,1,,1,,,49,49,1,6,4,120.719514,24.179095,3
2159,66000,387130000C,(04)23274275,(04)23288582,2025,7,6,14,15,臺中市,神岡區,0,0,0,7,,,50,,,,,,,,,,,,,,2,,,,,B03,,,1,,2,,,7,7,1,12,4,120.680276,24.248182,3
2160,66000,387130000C,(04)23274275,(04)23288582,2025,7,6,14,24,臺中市,北屯區,0,1,0,5,3,6,50,13,8,1,4,4,6,6,4,4,5,5,4,2,12,2,8,1,1,C03,7,9,3,19,9,12,,84,84,1,6,4,120.722236,24.175398,2
2161,66000,387130000C,(04)23274275,(04)23288582,2025,7,6,14,24,臺中市,大里區,0,2,0,5,3,6,50,4,1,1,4,4,6,6,4,4,10,5,5,2,15,2,9,5,4,C03,7,9,1,10,2,11,,15,15,1,13,4,120.682602,24.11438,2
2162,66000,387130000C,(04)23274275,(04)23288582,2025,7,6,14,27,臺中市,西屯區,0,1,0,6,2,6,40,13,8,1,5,4,6,6,4,4,9,4,4,2,16,3,10,3,1,B13,7,11,1,8,2,3,,45,45,1,12,4,120.615294,24.190367,2
2163,66000,387130000C,(04)23274275,(04)23288582,2025,7,6,14,27,臺中市,太平區,0,1,0,5,2,6,50,13,9,1,4,4,6,6,4,4,1,4,5,2,17,2,8,1,3,C03,7,9,3,19,2,12,11,58,58,1,12,4,120.711175,24.150329,2
2164,66000,387130000C,(04)23274275,(04)23288582,2025,7,6,14,28,臺中市,南區,0,0,0,7,,,50,,,,,,,,,,,,,,,,,,,B03,,,1,,1,,,50,50,1,12,4,120.669446,24.122503,3
2165,66000,387130000C,(04)23274275,(04)23288582,2025,7,6,14,30,臺中市,南區,0,1,0,7,1,6,50,4,1,1,5,4,6,6,2,1,10,5,5,2,17,3,10,5,4,B03,7,6,3,19,2,2,,11,11,1,12,4,120.65963,24.130002,2
2166,66000,387130000C,(04)23274275,(04)23288582,2025,7,6,14,30,臺中市,清水區,0,1,0,6,3,6,50,3,9,1,5,4,6,6,3,1,5,4,5,1,17,2,9,2,1,C03,7,9,1,10,2,11,,7,7,1,12,4,120.554519,24.27655,2
2167,66000,387130000C,(04)23274275,(04)23288582,2025,7,6,14,38,臺中市,潭子區,0,0,0,7,,,30,,,,,,,,,,,,,,,,,,,C03,,,1,,2,,,14,14,1,13,4,120.702568,24.195673,3
2168,66000,387130000C,(04)23274275,(04)23288582,2025,7,6,14,40,臺中市,豐原區,0,2,0,5,2,6,50,4,1,1,4,4,6,6,2,1,5,4,4,2,16,2,9,1,1,C03,7,6,1,10,2,11,,11,11,1,12,4,120.724004,24.247434,2
2169,66000,387130000C,(04)23274275,(04)23288582,2025,7,6,14,46,臺中市,大甲區,0,0,0,6,,,50,,,,,,,,,,,,,,,,,,,B03,,,1,,1,,,84,84,1,6,4,120.628389,24.346663,3
2170,66000,387130000C,(04)23274275,(04)23288582,2025,7,6,14,47,臺中市,西屯區,0,0,0,6,2,6,50,4,1,1,5,4,6,6,1,1,1,3,4,2,13,,,,,B03,,,1,,1,,,84,84,1,12,4,120.636439,24.160617,3
2171,66000,387130000C,(04)23274275,(04)23288582,2025,7,6,14,47,臺中市,霧峰區,0,0,0,6,,,50,,,,,,,,,,,,,,,,,,,B03,,,1,,1,,,7,7,1,6,4,120.695989,24.05474,3
2172,66000,387130000C,(04)23274275,(04)23288582,2025,7,6,14,56,臺中市,西區,0,0,0,7,,,50,,,,,,,,,,,,,,17,,,,,B03,,,1,,1,,,51,51,1,13,4,120.671373,24.150033,3
2173,66000,387130000C,(04)23274275,(04)23288582,2025,7,6,15,9,臺中市,南區,0,0,0,7,,,50,,,,,,,,,,,,,,12,,,,,C03,,,1,,9,,,84,84,1,12,4,120.682078,24.133936,3
2174,66000,387130000C,(04)23274275,(04)23288582,2025,7,6,15,10,臺中市,南區,0,0,0,7,,,30,,,,,,,,,,,,,,13,,,,,B03,,,1,,1,,,84,84,1,12,4,120.662213,24.121301,3
2175,66000,387130000C,(04)23274275,(04)23288582,2025,7,6,15,22,臺中市,北區,0,1,0,7,2,6,50,4,1,1,5,4,6,6,1,1,10,5,5,2,16,3,10,5,4,B03,7,6,1,8,2,1,,11,11,1,13,4,120.663851,24.162172,2
2176,66000,387130000C,(04)23274275,(04)23288582,2025,7,6,15,24,臺中市,東區,0,0,0,7,,,50,,,,,,,,,,,,,,17,,,,,B03,,,1,,1,,,8,8,1,12,4,120.708737,24.144335,3
2177,66000,387130000C,(04)23274275,(04)23288582,2025,7,6,15,25,臺中市,北屯區,0,0,0,7,,,50,,,,,,,,,,,,,,,,,,,B03,,,1,,1,,,84,84,1,13,4,120.675628,24.178629,3
2178,66000,387130000C,(04)23274275,(04)23288582,2025,7,6,15,26,臺中市,南屯區,0,0,0,7,,,50,,,,,,,,,,,,,,17,,,,,B03,,,1,,2,,,50,50,1,13,4,120.631962,24.152207,3
2179,66000,387130000C,(04)23274275,(04)23288582,2025,7,6,15,29,臺中市,西屯區,0,1,0,7,2,6,50,13,9,1,5,4,6,6,1,1,5,4,5,2,2,3,10,3,1,B02,7,9,1,8,9,2,,84,84,1,12,4,120.636072,24.169253,2
2180,66000,387130000C,(04)23274275,(04)23288582,2025,7,6,15,30,臺中市,霧峰區,0,0,0,7,2,6,30,3,1,1,5,4,6,6,4,4,10,5,5,2,17,3,10,3,1,B03,7,6,1,8,4,8,,14,14,1,13,4,120.665435,24.072508,3
2181,66000,387130000C,(04)23274275,(04)23288582,2025,7,6,15,34,臺中市,南屯區,0,0,0,7,,,50,,,,,,,,,,,,,,13,,,,,B03,,,1,,1,,,7,7,1,13,4,120.635625,24.146456,3
2182,66000,387130000C,(04)23274275,(04)23288582,2025,7,6,15,35,臺中市,北屯區,0,1,0,6,2,6,50,4,1,1,5,4,6,6,1,1,10,5,5,2,16,2,9,1,1,C03,7,6,1,10,2,13,,48,48,1,12,4,120.692835,24.168127,2
2183,66000,387130000C,(04)23274275,(04)23288582,2025,7,6,15,40,臺中市,龍井區,0,0,0,7,,,30,,,,,,,,,,,,,,14,,,,,B03,,,1,,2,,,49,49,1,6,4,120.523717,24.206692,4
2184,66000,387130000C,(04)23274275,(04)23288582,2025,7,6,15,41,臺中市,北區,0,0,0,7,,,50,,,,,,,,,,,,,,17,,,,,,,,,,,,,119,119,1,,,120.697936,24.153518,3
2185,66000,387130000C,(04)23274275,(04)23288582,2025,7,6,15,50,臺中市,北屯區,0,0,0,7,,,,,,,,,,,,,,,,,9,,,,,,,,,,,,,119,119,1,,,120.686935,24.18825,3
2186,66000,387130000C,(04)23274275,(04)23288582,2025,7,6,15,55,臺中市,大雅區,0,0,0,7,,,30,,,,,,,,,,,,,,,,,,,B03,,,1,,2,,,8,8,1,13,4,120.65625,24.237167,3
2187,66000,387130000C,(04)23274275,(04)23288582,2025,7,6,16,7,臺中市,大里區,0,1,0,6,2,6,50,3,9,1,5,4,6,6,1,1,5,5,5,1,17,3,10,3,1,B03,7,5,1,8,2,5,,47,47,1,13,4,120.680304,24.074091,2
2188,66000,387130000C,(04)23274275,(04)23288582,2025,7,6,16,11,臺中市,大里區,0,1,0,7,2,6,50,4,1,1,5,4,6,6,1,1,10,5,5,2,16,3,10,3,1,B03,7,11,1,8,2,5,,45,45,1,12,4,120.687806,24.100325,2
2189,66000,387130000C,(04)23274275,(04)23288582,2025,7,6,16,15,臺中市,大雅區,0,0,0,7,,,0,,,,,,,,,,,,,,,,,,,C03,,,1,,1,,,84,84,1,13,4,120.656393,24.226054,3
2190,66000,387130000C,(04)23274275,(04)23288582,2025,7,6,16,21,臺中市,中區,0,0,0,7,,,50,,,,,,,,,,,,,,,,,,,B03,,,1,,2,,,51,51,1,13,4,120.675477,24.146308,3
2191,66000,387130000C,(04)23274275,(04)23288582,2025,7,6,16,24,臺中市,太平區,0,0,0,7,,,50,,,,,,,,,,,,,,,,,,,B03,,,1,,2,,,49,49,1,6,4,120.713438,24.144423,3
2192,66000,387130000C,(04)23274275,(04)23288582,2025,7,6,16,39,臺中市,大里區,0,0,0,5,,,50,,,,,,,,,,,,,,13,,,,,B03,,,1,,2,,,59,59,1,13,4,120.693903,24.111869,3
2193,66000,387130000C,(04)23274275,(04)23288582,2025,7,6,16,43,臺中市,北屯區,0,1,0,6,2,6,50,13,9,1,5,4,6,6,4,4,1,4,5,2,17,3,10,3,1,B03,7,1,1,8,2,8,,51,51,1,6,4,120.700321,24.177564,2
2194,66000,387130000C,(04)23274275,(04)23288582,2025,7,6,16,45,臺中市,后里區,0,0,0,7,2,6,30,13,9,1,5,4,6,6,4,4,10,5,5,2,12,,,,,B01,,,1,,2,,,84,84,1,6,4,120.719897,24.308315,3
2195,66000,387130000C,(04)23274275,(04)23288582,2025,7,6,16,50,臺中市,南屯區,0,2,0,7,1,6,50,13,9,1,5,4,6,6,4,4,9,5,5,2,17,3,10,3,1,B03,7,11,1,8,2,1,,45,45,1,6,4,120.636866,24.147696,2
2196,66000,387130000C,(04)23274275,(04)23288582,2025,7,6,16,52,臺中市,北屯區,0,0,0,7,,,50,,,,,,,,,,,,,,17,,,,,B03,,,1,,1,,,84,84,1,12,4,120.723,24.181584,3
2197,66000,387130000C,(04)23274275,(04)23288582,2025,7,6,16,54,臺中市,沙鹿區,0,0,0,7,,,50,,,,,,,,,,,,,,,,,,,C03,,,1,,1,,,49,49,1,6,4,120.55472,24.225848,3
2198,66000,387130000C,(04)23274275,(04)23288582,2025,7,6,17,3,臺中市,豐原區,0,1,0,6,2,6,50,13,9,1,5,4,6,6,4,4,9,5,5,1,17,2,1,6,4,F01,7,9,7,21,1,12,,59,59,1,12,4,120.73211,24.250398,2
2199,66000,387130000C,(04)23274275,(04)23288582,2025,7,6,17,8,臺中市,東區,0,0,0,7,,,40,,,,,,,,,,,,,,17,,,,,B03,,,1,,2,,,50,50,1,13,4,120.710867,24.144572,3
2200,66000,387130000C,(04)23274275,(04)23288582,2025,7,6,17,10,臺中市,大雅區,0,1,0,5,3,6,50,13,9,1,4,4,6,6,4,4,8,5,5,1,17,3,10,5,4,B03,7,2,1,8,2,6,,49,49,1,13,4,120.647689,24.225864,2
2201,66000,387130000C,(04)23274275,(04)23288582,2025,7,6,17,10,臺中市,太平區,0,2,0,6,3,6,50,13,7,1,5,4,6,6,4,4,5,2,4,1,17,3,10,3,1,B03,7,15,1,8,2,16,,84,84,1,6,4,120.730904,24.15019,2
2202,66000,387130000C,(04)23274275,(04)23288582,2025,7,6,17,11,臺中市,北區,0,0,0,7,,,50,,,,,,,,,,,,,,17,,,,,B03,,,1,,2,,,8,8,1,12,4,120.686059,24.154889,3
2203,66000,387130000C,(04)23274275,(04)23288582,2025,7,6,17,13,臺中市,南屯區,0,0,0,7,,,50,,,,,,,,,,,,,,,,,,,B03,,,1,,1,,,50,50,1,13,4,120.630808,24.147965,3
2204,66000,387130000C,(04)23274275,(04)23288582,2025,7,6,17,15,臺中市,北區,0,1,0,7,2,6,50,3,1,1,5,4,6,6,1,1,5,4,5,2,16,3,10,3,1,B03,7,6,1,8,2,5,,11,11,1,12,4,120.688113,24.151003,2
2205,66000,387130000C,(04)23274275,(04)23288582,2025,7,6,17,16,臺中市,豐原區,0,1,0,6,2,6,50,4,9,1,5,4,6,6,1,1,1,2,4,1,13,2,9,5,4,B03,7,9,1,8,2,1,,59,59,1,12,4,120.720597,24.258917,2
2206,66000,387130000C,(04)23274275,(04)23288582,2025,7,6,17,17,臺中市,北屯區,0,1,0,7,2,6,50,3,1,1,5,4,6,6,2,1,10,5,5,2,16,3,10,3,1,B03,7,5,1,8,2,5,,84,84,1,6,4,120.727214,24.157022,2
2207,66000,387130000C,(04)23274275,(04)23288582,2025,7,6,17,21,臺中市,太平區,0,0,0,7,,,50,,,,,,,,,,,,,,,,,,,B03,,,1,,1,,,50,50,1,12,4,120.702003,24.148221,3
2208,66000,387130000C,(04)23274275,(04)23288582,2025,7,6,17,24,臺中市,西屯區,0,0,0,7,,,50,,,,,,,,,,,,,,13,,,,,B03,,,1,,1,,,84,84,1,13,4,120.645951,24.170144,3
2209,66000,387130000C,(04)23274275,(04)23288582,2025,7,6,17,27,臺中市,西區,0,1,0,6,2,6,40,13,8,1,5,4,6,6,1,1,1,4,4,2,17,2,9,1,1,C03,7,9,1,10,2,11,,84,84,1,13,4,120.657374,24.145755,2
2210,66000,387130000C,(04)23274275,(04)23288582,2025,7,6,17,30,臺中市,沙鹿區,0,0,0,7,,,50,,,,,,,,,,,,,,17,,,,,B03,,,1,,1,,,8,8,1,6,4,120.579364,24.217944,3
2211,66000,387130000C,(04)23274275,(04)23288582,2025,7,6,17,32,臺中市,豐原區,0,1,0,6,2,6,40,3,4,1,5,4,6,6,1,1,5,2,4,2,13,3,10,5,4,B03,7,1,1,8,2,8,,51,51,1,13,4,120.724691,24.254569,2
2212,66000,387130000C,(04)23274275,(04)23288582,2025,7,6,17,37,臺中市,豐原區,0,1,0,6,2,6,50,13,8,1,5,4,6,6,1,1,5,4,4,2,12,3,10,3,1,B03,7,9,1,8,2,5,,84,84,1,12,4,120.707298,24.24688,2
2213,66000,387130000C,(04)23274275,(04)23288582,2025,7,6,17,58,臺中市,北屯區,0,0,0,7,,,50,,,,,,,,,,,,,,,,,,,C03,,,1,,2,,,84,84,1,13,4,120.690064,24.176465,3
2214,66000,387130000C,(04)23274275,(04)23288582,2025,7,6,18,0,臺中市,北屯區,0,1,0,6,2,6,50,3,1,1,5,4,6,6,4,4,5,5,5,2,16,4,11,1,1,C03,7,6,1,10,2,11,,13,13,1,12,4,120.726935,24.159363,2
2215,66000,387130000C,(04)23274275,(04)23288582,2025,7,6,18,3,臺中市,北區,0,0,0,7,,,40,,,,,,,,,,,,,,17,,,,,F01,,,7,,1,,,8,8,1,13,4,120.683762,24.14837,3
2216,66000,387130000C,(04)23274275,(04)23288582,2025,7,6,18,11,臺中市,梧棲區,0,0,0,7,,,50,,,,,,,,,,,,,,17,,,,,B03,,,1,,1,,,50,50,1,6,4,120.529505,24.254574,3
2217,66000,387130000C,(04)23274275,(04)23288582,2025,7,6,18,12,臺中市,西屯區,0,1,0,7,2,6,40,4,1,1,5,4,6,6,1,1,10,5,5,2,16,3,10,5,4,B03,7,6,1,8,2,8,,11,11,1,12,4,120.607962,24.186014,2
2218,66000,387130000C,(04)23274275,(04)23288582,2025,7,6,18,16,臺中市,大里區,0,1,0,7,1,6,50,3,1,1,5,4,6,6,4,4,5,5,5,1,3,3,10,2,1,C03,7,9,1,10,2,12,,84,84,1,13,4,120.704797,24.087917,2
2219,66000,387130000C,(04)23274275,(04)23288582,2025,7,6,18,24,臺中市,西區,0,0,0,7,,,50,,,,,,,,,,,,,,,,,,,C03,,,1,,1,,,12,12,1,12,4,120.662078,24.154837,3
2220,66000,387130000C,(04)23274275,(04)23288582,2025,7,6,18,25,臺中市,東區,0,2,0,7,3,6,50,4,1,1,5,4,6,6,1,1,10,5,5,2,16,2,9,2,1,C03,7,9,1,10,2,11,,21,21,1,12,4,120.706158,24.129647,2
2221,66000,387130000C,(04)23274275,(04)23288582,2025,7,6,18,25,臺中市,西屯區,0,0,0,7,,,40,,,,,,,,,,,,,,,,,,,C03,,,1,,1,,,7,7,1,12,4,120.646341,24.171397,3
2222,66000,387130000C,(04)23274275,(04)23288582,2025,7,6,18,34,臺中市,北區,0,1,0,6,1,6,50,13,7,1,5,4,6,6,2,1,3,4,4,2,13,3,10,3,1,A02,7,1,1,2,2,1,,84,84,1,13,4,120.688712,24.153588,2
2223,66000,387130000C,(04)23274275,(04)23288582,2025,7,6,18,34,臺中市,沙鹿區,0,0,0,7,,,50,,,,,,,,,,,,,,,,,,,B03,,,1,,1,,,51,51,1,6,4,120.568961,24.222853,3
2224,66000,387130000C,(04)23274275,(04)23288582,2025,7,6,18,35,臺中市,大里區,0,0,0,6,,,50,,,,,,,,,,,,,,,,,,,B03,,,1,,1,,,58,58,1,13,4,120.702979,24.088663,3
2225,66000,387130000C,(04)23274275,(04)23288582,2025,7,6,18,48,臺中市,南屯區,0,0,0,7,,,50,,,,,,,,,,,,,,12,,,,,B01,,,1,,1,,,7,7,1,13,4,120.643734,24.146718,3
2226,66000,387130000C,(04)23274275,(04)23288582,2025,7,6,18,50,臺中市,南屯區,0,0,0,7,,,50,,,,,,,,,,,,,,17,,,,,B03,,,1,,10,,,50,50,1,13,4,120.63759,24.137889,3
2227,66000,387130000C,(04)23274275,(04)23288582,2025,7,6,19,1,臺中市,大甲區,0,0,0,7,,,50,,,,,,,,,,,,,,,,,,,C03,,,1,,2,,,7,7,1,6,4,120.621064,24.346578,3
2228,66000,387130000C,(04)23274275,(04)23288582,2025,7,6,19,2,臺中市,烏日區,0,0,0,7,1,6,50,4,7,1,5,4,6,6,1,1,5,,4,2,14,3,10,1,1,C03,7,2,1,10,2,12,,87,87,1,6,4,120.621822,24.10489,3
2229,66000,387130000C,(04)23274275,(04)23288582,2025,7,6,19,7,臺中市,西區,0,0,0,6,,,50,,,,,,,,,,,,,,,,,,,B03,,,1,,1,,,7,7,1,13,4,120.659153,24.150697,3
2230,66000,387130000C,(04)23274275,(04)23288582,2025,7,6,19,14,臺中市,南區,0,0,0,7,,,50,,,,,,,,,,,,,,17,,,,,C03,,,1,,1,,,84,84,1,13,4,120.68298,24.134058,3
2231,66000,387130000C,(04)23274275,(04)23288582,2025,7,6,19,17,臺中市,東勢區,0,2,0,6,1,6,50,3,1,1,5,4,6,6,4,4,10,5,5,1,17,2,9,1,4,C03,7,6,1,10,2,11,,14,14,1,12,4,120.84357,24.24557,2
2232,66000,387130000C,(04)23274275,(04)23288582,2025,7,6,19,19,臺中市,東區,0,1,0,7,1,6,40,13,8,1,5,4,6,6,4,4,5,5,4,2,17,3,10,2,1,C03,7,11,1,10,2,12,,39,39,1,12,4,120.709676,24.149491,2
2233,66000,387130000C,(04)23274275,(04)23288582,2025,7,6,19,20,臺中市,北區,0,0,0,7,,,50,,,,,,,,,,,,,,16,,,,,C03,,,1,,2,,,84,84,1,12,4,120.686107,24.146051,3
2234,66000,387130000C,(04)23274275,(04)23288582,2025,7,6,19,20,臺中市,南屯區,0,0,0,7,,,40,,,,,,,,,,,,,,,,,,,B03,,,1,,1,,,49,49,1,6,4,120.636755,24.145243,3
2235,66000,387130000C,(04)23274275,(04)23288582,2025,7,6,19,24,臺中市,南屯區,0,0,0,7,,,50,,,,,,,,,,,,,,,,,,,B03,,,1,,1,,,21,21,1,12,4,120.637724,24.142453,3
2236,66000,387130000C,(04)23274275,(04)23288582,2025,7,6,19,26,臺中市,沙鹿區,0,1,0,7,2,6,0,13,8,1,5,4,6,6,3,1,1,4,4,1,17,3,10,3,1,B03,7,1,1,8,2,3,,51,51,1,6,4,120.583063,24.249793,2
2237,66000,387130000C,(04)23274275,(04)23288582,2025,7,6,19,42,臺中市,西屯區,0,0,0,7,,,50,,,,,,,,,,,,,,17,,,,,B03,,,1,,9,,,50,50,1,12,4,120.646257,24.169254,3
2238,66000,387130000C,(04)23274275,(04)23288582,2025,7,6,19,45,臺中市,大里區,0,0,0,5,,,30,,,,,,,,,,,,,,21,,,,,B03,,,1,,2,,,84,84,1,13,4,120.675559,24.096085,3
2239,66000,387130000C,(04)23274275,(04)23288582,2025,7,6,19,45,臺中市,大甲區,0,0,0,7,,,50,,,,,,,,,,,,,,,,,,,B03,,,1,,2,,,45,45,1,6,4,120.620562,24.344507,3
2240,66000,387130000C,(04)23274275,(04)23288582,2025,7,6,19,46,臺中市,北屯區,0,1,0,7,1,6,50,4,1,1,5,4,1,6,2,1,10,5,5,2,16,3,10,3,1,B03,7,5,1,8,2,2,,11,11,1,6,4,120.668534,24.178257,2
2241,66000,387130000C,(04)23274275,(04)23288582,2025,7,6,20,2,臺中市,大肚區,0,0,0,7,,,50,,,,,,,,,,,,,,,,,,,B03,,,1,,2,,,82,82,1,6,4,120.545259,24.151412,3
2242,66000,387130000C,(04)23274275,(04)23288582,2025,7,6,20,12,臺中市,太平區,0,0,0,7,,,50,,,,,,,,,,,,,,,,,,,B03,,,1,,1,,,40,40,1,12,4,120.709667,24.13506,3
2243,66000,387130000C,(04)23274275,(04)23288582,2025,7,6,20,18,臺中市,西屯區,0,1,0,7,1,6,50,13,9,1,5,4,6,6,4,4,5,4,5,2,13,2,8,5,4,C03,7,9,5,19,8,11,,53,53,1,13,4,120.60658,24.19304,2
2244,66000,387130000C,(04)23274275,(04)23288582,2025,7,6,20,20,臺中市,西區,0,1,0,7,1,6,50,4,1,1,5,4,6,6,1,1,10,5,5,1,17,2,9,5,4,C03,7,9,1,10,2,13,,25,25,1,12,4,120.666927,24.153191,2
2245,66000,387130000C,(04)23274275,(04)23288582,2025,7,6,20,20,臺中市,烏日區,0,1,0,6,1,6,50,4,1,1,5,4,6,6,2,1,10,5,5,2,16,3,10,3,1,B03,7,5,1,8,2,2,,39,39,1,6,4,120.614237,24.106697,2
2246,66000,387130000C,(04)23274275,(04)23288582,2025,7,6,20,23,臺中市,西屯區,0,0,0,7,,,50,,,,,,,,,,,,,,14,,,,,C03,,,1,,1,,,49,49,1,13,4,120.642726,24.181669,3