序號,縣市別代碼,機關代碼,市話,傳真,年,月,日,時,分,縣市,區,死亡數量,受傷數量,2-30,天候,道路照明設備,道路類別,道路速限,道路型態,事故位置,路面鋪裝,路面狀態,路面缺陷,障礙物,視距,號誌種類,號誌動作,分向設施,快車道或一般車道間,快慢車道間,路面邊線,事故類型及型態,受傷程度,主要傷處,保護裝備,行動電話或功能裝置,當事者區分(類別),車輛用途,當事者行動狀態,駕照狀態,駕照種類,飲酒情形,車輛撞擊部位最初,車輛撞擊部位其他,肇事因素個別,肇事因素主要,肇事逃逸,職業,共享經濟或外送平台,GPS座標X,GPS座標Y,事故類別
2247,66000,387130000C,(04)23274275,(04)23288582,2025,7,6,20,23,臺中市,大里區,0,0,0,7,,,30,,,,,,,,,,,,,,15,,,,,F03,,,7,,1,,,15,15,1,13,4,120.706302,24.083412,4
2248,66000,387130000C,(04)23274275,(04)23288582,2025,7,6,20,35,臺中市,清水區,0,4,0,6,1,9,60,4,1,1,5,4,6,6,1,1,1,4,5,1,13,2,1,3,1,B03,7,9,1,10,2,5,,84,84,1,12,4,120.552015,24.293875,2
2249,66000,387130000C,(04)23274275,(04)23288582,2025,7,6,20,45,臺中市,北屯區,0,0,0,7,,,50,,,,,,,,,,,,,,,,,,,B03,,,1,,2,,,84,84,1,13,4,120.679636,24.172614,3
2250,66000,387130000C,(04)23274275,(04)23288582,2025,7,6,20,47,臺中市,太平區,0,0,0,7,,,40,,,,,,,,,,,,,,,,,,,C03,,,1,,1,,,51,51,1,13,4,120.712551,24.149755,3
2251,66000,387130000C,(04)23274275,(04)23288582,2025,7,6,20,49,臺中市,梧棲區,0,0,0,7,,,50,,,,,,,,,,,,,,13,,,,,B03,,,1,,2,,,7,7,1,6,4,120.539178,24.25785,3
2252,66000,387130000C,(04)23274275,(04)23288582,2025,7,6,20,56,臺中市,南區,0,0,0,7,,,50,,,,,,,,,,,,,,13,,,,,C03,,,1,,1,,,84,84,1,12,4,120.666783,24.11871,3
2253,66000,387130000C,(04)23274275,(04)23288582,2025,7,6,20,59,臺中市,豐原區,0,0,0,7,,,50,,,,,,,,,,,,,,16,,,,,B03,,,1,,2,,,11,11,1,12,4,120.719214,24.248088,3
2254,66000,387130000C,(04)23274275,(04)23288582,2025,7,6,21,0,臺中市,北屯區,0,0,0,5,,,50,,,,,,,,,,,,,,17,,,,,B03,,,1,,2,,,84,84,1,12,4,120.683375,24.191645,3
2255,66000,387130000C,(04)23274275,(04)23288582,2025,7,6,21,8,臺中市,豐原區,0,0,0,6,,,50,,,,,,,,,,,,,,17,,,,,B03,,,1,,2,,,85,85,1,12,4,120.71578,24.255012,3
2256,66000,387130000C,(04)23274275,(04)23288582,2025,7,6,21,15,臺中市,西屯區,0,0,0,7,,,40,,,,,,,,,,,,,,13,,,,,B03,,,3,,1,,,59,59,1,13,4,120.659712,24.163921,3
2257,66000,387130000C,(04)23274275,(04)23288582,2025,7,6,21,17,臺中市,西區,0,0,0,7,,,50,,,,,,,,,,,,,,,,,,,B03,,,1,,2,,,84,84,1,6,4,120.659245,24.15599,3
2258,66000,387130000C,(04)23274275,(04)23288582,2025,7,6,21,20,臺中市,西屯區,0,0,0,7,,,50,,,,,,,,,,,,,,,,,,,A04,,,1,,1,,,50,50,1,12,4,120.638482,24.168416,3
2259,66000,387130000C,(04)23274275,(04)23288582,2025,7,6,21,34,臺中市,南屯區,0,0,0,7,,,40,,,,,,,,,,,,,,12,,,,,B02,,,1,,2,,,8,8,1,12,4,120.633074,24.150261,3
2260,66000,387130000C,(04)23274275,(04)23288582,2025,7,6,21,45,臺中市,南區,0,0,0,7,,,50,,,,,,,,,,,,,,17,,,,,B03,,,1,,1,,,8,8,1,12,4,120.672025,24.126493,3
2261,66000,387130000C,(04)23274275,(04)23288582,2025,7,6,21,50,臺中市,西屯區,0,1,0,5,1,6,80,7,9,1,5,4,6,6,4,4,10,5,5,2,17,2,7,3,1,B03,7,12,1,8,2,1,,59,59,1,12,4,120.634948,24.179291,2
2262,66000,387130000C,(04)23274275,(04)23288582,2025,7,6,22,6,臺中市,南屯區,0,1,0,7,2,6,50,4,1,1,5,4,6,6,2,1,9,4,5,2,12,3,10,3,1,B03,7,7,1,8,2,16,,40,40,1,12,4,120.632356,24.145477,2
2263,66000,387130000C,(04)23274275,(04)23288582,2025,7,6,22,10,臺中市,西屯區,0,0,0,7,,,50,,,,,,,,,,,,,,,,,,,B03,,,1,,1,,,49,49,1,12,4,120.620236,24.186913,3
2264,66000,387130000C,(04)23274275,(04)23288582,2025,7,6,22,15,臺中市,北屯區,0,1,0,5,1,6,50,5,8,1,4,4,6,6,1,1,10,5,5,2,10,3,10,5,4,B03,7,15,1,8,2,1,,4,4,1,12,4,120.691117,24.166777,2
2265,66000,387130000C,(04)23274275,(04)23288582,2025,7,6,22,21,臺中市,后里區,0,0,0,5,1,6,40,4,1,1,4,4,6,6,3,1,5,4,5,1,15,3,10,3,1,B03,7,9,1,8,2,7,,24,24,1,6,4,120.708375,24.303175,3
2266,66000,387130000C,(04)23274275,(04)23288582,2025,7,6,22,30,臺中市,豐原區,0,1,0,5,1,6,50,5,1,1,4,4,6,6,1,1,5,5,5,1,15,3,10,3,1,B03,7,9,1,8,2,2,,21,21,1,12,4,120.720271,24.249505,2
2267,66000,387130000C,(04)23274275,(04)23288582,2025,7,6,22,31,臺中市,西區,0,1,0,5,1,6,50,13,7,1,4,4,6,6,4,4,5,5,4,2,17,2,9,1,1,C03,7,9,1,10,2,14,,84,84,1,6,4,120.654907,24.151314,2
2268,66000,387130000C,(04)23274275,(04)23288582,2025,7,6,22,36,臺中市,西區,0,1,0,5,3,6,50,4,2,1,4,4,6,6,1,1,5,5,4,2,13,3,10,3,1,B03,7,9,1,8,2,5,,84,84,1,6,4,120.65497,24.15244,2
2269,66000,387130000C,(04)23274275,(04)23288582,2025,7,6,22,40,臺中市,北屯區,0,1,0,5,1,6,50,3,1,1,4,4,6,6,4,4,9,5,5,2,13,2,9,2,1,C03,7,9,3,19,2,11,,58,58,1,6,4,120.690114,24.174142,2
2270,66000,387130000C,(04)23274275,(04)23288582,2025,7,6,22,48,臺中市,潭子區,0,0,0,5,,,0,,,,,,,,,,,,,,30,,,,,C03,,,1,,2,,,30,30,1,12,4,120.702341,24.190947,3
2271,66000,387130000C,(04)23274275,(04)23288582,2025,7,6,22,59,臺中市,西屯區,0,1,0,5,1,6,40,4,2,1,4,4,6,6,2,1,5,4,4,2,17,2,9,5,4,C03,7,9,1,10,2,11,,4,4,1,12,4,120.661247,24.16382,2
2272,66000,387130000C,(04)23274275,(04)23288582,2025,7,6,23,0,臺中市,大里區,0,0,0,5,,,60,,,,,,,,,,,,,,12,,,,,C03,,,1,,2,,,87,87,1,6,4,120.683822,24.104124,4
2273,66000,387130000C,(04)23274275,(04)23288582,2025,7,6,23,20,臺中市,中區,0,0,0,5,,,50,,,,,,,,,,,,,,14,,,,,B03,,,1,,1,,,49,49,1,12,4,120.684158,24.139087,3
2274,66000,387130000C,(04)23274275,(04)23288582,2025,7,6,23,29,臺中市,北區,0,0,0,5,,,50,,,,,,,,,,,,,,17,,,,,B03,,,6,,10,,,87,87,1,13,4,120.674085,24.143765,3
2275,66000,387130000C,(04)23274275,(04)23288582,2025,7,6,23,39,臺中市,西區,0,1,0,5,1,6,50,4,2,1,4,4,6,6,1,1,5,4,5,2,18,2,8,1,1,C03,7,9,1,10,2,14,,84,84,1,6,4,120.658452,24.150853,2
2276,66000,387130000C,(04)23274275,(04)23288582,2025,7,7,0,6,臺中市,西屯區,0,1,0,5,1,6,50,13,9,1,4,4,6,6,4,4,9,4,5,2,18,2,7,2,4,C03,7,9,1,10,2,12,,59,59,1,5,4,120.598139,24.190297,2
2277,66000,387130000C,(04)23274275,(04)23288582,2025,7,7,0,30,臺中市,西屯區,0,2,0,5,1,6,50,11,9,1,4,4,6,6,4,4,1,4,5,2,24,2,9,5,4,C03,7,9,5,19,9,11,,59,59,1,12,4,120.64661,24.158231,2
2278,66000,387130000C,(04)23274275,(04)23288582,2025,7,7,0,58,臺中市,南屯區,0,2,0,5,2,6,50,13,7,1,4,4,6,6,2,1,5,5,4,2,13,2,9,2,1,C03,7,9,1,10,1,11,,84,84,1,13,4,120.634899,24.152913,2
2279,66000,387130000C,(04)23274275,(04)23288582,2025,7,7,2,37,臺中市,沙鹿區,0,1,0,5,1,6,50,3,1,1,4,4,6,6,1,1,10,5,5,2,23,2,8,5,4,B03,7,9,3,19,2,1,,85,85,1,6,4,120.601384,24.249311,2
2280,66000,387130000C,(04)23274275,(04)23288582,2025,7,7,3,20,臺中市,西區,0,2,0,5,1,6,50,4,1,1,4,4,6,6,1,1,10,5,5,2,17,2,3,3,1,B01,7,11,1,4,2,1,,45,45,1,12,4,120.671996,24.146246,2
2281,66000,387130000C,(04)23274275,(04)23288582,2025,7,7,3,45,臺中市,南屯區,0,0,0,7,2,6,50,4,1,1,4,4,6,6,1,1,9,4,5,2,12,,,,,B03,,,1,,9,,,21,21,1,12,4,120.634977,24.152593,3
2282,66000,387130000C,(04)23274275,(04)23288582,2025,7,7,4,11,臺中市,西屯區,0,2,0,5,1,6,40,13,8,1,3,4,6,6,4,4,1,4,4,2,13,2,9,5,4,C03,7,9,1,10,2,11,,59,59,1,12,4,120.655154,24.200746,2
2283,66000,387130000C,(04)23274275,(04)23288582,2025,7,7,4,45,臺中市,沙鹿區,0,1,0,5,1,6,50,5,1,1,4,4,6,6,2,1,1,4,4,2,16,2,9,1,1,C03,7,9,1,10,2,16,,21,21,1,12,4,120.568556,24.209074,2
2284,66000,387130000C,(04)23274275,(04)23288582,2025,7,7,4,49,臺中市,潭子區,0,1,0,5,1,6,60,4,2,1,4,4,6,6,2,1,1,4,4,1,18,2,9,2,1,C03,7,9,1,10,2,14,,59,59,1,13,4,120.705409,24.209854,2
2285,66000,387130000C,(04)23274275,(04)23288582,2025,7,7,5,7,臺中市,中區,0,1,0,5,1,6,50,4,20,1,4,4,6,6,1,1,10,5,5,2,3,3,10,3,1,B03,7,6,1,8,2,1,,84,84,1,6,4,120.684403,24.142256,2
2286,66000,387130000C,(04)23274275,(04)23288582,2025,7,7,6,8,臺中市,烏日區,0,0,0,5,,,50,,,,,,,,,,,,,,14,,,,,B12,,,1,,1,,,49,49,1,6,4,120.602327,24.107199,3
2287,66000,387130000C,(04)23274275,(04)23288582,2025,7,7,6,20,臺中市,南屯區,0,0,0,5,,3,80,,,,,,,,,,,,,,20,,,,,B03,,,1,,2,,,84,84,1,6,4,120.623177,24.14654,3
2288,66000,387130000C,(04)23274275,(04)23288582,2025,7,7,6,22,臺中市,西屯區,0,0,0,5,,,60,,,,,,,,,,,,,,,,,,,C03,,,1,,9,,,84,84,2,12,4,120.614506,24.18947,3
2289,66000,387130000C,(04)23274275,(04)23288582,2025,7,7,7,0,臺中市,豐原區,0,1,0,5,1,6,50,13,9,1,4,4,6,6,4,4,1,4,5,1,17,3,10,3,1,B03,7,13,1,8,2,4,,76,76,1,6,4,120.710422,24.247501,2
2290,66000,387130000C,(04)23274275,(04)23288582,2025,7,7,7,2,臺中市,北屯區,0,1,0,5,2,6,50,13,9,1,4,4,6,6,2,1,5,2,5,2,17,3,10,1,1,C03,7,8,1,10,2,13,,35,35,1,6,4,120.712817,24.172853,2
2291,66000,387130000C,(04)23274275,(04)23288582,2025,7,7,7,26,臺中市,南屯區,0,1,0,5,3,6,50,13,8,1,4,3,6,6,2,1,1,4,1,2,18,2,9,1,1,C03,7,9,1,10,2,12,,59,59,1,6,4,120.622641,24.144617,2
2292,66000,387130000C,(04)23274275,(04)23288582,2025,7,7,8,18,臺中市,東區,0,1,0,5,3,6,40,13,8,1,4,4,6,6,4,4,1,4,4,2,18,2,7,2,1,C03,7,9,1,10,2,12,,84,84,1,13,4,120.691475,24.147857,2
2293,66000,387130000C,(04)23274275,(04)23288582,2025,7,7,8,20,臺中市,南屯區,0,0,0,5,,,50,,,,,,,,,,,,,,,,,,,B03,,,1,,2,,,50,50,1,13,4,120.61254,24.136843,3
2294,66000,387130000C,(04)23274275,(04)23288582,2025,7,7,8,34,臺中市,太平區,0,1,0,5,3,6,50,13,5,1,4,4,6,6,4,4,10,5,5,2,16,3,10,3,1,B03,7,6,1,8,2,8,,84,84,1,12,4,120.733452,24.154316,2
2295,66000,387130000C,(04)23274275,(04)23288582,2025,7,7,8,34,臺中市,石岡區,0,1,0,5,3,6,70,13,8,1,4,4,6,6,4,4,2,4,4,1,17,2,9,5,4,C03,7,9,1,10,2,14,,59,59,1,12,4,120.797275,24.270214,2
2296,66000,387130000C,(04)23274275,(04)23288582,2025,7,7,9,7,臺中市,豐原區,0,1,0,5,2,6,50,13,8,1,4,4,6,6,4,4,5,5,4,2,12,3,10,5,4,B03,7,5,1,8,2,6,,84,84,1,13,4,120.709514,24.244776,2
2297,66000,387130000C,(04)23274275,(04)23288582,2025,7,7,9,14,臺中市,烏日區,0,2,0,5,3,6,30,3,1,1,4,4,6,6,4,4,10,5,5,2,16,2,9,4,1,F01,7,6,7,21,2,14,,48,48,1,12,4,120.63949,24.104022,2
2298,66000,387130000C,(04)23274275,(04)23288582,2025,7,7,9,20,臺中市,清水區,0,0,0,5,,,50,,,,,,,,,,,,,,17,,,,,B12,,,1,,2,,,42,42,1,12,4,120.558828,24.272209,3
2299,66000,387130000C,(04)23274275,(04)23288582,2025,7,7,9,47,臺中市,東勢區,0,1,0,5,3,6,50,3,1,1,4,4,6,6,4,4,10,5,5,2,15,3,10,5,4,B03,7,9,1,8,2,1,,12,12,1,12,4,120.82836,24.255579,2
2300,66000,387130000C,(04)23274275,(04)23288582,2025,7,7,9,52,臺中市,東區,0,0,0,6,,,30,,,,,,,,,,,,,,,,,,,C03,,,3,,2,,,51,51,1,13,4,120.691888,24.144929,3
2301,66000,387130000C,(04)23274275,(04)23288582,2025,7,7,9,59,臺中市,西屯區,0,1,0,6,2,6,50,4,1,1,5,4,6,6,3,1,5,4,5,2,15,3,10,3,1,B02,7,9,1,4,2,2,,24,24,1,12,4,120.645311,24.192819,2
2302,66000,387130000C,(04)23274275,(04)23288582,2025,7,7,10,5,臺中市,南屯區,0,1,0,5,1,6,50,4,1,1,4,4,6,6,4,4,10,5,5,2,17,2,9,1,1,C03,7,9,1,10,2,11,,6,6,1,13,4,120.614266,24.146816,2
2303,66000,387130000C,(04)23274275,(04)23288582,2025,7,7,10,12,臺中市,北屯區,0,2,0,5,2,6,50,4,1,1,4,4,6,6,1,1,10,5,5,2,18,2,9,1,1,C03,7,6,1,10,2,12,,82,82,1,6,4,120.710719,24.18224,2
2304,66000,387130000C,(04)23274275,(04)23288582,2025,7,7,10,15,臺中市,豐原區,0,0,0,5,,,50,,,,,,,,,,,,,,17,,,,,,,,,,,,,119,119,1,,,120.701111,24.250833,3
2305,66000,387130000C,(04)23274275,(04)23288582,2025,7,7,10,17,臺中市,北區,0,1,0,6,2,6,50,13,9,1,4,4,6,6,4,4,1,4,5,2,17,2,9,2,1,C03,7,9,1,10,2,12,,84,84,1,5,4,120.691805,24.159411,2
2306,66000,387130000C,(04)23274275,(04)23288582,2025,7,7,10,30,臺中市,北區,0,0,0,7,,,50,,,,,,,,,,,,,,17,,,,,B01,,,1,,2,,,58,58,1,13,4,120.684684,24.153184,3
2307,66000,387130000C,(04)23274275,(04)23288582,2025,7,7,10,37,臺中市,西屯區,0,0,0,7,,,50,,,,,,,,,,,,,,,,,,,C03,,,3,,9,,,50,50,1,12,4,120.620236,24.186913,3
2308,66000,387130000C,(04)23274275,(04)23288582,2025,7,7,10,45,臺中市,西區,0,1,0,7,2,6,50,4,1,1,4,4,6,6,1,1,10,5,5,2,18,2,9,2,1,C03,7,9,1,10,2,14,,84,84,1,12,4,120.675422,24.133556,2
2309,66000,387130000C,(04)23274275,(04)23288582,2025,7,7,10,48,臺中市,南區,0,1,0,7,3,6,50,4,1,1,5,4,6,6,1,1,1,2,5,2,23,3,10,3,1,E01,7,9,1,4,2,16,,84,84,1,6,4,120.679334,24.122362,2
2310,66000,387130000C,(04)23274275,(04)23288582,2025,7,7,11,3,臺中市,南屯區,0,0,0,7,,,50,,,,,,,,,,,,,,17,,,,,B03,,,1,,2,,,8,8,1,12,4,120.645423,24.133142,3
2311,66000,387130000C,(04)23274275,(04)23288582,2025,7,7,11,8,臺中市,北屯區,0,1,0,6,3,6,50,3,1,1,4,4,6,6,1,1,10,5,5,2,18,2,9,2,1,C03,7,9,1,10,2,12,,85,85,1,6,4,120.720607,24.167905,2
2312,66000,387130000C,(04)23274275,(04)23288582,2025,7,7,11,9,臺中市,霧峰區,0,1,0,6,2,6,50,3,1,1,5,4,5,6,4,4,10,5,5,2,17,3,10,5,4,B12,7,6,1,6,2,8,,84,84,1,13,4,120.679085,24.064861,2
2313,66000,387130000C,(04)23274275,(04)23288582,2025,7,7,11,21,臺中市,烏日區,0,0,0,7,,,50,,,,,,,,,,,,,,,,,,,A12,,,1,,2,,,49,49,1,6,4,120.621628,24.101642,3
2314,66000,387130000C,(04)23274275,(04)23288582,2025,7,7,11,29,臺中市,大里區,0,0,0,7,,,30,,,,,,,,,,,,,,,,,,,B03,,,1,,2,,,49,49,1,12,4,120.675019,24.109608,3
2315,66000,387130000C,(04)23274275,(04)23288582,2025,7,7,11,31,臺中市,北屯區,0,0,0,7,,,50,,,,,,,,,,,,,,,,,,,B03,,,1,,1,,,84,84,1,13,4,120.665789,24.182715,3
2316,66000,387130000C,(04)23274275,(04)23288582,2025,7,7,11,35,臺中市,大里區,0,0,0,7,,,50,,,,,,,,,,,,,,12,,,,,C03,,,1,,2,,,20,20,1,13,4,120.667394,24.097325,3
2317,66000,387130000C,(04)23274275,(04)23288582,2025,7,7,11,40,臺中市,南屯區,0,0,0,7,,,50,,,,,,,,,,,,,,13,,,,,B03,,,1,,1,,,59,59,1,6,4,120.637526,24.146996,3
2318,66000,387130000C,(04)23274275,(04)23288582,2025,7,7,11,45,臺中市,沙鹿區,0,0,0,7,,,0,,,,,,,,,,,,,,14,,,,,B03,,,1,,1,,,49,49,1,6,4,120.562133,24.240754,3
2319,66000,387130000C,(04)23274275,(04)23288582,2025,7,7,11,52,臺中市,太平區,0,1,0,7,3,6,50,4,1,1,5,4,6,6,4,4,5,5,5,1,17,2,9,2,1,C03,7,9,1,10,2,12,,39,39,1,12,4,120.726008,24.135784,2
2320,66000,387130000C,(04)23274275,(04)23288582,2025,7,7,12,5,臺中市,東區,0,1,0,7,1,6,50,3,1,1,5,4,6,6,1,1,5,4,5,2,13,2,7,1,1,C03,7,9,1,10,2,11,,84,84,1,12,4,120.695488,24.147952,2
2321,66000,387130000C,(04)23274275,(04)23288582,2025,7,7,12,10,臺中市,東區,0,0,0,6,,,30,,,,,,,,,,,,,,,,,,,B03,,,1,,9,,,85,85,1,13,4,120.703704,24.130112,3
2322,66000,387130000C,(04)23274275,(04)23288582,2025,7,7,12,11,臺中市,太平區,0,0,0,7,,,50,,,,,,,,,,,,,,12,,,,,B03,,,1,,2,,,84,84,1,6,4,120.722063,24.155862,3
2323,66000,387130000C,(04)23274275,(04)23288582,2025,7,7,12,12,臺中市,新社區,0,1,0,6,2,6,50,13,14,1,5,4,6,6,4,4,8,5,5,1,17,3,10,3,1,B12,7,11,1,8,2,7,,4,4,1,12,4,120.809041,24.242284,2
2324,66000,387130000C,(04)23274275,(04)23288582,2025,7,7,12,28,臺中市,北屯區,0,0,0,7,,,50,,,,,,,,,,,,,,12,,,,,B03,,,1,,1,,,8,8,1,6,4,120.7051,24.189026,3
2325,66000,387130000C,(04)23274275,(04)23288582,2025,7,7,12,37,臺中市,南區,0,2,0,7,1,6,50,13,9,1,5,4,6,6,4,4,9,5,5,2,17,3,10,5,4,B03,7,1,1,8,2,1,,51,51,1,13,4,120.650748,24.120368,2
2326,66000,387130000C,(04)23274275,(04)23288582,2025,7,7,12,40,臺中市,清水區,0,1,0,7,3,6,50,3,2,1,5,4,6,6,4,4,5,4,5,1,17,3,10,2,1,C03,7,6,1,10,2,12,,8,8,1,12,4,120.577486,24.272038,2
2327,66000,387130000C,(04)23274275,(04)23288582,2025,7,7,12,41,臺中市,北屯區,0,0,0,7,,,50,,,,,,,,,,,,,,,,,,,B03,,,3,,2,,,84,84,1,13,4,120.685633,24.176787,3
2328,66000,387130000C,(04)23274275,(04)23288582,2025,7,7,12,46,臺中市,大甲區,0,0,0,6,,,50,,,,,,,,,,,,,,14,,,,,B03,,,1,,2,,,49,49,1,6,4,120.622928,24.344145,3
2329,66000,387130000C,(04)23274275,(04)23288582,2025,7,7,12,49,臺中市,北屯區,0,0,0,7,,,50,,,,,,,,,,,,,,12,,,,,B03,,,1,,2,,,40,40,1,6,4,120.662564,24.18838,3
2330,66000,387130000C,(04)23274275,(04)23288582,2025,7,7,12,50,臺中市,沙鹿區,0,0,0,7,,,30,,,,,,,,,,,,,,17,,,,,B12,,,1,,9,,,78,78,1,13,4,120.55907,24.237309,3
2331,66000,387130000C,(04)23274275,(04)23288582,2025,7,7,12,58,臺中市,北區,0,0,0,7,,,50,,,,,,,,,,,,,,,,,,,B03,,,1,,2,,,50,50,1,12,4,120.683009,24.157674,3
2332,66000,387130000C,(04)23274275,(04)23288582,2025,7,7,13,1,臺中市,南屯區,0,2,0,7,2,6,50,4,1,1,5,4,6,6,1,1,10,5,5,2,17,2,8,2,1,C03,7,6,1,10,2,11,,11,11,1,13,4,120.620854,24.13999,2
2333,66000,387130000C,(04)23274275,(04)23288582,2025,7,7,13,6,臺中市,大里區,0,0,0,7,,,50,,,,,,,,,,,,,,17,,,,,F03,,,7,,2,,,51,51,1,6,4,120.703431,24.091517,3
2334,66000,387130000C,(04)23274275,(04)23288582,2025,7,7,13,7,臺中市,北屯區,0,1,0,7,2,6,30,4,1,1,5,4,6,6,4,4,10,5,5,2,15,2,7,1,1,C03,7,9,1,10,2,11,,15,15,1,12,4,120.669055,24.183485,2
2335,66000,387130000C,(04)23274275,(04)23288582,2025,7,7,13,20,臺中市,南屯區,0,0,0,7,,,50,,,,,,,,,,,,,,12,,,,,B03,,,1,,1,,,40,40,1,12,4,120.644539,24.140146,3
2336,66000,387130000C,(04)23274275,(04)23288582,2025,7,7,13,20,臺中市,沙鹿區,0,1,0,7,2,6,50,13,7,1,5,4,6,6,4,4,1,4,4,2,17,2,9,1,1,C03,7,9,1,10,2,11,,59,59,1,12,4,120.558965,24.232312,2
2337,66000,387130000C,(04)23274275,(04)23288582,2025,7,7,13,29,臺中市,東區,0,0,0,7,,,50,,,,,,,,,,,,,,,,,,,B03,,,1,,1,,,84,84,1,6,4,120.6925,24.138859,3
2338,66000,387130000C,(04)23274275,(04)23288582,2025,7,7,13,39,臺中市,大里區,0,1,0,7,2,6,50,13,9,1,5,4,6,6,4,4,1,4,5,1,17,2,9,1,1,C03,7,7,1,10,2,11,,7,7,1,12,4,120.689881,24.121746,2
2339,66000,387130000C,(04)23274275,(04)23288582,2025,7,7,13,44,臺中市,大里區,0,0,0,7,,,30,,,,,,,,,,,,,,,,,,,H04,,,7,,10,,,109,109,1,12,5,120.687908,24.113138,3
2340,66000,387130000C,(04)23274275,(04)23288582,2025,7,7,14,0,臺中市,南區,0,0,0,7,,,30,,,,,,,,,,,,,,17,,,,,,,,,,,,,86,86,1,,,120.669661,24.118354,3
2341,66000,387130000C,(04)23274275,(04)23288582,2025,7,7,14,4,臺中市,南屯區,0,1,0,7,2,6,50,4,1,1,5,4,6,6,4,4,10,5,5,2,15,2,8,1,1,C03,7,9,1,10,2,14,,12,12,1,13,4,120.650519,24.142624,2
2342,66000,387130000C,(04)23274275,(04)23288582,2025,7,7,14,7,臺中市,北區,0,1,0,7,2,6,50,4,1,1,5,4,6,6,1,1,10,5,4,2,17,3,10,3,1,B12,7,5,1,8,2,5,,47,47,1,12,4,120.670491,24.157514,2
2343,66000,387130000C,(04)23274275,(04)23288582,2025,7,7,14,29,臺中市,東區,0,2,0,7,3,6,30,4,1,1,5,4,6,6,4,4,10,5,5,2,15,2,9,1,1,C03,7,9,1,9,2,11,,15,15,1,6,4,120.695125,24.146266,2
2344,66000,387130000C,(04)23274275,(04)23288582,2025,7,7,14,47,臺中市,后里區,0,2,0,6,2,6,50,3,2,1,5,4,6,6,1,1,5,4,4,1,13,2,7,1,1,C03,7,9,1,10,2,11,14,7,7,1,6,4,120.67729,24.316488,2
2345,66000,387130000C,(04)23274275,(04)23288582,2025,7,7,14,49,臺中市,南屯區,0,0,0,7,,,50,,,,,,,,,,,,,,14,,,,,B12,,,1,,2,,,49,49,1,13,4,120.644891,24.148831,3
2346,66000,387130000C,(04)23274275,(04)23288582,2025,7,7,14,55,臺中市,清水區,0,0,0,7,,,50,,,,,,,,,,,,,,,,,,,B03,,,1,,1,,,49,49,1,12,4,120.575017,24.268585,3
2347,66000,387130000C,(04)23274275,(04)23288582,2025,7,7,15,0,臺中市,北區,0,2,0,7,2,6,30,3,9,1,5,4,6,6,4,4,5,5,5,2,13,3,10,5,4,C03,7,1,1,10,2,11,,51,51,1,13,4,120.683123,24.152207,2
2348,66000,387130000C,(04)23274275,(04)23288582,2025,7,7,15,5,臺中市,大肚區,0,1,0,7,2,6,50,4,1,1,5,4,6,6,4,4,10,5,5,2,15,3,10,3,1,B03,7,9,1,8,2,5,,15,15,1,6,4,120.555732,24.141911,2
2349,66000,387130000C,(04)23274275,(04)23288582,2025,7,7,15,10,臺中市,沙鹿區,0,1,0,6,2,6,40,4,1,1,5,4,6,6,4,4,5,4,5,1,16,3,10,3,1,B03,7,6,1,8,2,1,,12,12,1,12,4,120.56891,24.199658,2
2350,66000,387130000C,(04)23274275,(04)23288582,2025,7,7,15,12,臺中市,南屯區,0,0,0,7,,,50,,,,,,,,,,,,,,26,,,,,B03,,,1,,2,,,84,84,1,13,4,120.639951,24.150081,3
2351,66000,387130000C,(04)23274275,(04)23288582,2025,7,7,15,13,臺中市,北屯區,0,1,0,7,2,6,50,13,9,1,5,4,6,6,4,4,3,3,5,2,12,3,10,3,1,B03,7,9,1,8,2,6,,8,8,1,13,4,120.667118,24.179908,2
2352,66000,387130000C,(04)23274275,(04)23288582,2025,7,7,15,27,臺中市,東區,0,3,0,7,2,6,50,4,1,1,5,4,6,6,2,1,10,5,5,2,16,3,10,6,1,F01,7,6,7,21,2,11,,48,48,1,12,4,120.6956,24.141278,2
2353,66000,387130000C,(04)23274275,(04)23288582,2025,7,7,15,32,臺中市,潭子區,0,1,0,7,2,6,50,5,4,1,5,4,6,6,2,1,10,5,5,2,13,3,10,3,1,B03,7,9,3,19,2,5,,84,84,1,12,4,120.710158,24.207951,2
2354,66000,387130000C,(04)23274275,(04)23288582,2025,7,7,15,40,臺中市,沙鹿區,0,0,0,7,,,50,,,,,,,,,,,,,,17,,,,,B03,,,1,,1,,,8,8,1,6,4,120.609398,24.243051,3
2355,66000,387130000C,(04)23274275,(04)23288582,2025,7,7,15,46,臺中市,豐原區,0,1,0,7,2,6,50,13,7,1,5,4,6,6,4,4,5,5,4,2,16,3,10,5,4,B03,7,11,1,8,2,4,,44,44,1,12,4,120.71494,24.250092,2
2356,66000,387130000C,(04)23274275,(04)23288582,2025,7,7,15,52,臺中市,西區,0,1,0,7,2,6,50,13,9,1,5,4,6,6,4,4,9,5,5,2,1,3,10,3,1,B03,7,9,1,8,1,2,,84,84,1,13,4,120.660565,24.155166,2
2357,66000,387130000C,(04)23274275,(04)23288582,2025,7,7,15,56,臺中市,大里區,0,0,0,7,,,30,,,,,,,,,,,,,,15,,,,,B03,,,1,,2,,,24,24,1,6,4,120.691556,24.107737,3
2358,66000,387130000C,(04)23274275,(04)23288582,2025,7,7,16,0,臺中市,神岡區,0,0,0,7,2,6,30,4,1,1,5,4,6,6,4,4,10,5,5,2,15,3,10,5,4,F03,7,9,7,21,2,5,,13,13,1,6,4,120.657148,24.25575,3