序號,縣市別代碼,機關代碼,市話,傳真,年,月,日,時,分,縣市,區,死亡數量,受傷數量,2-30,天候,道路照明設備,道路類別,道路速限,道路型態,事故位置,路面鋪裝,路面狀態,路面缺陷,障礙物,視距,號誌種類,號誌動作,分向設施,快車道或一般車道間,快慢車道間,路面邊線,事故類型及型態,受傷程度,主要傷處,保護裝備,行動電話或功能裝置,當事者區分(類別),車輛用途,當事者行動狀態,駕照狀態,駕照種類,飲酒情形,車輛撞擊部位最初,車輛撞擊部位其他,肇事因素個別,肇事因素主要,肇事逃逸,職業,共享經濟或外送平台,GPS座標X,GPS座標Y,事故類別
2695,66000,387130000C,(04)23274275,(04)23288582,2025,7,8,14,53,臺中市,西區,0,1,0,7,2,6,50,4,1,1,5,4,6,6,4,4,10,5,5,2,15,4,11,1,1,C03,7,9,1,10,2,11,,15,15,1,13,4,120.669844,24.141177,2
2696,66000,387130000C,(04)23274275,(04)23288582,2025,7,8,14,53,臺中市,后里區,0,1,0,7,2,6,60,3,2,1,5,4,6,6,1,1,5,4,5,1,16,3,10,3,1,B03,7,6,1,8,2,4,,48,48,1,12,4,120.73147,24.339855,2
2697,66000,387130000C,(04)23274275,(04)23288582,2025,7,8,14,53,臺中市,大甲區,0,1,0,7,2,6,50,3,2,1,5,4,6,6,1,1,5,4,4,1,13,2,3,3,1,B03,7,9,1,8,2,1,,59,59,1,6,4,120.638052,24.361444,2
2698,66000,387130000C,(04)23274275,(04)23288582,2025,7,8,14,54,臺中市,西屯區,0,0,0,7,3,6,50,13,9,1,4,4,6,6,4,4,9,5,5,2,12,,,,,B12,,,1,,2,,,8,8,1,12,4,120.60425,24.154765,3
2699,66000,387130000C,(04)23274275,(04)23288582,2025,7,8,14,55,臺中市,南區,0,1,0,7,1,6,50,4,2,1,5,4,6,6,2,1,1,2,5,2,18,2,9,5,4,C03,7,9,1,10,2,14,,84,84,1,13,4,120.666824,24.119158,2
2700,66000,387130000C,(04)23274275,(04)23288582,2025,7,8,14,56,臺中市,北區,0,1,0,6,2,6,50,4,1,1,5,4,6,6,2,1,10,5,5,2,17,2,9,1,1,C03,7,9,1,10,2,15,,84,84,1,13,4,120.67059,24.163063,2
2701,66000,387130000C,(04)23274275,(04)23288582,2025,7,8,14,56,臺中市,太平區,0,2,0,7,3,6,30,4,1,1,5,4,6,6,4,4,10,5,5,2,15,2,9,1,1,C03,7,9,1,10,2,12,,15,15,1,12,4,120.701874,24.146279,2
2702,66000,387130000C,(04)23274275,(04)23288582,2025,7,8,15,0,臺中市,北屯區,0,0,0,7,,,50,,,,,,,,,,,,,,9,,,,,B03,,,1,,1,,,8,8,1,6,4,120.699372,24.175414,3
2703,66000,387130000C,(04)23274275,(04)23288582,2025,7,8,15,0,臺中市,大里區,0,2,0,7,2,6,50,4,1,1,5,4,6,6,1,1,10,5,5,2,16,2,9,4,1,F01,7,1,7,21,2,11,,51,51,1,2,4,120.709059,24.082369,2
2704,66000,387130000C,(04)23274275,(04)23288582,2025,7,8,15,1,臺中市,西區,0,1,0,7,2,6,0,18,21,1,5,4,6,6,4,4,10,5,5,2,17,3,10,5,4,B12,7,14,1,8,2,2,,77,77,1,13,4,120.665893,24.137178,2
2705,66000,387130000C,(04)23274275,(04)23288582,2025,7,8,15,3,臺中市,南屯區,0,1,0,7,2,6,50,13,9,1,5,4,6,6,4,4,9,4,5,2,12,2,9,1,1,C03,7,9,1,10,2,11,,84,84,1,12,4,120.652785,24.131032,2
2706,66000,387130000C,(04)23274275,(04)23288582,2025,7,8,15,6,臺中市,太平區,0,1,0,7,2,6,50,13,9,1,5,4,6,6,4,4,9,5,5,1,17,3,10,5,4,B12,7,9,1,8,2,2,,84,84,1,6,4,120.718296,24.122434,2
2707,66000,387130000C,(04)23274275,(04)23288582,2025,7,8,15,11,臺中市,西區,0,2,0,6,2,6,50,4,1,1,5,4,6,6,2,1,10,5,5,2,17,2,8,2,1,C03,7,9,1,10,2,11,,84,84,1,12,4,120.661732,24.146743,2
2708,66000,387130000C,(04)23274275,(04)23288582,2025,7,8,15,12,臺中市,梧棲區,0,0,0,7,,,40,,,,,,,,,,,,,,13,,,,,B13,,,1,,2,,,58,58,1,6,4,120.524722,24.223374,3
2709,66000,387130000C,(04)23274275,(04)23288582,2025,7,8,15,13,臺中市,北屯區,0,0,0,7,,,50,,,,,,,,,,,,,,12,,,,,B12,,,1,,1,,,35,35,1,13,4,120.698333,24.172948,3
2710,66000,387130000C,(04)23274275,(04)23288582,2025,7,8,15,15,臺中市,東區,0,0,0,7,,,40,,,,,,,,,,,,,,14,,,,,B12,,,1,,1,,,49,49,1,13,4,120.702978,24.139235,3
2711,66000,387130000C,(04)23274275,(04)23288582,2025,7,8,15,18,臺中市,潭子區,0,0,0,7,,,50,,,,,,,,,,,,,,,,,,,A11,,,1,,2,,,73,73,1,13,4,120.700851,24.189611,3
2712,66000,387130000C,(04)23274275,(04)23288582,2025,7,8,15,21,臺中市,太平區,0,0,0,7,,,80,,,,,,,,,,,,,,13,,,,,C03,,,1,,2,,,56,56,1,12,4,120.717478,24.15751,3
2713,66000,387130000C,(04)23274275,(04)23288582,2025,7,8,15,25,臺中市,潭子區,0,0,0,7,,,40,,,,,,,,,,,,,,1,,,,,A11,,,1,,2,,,8,8,1,12,4,120.696317,24.204504,3
2714,66000,387130000C,(04)23274275,(04)23288582,2025,7,8,15,26,臺中市,西屯區,0,2,0,7,2,6,50,13,9,1,5,4,6,6,4,4,1,4,5,2,12,2,9,1,1,C03,7,7,1,10,2,12,,40,40,1,12,4,120.646491,24.157846,2
2715,66000,387130000C,(04)23274275,(04)23288582,2025,7,8,15,30,臺中市,東區,0,0,0,7,,,50,,,,,,,,,,,,,,14,,,,,B13,,,1,,1,,,49,49,1,12,4,120.697299,24.12737,3
2716,66000,387130000C,(04)23274275,(04)23288582,2025,7,8,15,32,臺中市,石岡區,0,1,0,7,3,6,30,3,1,1,5,4,6,6,4,4,10,5,5,2,17,3,10,5,4,B12,7,5,1,8,2,8,,14,14,1,12,4,120.80878,24.267614,2
2717,66000,387130000C,(04)23274275,(04)23288582,2025,7,8,15,33,臺中市,西區,0,1,0,7,2,6,50,13,9,1,5,4,6,6,4,4,10,5,5,2,12,3,10,5,4,B03,7,5,1,8,2,5,,84,84,1,13,4,120.655348,24.139729,2
2718,66000,387130000C,(04)23274275,(04)23288582,2025,7,8,15,35,臺中市,霧峰區,0,1,0,7,2,6,50,13,9,1,5,4,6,6,4,4,5,5,5,2,17,2,7,2,1,C03,7,9,1,10,2,12,,82,82,1,5,4,120.701069,24.068266,2
2719,66000,387130000C,(04)23274275,(04)23288582,2025,7,8,15,37,臺中市,大甲區,0,2,0,7,1,6,50,4,1,1,5,4,6,6,4,4,5,5,5,1,15,2,9,1,1,C03,7,9,1,10,2,12,,15,15,1,12,4,120.616053,24.350052,2
2720,66000,387130000C,(04)23274275,(04)23288582,2025,7,8,15,39,臺中市,北屯區,0,2,0,7,2,6,50,4,1,1,5,4,6,6,2,1,10,5,5,2,16,3,10,3,1,B03,7,5,1,8,2,2,,85,85,1,12,4,120.689587,24.180424,2
2721,66000,387130000C,(04)23274275,(04)23288582,2025,7,8,15,40,臺中市,西區,0,0,0,5,,,30,,,,,,,,,,,,,,,,,,,C03,,,1,,2,,,84,84,1,6,4,120.668236,24.135183,3
2722,66000,387130000C,(04)23274275,(04)23288582,2025,7,8,15,41,臺中市,烏日區,0,0,0,7,,,50,,,,,,,,,,,,,,12,,,,,C03,,,1,,1,,,58,58,1,12,4,120.607512,24.106042,3
2723,66000,387130000C,(04)23274275,(04)23288582,2025,7,8,15,43,臺中市,南屯區,0,1,0,7,3,6,50,13,9,1,5,4,6,6,4,4,5,4,5,2,17,3,10,4,1,B03,7,14,1,8,2,4,,76,76,1,12,4,120.634031,24.145072,2
2724,66000,387130000C,(04)23274275,(04)23288582,2025,7,8,15,51,臺中市,沙鹿區,0,1,0,7,2,6,50,3,1,1,5,4,6,6,1,1,5,4,4,2,13,3,10,3,1,B03,7,9,1,8,2,8,,7,7,1,12,4,120.565996,24.23438,2
2725,66000,387130000C,(04)23274275,(04)23288582,2025,7,8,15,53,臺中市,清水區,0,1,0,7,2,6,40,4,1,1,5,4,6,6,1,1,1,4,3,1,16,3,10,3,1,B03,7,5,1,8,2,5,,11,11,1,13,4,120.547395,24.275369,2
2726,66000,387130000C,(04)23274275,(04)23288582,2025,7,8,15,54,臺中市,西區,0,0,0,7,,,50,,,,,,,,,,,,,,,,,,,B03,,,1,,1,,,47,47,1,12,4,120.669792,24.143996,3
2727,66000,387130000C,(04)23274275,(04)23288582,2025,7,8,15,55,臺中市,西區,0,0,0,7,,,50,,,,,,,,,,,,,,,,,,,B03,,,1,,2,,,40,40,1,12,4,120.654846,24.150645,3
2728,66000,387130000C,(04)23274275,(04)23288582,2025,7,8,16,1,臺中市,潭子區,0,0,0,7,,,60,,,,,,,,,,,,,,,,,,,B12,,,1,,2,,,84,84,1,13,4,120.708649,24.231206,3
2729,66000,387130000C,(04)23274275,(04)23288582,2025,7,8,16,1,臺中市,南區,0,0,0,7,,,50,,,,,,,,,,,,,,17,,,,,B03,,,1,,2,,,84,84,1,12,4,120.656372,24.117887,3
2730,66000,387130000C,(04)23274275,(04)23288582,2025,7,8,16,2,臺中市,龍井區,0,1,0,7,2,6,30,3,1,1,5,4,6,6,4,4,10,5,5,2,10,3,10,3,1,B03,7,9,1,8,2,8,,8,8,1,6,4,120.546584,24.182325,2
2731,66000,387130000C,(04)23274275,(04)23288582,2025,7,8,16,11,臺中市,北區,0,2,0,7,2,6,40,13,8,1,5,4,6,6,4,4,9,5,4,2,13,2,9,5,4,C03,7,9,1,10,2,11,,84,84,1,12,4,120.690269,24.152606,2
2732,66000,387130000C,(04)23274275,(04)23288582,2025,7,8,16,11,臺中市,東區,0,0,0,7,,,50,,,,,,,,,,,,,,17,,,,,A02,,,1,,2,,,84,84,1,12,4,120.686493,24.144265,3
2733,66000,387130000C,(04)23274275,(04)23288582,2025,7,8,16,13,臺中市,南屯區,0,0,0,7,,,50,,,,,,,,,,,,,,,,,,,B03,,,1,,2,,,49,49,1,13,4,120.651266,24.152122,3
2734,66000,387130000C,(04)23274275,(04)23288582,2025,7,8,16,15,臺中市,西區,0,1,0,7,2,6,50,4,1,1,5,4,6,6,1,1,10,5,5,2,16,3,10,5,4,B02,7,6,1,8,2,8,,11,11,1,13,4,120.667532,24.141802,2
2735,66000,387130000C,(04)23274275,(04)23288582,2025,7,8,16,15,臺中市,太平區,0,0,0,7,2,6,30,,,,,,,,,,,,,,,,,,,B02,,,1,,2,4,,76,76,1,12,4,120.712683,24.129299,3
2736,66000,387130000C,(04)23274275,(04)23288582,2025,7,8,16,16,臺中市,北區,0,0,0,7,3,6,50,18,24,1,5,4,6,6,4,4,10,5,5,2,17,,,,,B12,,,1,,9,,,49,49,1,13,4,120.68137,24.162954,3
2737,66000,387130000C,(04)23274275,(04)23288582,2025,7,8,16,17,臺中市,南屯區,0,0,0,7,,,50,,,,,,,,,,,,,,12,,,,,B13,,,1,,2,,,59,59,1,13,4,120.614288,24.153774,3
2738,66000,387130000C,(04)23274275,(04)23288582,2025,7,8,16,17,臺中市,大里區,0,0,0,7,,,50,,,,,,,,,,,,,,,,,,,C03,,,1,,2,,,7,7,1,6,4,120.695305,24.088906,3
2739,66000,387130000C,(04)23274275,(04)23288582,2025,7,8,16,18,臺中市,神岡區,0,0,0,7,,,40,,,,,,,,,,,,,,14,,,,,B03,,,1,,2,,,49,49,1,6,4,120.702135,24.262639,3
2740,66000,387130000C,(04)23274275,(04)23288582,2025,7,8,16,19,臺中市,西區,0,0,0,7,,,50,,,,,,,,,,,,,,,,,,,A11,,,1,,2,,,84,84,1,6,4,120.656787,24.150567,3
2741,66000,387130000C,(04)23274275,(04)23288582,2025,7,8,16,20,臺中市,霧峰區,0,0,0,7,2,6,30,4,1,1,5,4,6,6,4,4,1,4,4,1,15,,,,,B03,,,1,,2,,,13,13,1,6,4,120.69646,24.068565,3
2742,66000,387130000C,(04)23274275,(04)23288582,2025,7,8,16,22,臺中市,西區,0,0,0,7,,,50,,,,,,,,,,,,,,,,,,,C03,,,1,,1,,,21,21,1,12,4,120.655125,24.152342,3
2743,66000,387130000C,(04)23274275,(04)23288582,2025,7,8,16,23,臺中市,東勢區,0,0,0,7,,,30,,,,,,,,,,,,,,,,,,,B03,,,1,,1,,,84,84,1,12,4,120.891528,24.220966,3
2744,66000,387130000C,(04)23274275,(04)23288582,2025,7,8,16,25,臺中市,北屯區,0,1,0,7,3,6,50,5,1,1,5,4,6,6,1,1,10,5,5,2,16,3,10,3,1,B03,7,6,1,8,3,5,,11,11,1,6,4,120.688921,24.162923,2
2745,66000,387130000C,(04)23274275,(04)23288582,2025,7,8,16,25,臺中市,大里區,0,1,0,7,2,6,50,3,1,1,5,4,6,6,4,4,10,5,5,2,16,3,10,3,1,B03,7,6,1,8,2,1,,11,11,1,12,4,120.68224,24.111303,2
2746,66000,387130000C,(04)23274275,(04)23288582,2025,7,8,16,32,臺中市,西屯區,0,1,0,7,2,6,50,3,2,1,5,4,6,6,4,4,5,4,5,2,13,2,9,1,1,C03,7,9,3,19,2,14,,7,7,1,12,4,120.64434,24.174986,2
2747,66000,387130000C,(04)23274275,(04)23288582,2025,7,8,16,36,臺中市,南屯區,0,0,0,5,3,6,50,13,9,1,5,4,6,6,1,1,5,2,5,2,13,,,,,B03,,,1,,1,,,7,7,1,12,4,120.650017,24.148626,3
2748,66000,387130000C,(04)23274275,(04)23288582,2025,7,8,16,36,臺中市,清水區,0,1,0,7,3,6,50,4,1,1,5,4,6,6,4,4,5,5,5,1,15,3,10,3,1,B03,7,9,1,8,2,1,,15,15,1,12,4,120.548914,24.274622,2
2749,66000,387130000C,(04)23274275,(04)23288582,2025,7,8,16,40,臺中市,石岡區,0,0,0,7,,,70,,,,,,,,,,,,,,,,,,,B03,,,1,,1,,,78,78,1,12,4,120.763572,24.277079,3
2750,66000,387130000C,(04)23274275,(04)23288582,2025,7,8,16,48,臺中市,北屯區,0,0,0,7,,,50,,,,,,,,,,,,,,16,,,,,B03,,,1,,1,,,12,12,1,13,4,120.660626,24.19358,3
2751,66000,387130000C,(04)23274275,(04)23288582,2025,7,8,16,49,臺中市,霧峰區,0,0,0,7,,,30,,,,,,,,,,,,,,,,,,,B13,,,1,,2,,,49,49,1,6,4,120.675289,24.064404,3
2752,66000,387130000C,(04)23274275,(04)23288582,2025,7,8,16,50,臺中市,北區,0,1,0,7,2,6,50,4,1,1,5,4,6,6,2,1,1,5,5,2,11,3,10,2,1,C03,7,6,3,19,2,11,,11,11,1,12,4,120.670549,24.164924,2
2753,66000,387130000C,(04)23274275,(04)23288582,2025,7,8,16,50,臺中市,烏日區,0,0,0,7,,,40,,,,,,,,,,,,,,,,,,,B03,,,1,,1,,,7,7,1,12,4,120.654742,24.095145,3
2754,66000,387130000C,(04)23274275,(04)23288582,2025,7,8,16,51,臺中市,梧棲區,0,0,0,7,,,30,,,,,,,,,,,,,,13,,,,,C03,,,1,,1,,,7,7,1,6,4,120.557823,24.241746,3
2755,66000,387130000C,(04)23274275,(04)23288582,2025,7,8,16,54,臺中市,太平區,0,2,0,7,2,6,50,3,1,1,5,4,6,6,4,4,10,5,5,2,3,2,9,6,5,H01,8,18,7,21,10,17,,95,95,1,4,5,120.723523,24.131558,2
2756,66000,387130000C,(04)23274275,(04)23288582,2025,7,8,16,58,臺中市,梧棲區,0,0,0,7,,,40,,,,,,,,,,,,,,13,,,,,B03,,,1,,1,,,7,7,1,6,4,120.526202,24.222474,3
2757,66000,387130000C,(04)23274275,(04)23288582,2025,7,8,16,59,臺中市,豐原區,0,0,0,7,,,50,,,,,,,,,,,,,,13,,,,,A12,,,1,,2,,,7,7,1,13,4,120.711324,24.246263,3
2758,66000,387130000C,(04)23274275,(04)23288582,2025,7,8,17,3,臺中市,西屯區,0,2,0,7,2,6,30,3,1,1,5,4,6,6,4,4,10,5,5,2,17,2,9,5,4,C03,7,6,1,10,2,11,,12,12,1,13,4,120.640476,24.175862,2
2759,66000,387130000C,(04)23274275,(04)23288582,2025,7,8,17,3,臺中市,西屯區,0,0,0,7,,3,80,,,,,,,,,,,,,,,,,,,B12,,,1,7,1,,,84,84,1,13,4,120.657668,24.200017,3
2760,66000,387130000C,(04)23274275,(04)23288582,2025,7,8,17,6,臺中市,北區,0,0,0,6,,,50,,,,,,,,,,,,,,14,,,,,B03,,,1,,1,,,49,49,1,13,4,120.669277,24.172508,3
2761,66000,387130000C,(04)23274275,(04)23288582,2025,7,8,17,8,臺中市,東區,0,0,0,7,,,40,,,,,,,,,,,,,,13,,,,,C03,,,1,,1,,,8,8,1,13,4,120.706347,24.136694,4
2762,66000,387130000C,(04)23274275,(04)23288582,2025,7,8,17,8,臺中市,神岡區,0,1,0,7,3,6,30,3,1,1,5,4,6,6,4,4,5,5,5,1,16,3,10,3,1,B03,7,5,1,8,2,4,,14,14,1,13,4,120.699124,24.271002,2
2763,66000,387130000C,(04)23274275,(04)23288582,2025,7,8,17,10,臺中市,北區,0,0,0,7,,,30,,,,,,,,,,,,,,17,,,,,B03,,,1,,9,,,8,8,1,13,4,120.676774,24.15982,3
2764,66000,387130000C,(04)23274275,(04)23288582,2025,7,8,17,13,臺中市,神岡區,0,0,0,7,,,30,,,,,,,,,,,,,,17,,,,,B03,,,1,,2,,,84,84,1,12,4,120.677055,24.246657,3
2765,66000,387130000C,(04)23274275,(04)23288582,2025,7,8,17,14,臺中市,西區,0,1,0,7,2,6,50,4,1,1,5,4,6,6,4,4,10,5,5,2,15,2,9,1,1,C03,7,9,1,10,2,12,,15,15,1,13,4,120.658659,24.150213,2
2766,66000,387130000C,(04)23274275,(04)23288582,2025,7,8,17,14,臺中市,南區,0,2,0,7,1,6,50,4,1,1,5,4,6,6,2,1,10,5,5,2,13,2,8,2,1,C03,7,9,1,10,2,12,,84,84,1,12,4,120.678586,24.132792,2
2767,66000,387130000C,(04)23274275,(04)23288582,2025,7,8,17,14,臺中市,東區,0,0,0,7,,,50,,,,,,,,,,,,,,16,,,,,B03,,,1,,2,,,12,12,1,12,4,120.699654,24.125213,3
2768,66000,387130000C,(04)23274275,(04)23288582,2025,7,8,17,15,臺中市,北區,0,0,0,7,,,30,,,,,,,,,,,,,,17,,,,,B03,,,1,,1,,,14,14,1,12,4,120.692638,24.160524,3
2769,66000,387130000C,(04)23274275,(04)23288582,2025,7,8,17,15,臺中市,東區,0,1,0,7,2,6,50,4,2,1,5,4,6,6,1,1,9,4,4,2,17,3,10,3,1,B12,7,7,1,8,2,2,,40,40,1,12,4,120.699679,24.125352,2
2770,66000,387130000C,(04)23274275,(04)23288582,2025,7,8,17,16,臺中市,北區,0,1,0,7,3,6,50,3,1,1,5,4,6,6,2,1,10,5,5,2,17,2,9,5,4,C04,7,9,1,8,2,14,,8,8,1,13,4,120.684228,24.14978,2
2771,66000,387130000C,(04)23274275,(04)23288582,2025,7,8,17,18,臺中市,大雅區,0,1,0,7,3,6,30,13,9,1,5,4,6,6,4,4,10,5,5,1,14,3,10,3,1,B03,7,2,5,19,2,3,,49,49,1,13,4,120.662636,24.221612,2
2772,66000,387130000C,(04)23274275,(04)23288582,2025,7,8,17,21,臺中市,太平區,0,0,0,7,,,50,,,,,,,,,,,,,,13,,,,,B03,,,1,,2,,,8,8,1,12,4,120.732718,24.13471,3
2773,66000,387130000C,(04)23274275,(04)23288582,2025,7,8,17,24,臺中市,大雅區,0,2,0,7,1,6,50,13,9,1,5,4,6,6,4,4,5,5,5,1,12,2,9,2,1,C03,7,9,1,10,2,14,,43,43,1,12,4,120.653033,24.225958,2
2774,66000,387130000C,(04)23274275,(04)23288582,2025,7,8,17,26,臺中市,沙鹿區,0,2,0,7,2,6,30,13,9,1,5,4,6,6,4,4,10,5,5,1,3,2,9,1,1,C03,7,9,1,9,2,11,,85,85,1,12,4,120.55848,24.247004,2
2775,66000,387130000C,(04)23274275,(04)23288582,2025,7,8,17,27,臺中市,東區,0,1,0,7,2,6,50,4,1,1,5,4,6,6,1,1,10,5,5,2,17,3,10,1,1,C03,7,6,1,10,2,12,,11,11,1,12,4,120.696864,24.144694,2
2776,66000,387130000C,(04)23274275,(04)23288582,2025,7,8,17,30,臺中市,北區,0,0,0,7,,,50,,,,,,,,,,,,,,17,,,,,B03,,,3,,1,,,84,84,1,13,4,120.675211,24.149676,3
2777,66000,387130000C,(04)23274275,(04)23288582,2025,7,8,17,30,臺中市,烏日區,0,0,0,7,,,40,,,,,,,,,,,,,,,,,,,C03,,,1,,1,,,84,84,1,13,4,120.644256,24.112747,3
2778,66000,387130000C,(04)23274275,(04)23288582,2025,7,8,17,32,臺中市,西屯區,0,0,0,7,,,50,,,,,,,,,,,,,,12,,,,,B03,,,1,,1,,,8,8,1,12,4,120.646528,24.196277,3
2779,66000,387130000C,(04)23274275,(04)23288582,2025,7,8,17,32,臺中市,西屯區,0,0,0,7,,,50,,,,,,,,,,,,,,17,,,,,B03,,,1,,1,,,50,50,1,12,4,120.641889,24.172855,3
2780,66000,387130000C,(04)23274275,(04)23288582,2025,7,8,17,32,臺中市,大里區,0,0,0,7,,,50,,,,,,,,,,,,,,13,,,,,C03,,,1,,2,,,7,7,1,13,4,120.689857,24.111498,3
2781,66000,387130000C,(04)23274275,(04)23288582,2025,7,8,17,34,臺中市,西區,0,1,0,7,2,6,40,13,8,1,5,4,6,6,4,4,5,5,4,2,17,3,10,5,4,B01,7,14,1,1,2,4,,76,76,1,13,4,120.668335,24.146232,2
2782,66000,387130000C,(04)23274275,(04)23288582,2025,7,8,17,37,臺中市,大雅區,0,0,0,7,,,50,,,,,,,,,,,,,,,,,,,B03,,,1,,1,,,84,84,1,12,4,120.672086,24.228655,3
2783,66000,387130000C,(04)23274275,(04)23288582,2025,7,8,17,38,臺中市,沙鹿區,0,0,0,7,,,40,,,,,,,,,,,,,,,,,,,B03,,,1,,2,,,59,59,1,13,4,120.573247,24.231007,3
2784,66000,387130000C,(04)23274275,(04)23288582,2025,7,8,17,40,臺中市,沙鹿區,0,0,0,7,2,6,50,3,9,1,5,4,6,6,1,1,4,4,5,2,13,,,,,C03,,,1,,2,,,7,7,1,12,4,120.579471,24.218511,3
2785,66000,387130000C,(04)23274275,(04)23288582,2025,7,8,17,41,臺中市,大里區,0,2,0,7,1,6,40,3,1,1,5,4,6,6,4,4,10,5,5,2,16,2,9,1,1,C03,7,6,1,10,2,11,12,11,11,1,12,4,120.68615,24.114968,2
2786,66000,387130000C,(04)23274275,(04)23288582,2025,7,8,17,43,臺中市,沙鹿區,0,0,0,7,,,50,,,,,,,,,,,,,,,,,,,B03,,,1,,2,,,49,49,1,12,4,120.565887,24.231213,3
2787,66000,387130000C,(04)23274275,(04)23288582,2025,7,8,17,47,臺中市,神岡區,0,0,0,7,,,40,,,,,,,,,,,,,,14,,,,,B12,,,1,,1,,,49,49,1,6,4,120.693207,24.232665,3
2788,66000,387130000C,(04)23274275,(04)23288582,2025,7,8,17,48,臺中市,北區,0,1,0,7,2,6,50,4,1,1,5,4,6,6,1,1,10,5,5,2,16,3,10,5,4,B03,7,5,1,8,2,2,,47,47,1,13,4,120.676392,24.173181,2
2789,66000,387130000C,(04)23274275,(04)23288582,2025,7,8,17,48,臺中市,大甲區,0,1,0,7,2,6,50,13,9,1,5,4,6,6,4,4,5,5,5,2,18,2,9,2,1,C03,7,9,1,10,2,14,,54,54,1,6,4,120.642861,24.409188,2
2790,66000,387130000C,(04)23274275,(04)23288582,2025,7,8,17,48,臺中市,豐原區,0,1,0,7,3,6,50,13,9,1,5,4,6,6,4,4,5,5,5,1,17,2,9,1,1,C03,7,15,1,10,2,14,,84,84,1,12,4,120.722375,24.239854,2
2791,66000,387130000C,(04)23274275,(04)23288582,2025,7,8,17,50,臺中市,西屯區,0,2,0,7,2,6,60,3,2,1,5,4,6,6,4,4,5,2,5,2,13,3,10,2,1,C03,7,9,1,10,2,11,,7,7,1,12,4,120.61301,24.191255,2
2792,66000,387130000C,(04)23274275,(04)23288582,2025,7,8,17,50,臺中市,大里區,0,1,0,7,3,6,50,4,1,1,5,4,6,6,1,1,10,5,5,2,16,3,10,3,1,B03,7,6,1,8,2,1,,11,11,1,6,4,120.678993,24.112291,2
2793,66000,387130000C,(04)23274275,(04)23288582,2025,7,8,17,52,臺中市,清水區,0,2,0,7,2,6,50,4,1,1,5,4,6,6,1,1,8,3,4,1,17,2,9,1,1,C03,7,11,1,10,2,12,,45,45,1,12,4,120.576084,24.270913,2
2794,66000,387130000C,(04)23274275,(04)23288582,2025,7,8,17,55,臺中市,西屯區,0,0,0,7,,,50,,,,,,,,,,,,,,,,,,,B03,,,1,,2,,,7,7,1,12,4,120.65263,24.166498,3
2795,66000,387130000C,(04)23274275,(04)23288582,2025,7,8,17,55,臺中市,神岡區,0,0,0,7,,,50,,,,,,,,,,,,,,12,,,,,B03,,,1,,1,,,7,7,1,13,4,120.664876,24.257917,3
2796,66000,387130000C,(04)23274275,(04)23288582,2025,7,8,17,56,臺中市,大里區,0,0,0,7,,,,,,,,,,,,,,,,,17,,,,,,,,,,,,,86,86,1,,,120.686894,24.106556,3
2797,66000,387130000C,(04)23274275,(04)23288582,2025,7,8,17,56,臺中市,太平區,0,0,0,7,,,50,,,,,,,,,,,,,,13,,,,,C03,,,1,,1,,,84,84,1,12,4,120.70337,24.111316,3
2798,66000,387130000C,(04)23274275,(04)23288582,2025,7,8,17,56,臺中市,大甲區,0,2,0,7,1,6,50,3,1,1,5,4,6,6,4,4,5,5,4,1,16,2,9,1,1,C03,7,6,1,10,2,12,,14,14,1,12,4,120.616053,24.350052,2
2799,66000,387130000C,(04)23274275,(04)23288582,2025,7,8,17,57,臺中市,大雅區,0,2,0,7,1,6,40,3,1,1,5,4,6,6,1,1,10,5,5,2,13,2,9,2,1,C03,7,15,1,10,2,11,13,85,85,1,12,4,120.650942,24.216443,2
2800,66000,387130000C,(04)23274275,(04)23288582,2025,7,8,17,58,臺中市,西屯區,0,0,0,7,,,40,,,,,,,,,,,,,,16,,,,,B03,,,1,,2,,,14,14,1,13,4,120.646731,24.165125,3
2801,66000,387130000C,(04)23274275,(04)23288582,2025,7,8,18,0,臺中市,北屯區,0,1,0,7,2,6,50,4,1,1,5,4,6,6,1,1,10,5,5,2,16,3,10,3,1,B03,7,5,1,8,2,2,,47,47,1,12,4,120.679896,24.175166,2
2802,66000,387130000C,(04)23274275,(04)23288582,2025,7,8,18,5,臺中市,西屯區,0,0,0,7,,,50,,,,,,,,,,,,,,,,,,,B03,,,1,,1,,,39,39,1,13,4,120.641028,24.155732,3
2803,66000,387130000C,(04)23274275,(04)23288582,2025,7,8,18,5,臺中市,清水區,0,0,0,7,,,50,,,,,,,,,,,,,,,,,,,B03,,,1,,1,,,25,25,1,12,4,120.572501,24.27472,3
2804,66000,387130000C,(04)23274275,(04)23288582,2025,7,8,18,6,臺中市,西屯區,0,2,0,7,2,6,50,3,1,1,5,4,6,6,4,4,10,5,5,2,13,2,9,5,4,C03,7,9,3,19,2,11,,84,84,1,12,4,120.66301,24.165809,2
2805,66000,387130000C,(04)23274275,(04)23288582,2025,7,8,18,7,臺中市,北屯區,0,0,0,7,,,50,,,,,,,,,,,,,,,,,,,B03,,,1,,1,,,84,84,1,12,4,120.694259,24.16491,3
2806,66000,387130000C,(04)23274275,(04)23288582,2025,7,8,18,7,臺中市,豐原區,0,0,0,7,,,50,,,,,,,,,,,,,,14,,,,,B03,,,1,,2,,,49,49,1,13,4,120.734889,24.246816,3
2807,66000,387130000C,(04)23274275,(04)23288582,2025,7,8,18,8,臺中市,北屯區,0,0,0,7,,,50,,,,,,,,,,,,,,16,,,,,B03,,,1,8,1,,,84,84,1,12,4,120.705826,24.192837,3