序號,縣市別代碼,機關代碼,市話,傳真,年,月,日,時,分,縣市,區,死亡數量,受傷數量,2-30,天候,道路照明設備,道路類別,道路速限,道路型態,事故位置,路面鋪裝,路面狀態,路面缺陷,障礙物,視距,號誌種類,號誌動作,分向設施,快車道或一般車道間,快慢車道間,路面邊線,事故類型及型態,受傷程度,主要傷處,保護裝備,行動電話或功能裝置,當事者區分(類別),車輛用途,當事者行動狀態,駕照狀態,駕照種類,飲酒情形,車輛撞擊部位最初,車輛撞擊部位其他,肇事因素個別,肇事因素主要,肇事逃逸,職業,共享經濟或外送平台,GPS座標X,GPS座標Y,事故類別
3033,66000,387130000C,(04)23274275,(04)23288582,2025,7,9,11,37,臺中市,大里區,0,1,0,5,2,6,50,3,1,1,4,4,6,6,4,4,5,5,4,2,18,2,9,1,1,C03,7,9,1,9,2,16,,6,6,1,13,4,120.679846,24.095902,2
3034,66000,387130000C,(04)23274275,(04)23288582,2025,7,9,11,42,臺中市,大里區,0,0,0,5,,,50,,,,,,,,,,,,,,17,,,,,B03,,,1,,1,,,76,76,1,13,4,120.675719,24.111049,3
3035,66000,387130000C,(04)23274275,(04)23288582,2025,7,9,11,44,臺中市,豐原區,0,1,0,5,3,6,50,4,1,1,4,4,6,6,1,2,1,4,4,1,16,3,10,5,4,B03,7,9,1,8,2,1,,6,6,1,12,4,120.760546,24.277063,2
3036,66000,387130000C,(04)23274275,(04)23288582,2025,7,9,11,45,臺中市,北屯區,0,0,0,5,,,50,,,,,,,,,,,,,,13,,,,,B02,,,1,,2,,,58,58,1,6,4,120.677591,24.183441,3
3037,66000,387130000C,(04)23274275,(04)23288582,2025,7,9,11,46,臺中市,北屯區,0,0,0,5,,,50,,,,,,,,,,,,,,17,,,,,B03,,,1,,2,,,8,8,1,12,4,120.729014,24.161844,3
3038,66000,387130000C,(04)23274275,(04)23288582,2025,7,9,11,54,臺中市,大雅區,0,1,0,5,3,6,50,13,9,1,4,4,6,6,4,4,9,4,5,1,11,3,10,3,1,B03,7,11,1,8,2,4,,45,45,1,13,4,120.623808,24.230292,2
3039,66000,387130000C,(04)23274275,(04)23288582,2025,7,9,11,58,臺中市,大雅區,0,0,0,5,,,50,,,,,,,,,,,,,,,,,,,B03,,,1,,9,,,50,50,1,12,4,120.646844,24.225328,3
3040,66000,387130000C,(04)23274275,(04)23288582,2025,7,9,11,59,臺中市,西區,0,0,0,5,,,50,,,,,,,,,,,,,,17,,,,,B03,,,3,,1,,,51,51,1,13,4,120.666178,24.150872,4
3041,66000,387130000C,(04)23274275,(04)23288582,2025,7,9,12,0,臺中市,潭子區,0,0,0,5,,,0,,,,,,,,,,,,,,,,,,,B03,,,6,,1,,,51,51,1,12,4,120.699426,24.215539,3
3042,66000,387130000C,(04)23274275,(04)23288582,2025,7,9,12,1,臺中市,沙鹿區,0,1,0,5,2,6,50,4,1,1,4,4,6,6,1,1,10,5,5,2,1,3,10,5,1,B03,7,6,1,8,2,1,8,10,10,1,6,4,120.614657,24.242111,2
3043,66000,387130000C,(04)23274275,(04)23288582,2025,7,9,12,2,臺中市,南屯區,0,1,0,5,1,6,50,3,1,1,4,4,6,6,4,4,5,5,5,2,17,2,9,5,4,C03,7,9,1,10,2,14,,84,84,1,13,4,120.635158,24.140647,2
3044,66000,387130000C,(04)23274275,(04)23288582,2025,7,9,12,9,臺中市,龍井區,0,0,0,5,,,60,,,,,,,,,,,,,,,,,,,A31,,,1,,2,,,14,14,1,6,4,120.509249,24.200586,3
3045,66000,387130000C,(04)23274275,(04)23288582,2025,7,9,12,10,臺中市,南屯區,0,1,0,5,2,6,50,4,2,1,3,4,6,6,2,1,5,4,4,2,18,2,9,2,1,C03,7,9,1,10,2,12,,59,59,1,12,4,120.649891,24.146771,2
3046,66000,387130000C,(04)23274275,(04)23288582,2025,7,9,12,10,臺中市,神岡區,0,0,0,5,,,30,,,,,,,,,,,,,,25,,,,,B12,,,1,,11,,,49,49,1,12,4,120.703219,24.257231,3
3047,66000,387130000C,(04)23274275,(04)23288582,2025,7,9,12,11,臺中市,大里區,0,0,0,5,,,50,,,,,,,,,,,,,,,,,,,B12,,,1,,2,,,49,49,1,12,4,120.686422,24.102327,3
3048,66000,387130000C,(04)23274275,(04)23288582,2025,7,9,12,15,臺中市,西區,0,1,0,5,2,6,50,4,1,5,4,4,6,6,1,1,10,5,5,2,17,2,9,2,1,C03,7,15,1,10,2,12,,84,84,1,12,4,120.673838,24.140261,2
3049,66000,387130000C,(04)23274275,(04)23288582,2025,7,9,12,15,臺中市,西屯區,0,0,0,5,,,50,,,,,,,,,,,,,,17,,,,,C03,,,1,,1,,,51,51,1,12,4,120.618467,24.184779,3
3050,66000,387130000C,(04)23274275,(04)23288582,2025,7,9,12,17,臺中市,北屯區,0,0,0,5,,,50,,,,,,,,,,,,,,12,,,,,C03,,,1,10,9,,,58,58,1,12,4,120.662894,24.188825,3
3051,66000,387130000C,(04)23274275,(04)23288582,2025,7,9,12,20,臺中市,豐原區,0,0,0,5,,,50,,,,,,,,,,,,,,13,,,,,B03,,,1,,2,,,84,84,1,12,4,120.711819,24.24245,3
3052,66000,387130000C,(04)23274275,(04)23288582,2025,7,9,12,21,臺中市,龍井區,0,0,0,5,2,6,60,4,7,1,4,4,6,6,1,1,5,4,3,2,13,3,10,3,1,A12,7,15,1,7,2,1,,78,78,1,6,4,120.574501,24.181213,3
3053,66000,387130000C,(04)23274275,(04)23288582,2025,7,9,12,30,臺中市,沙鹿區,0,1,0,5,2,6,50,3,1,1,4,4,6,6,4,4,10,5,5,2,16,3,10,3,1,B03,7,6,1,8,2,1,,13,13,1,6,4,120.554434,24.223416,2
3054,66000,387130000C,(04)23274275,(04)23288582,2025,7,9,12,32,臺中市,北區,0,1,0,5,2,6,50,11,9,1,4,4,6,6,4,4,2,4,5,2,18,2,9,1,1,C03,7,9,1,10,1,16,12,84,84,1,12,4,120.685751,24.163131,2
3055,66000,387130000C,(04)23274275,(04)23288582,2025,7,9,12,34,臺中市,大里區,0,1,0,5,2,6,50,3,1,1,4,4,6,6,3,1,5,5,5,2,16,2,9,1,1,C03,7,6,3,19,2,11,,20,20,1,13,4,120.684308,24.117101,2
3056,66000,387130000C,(04)23274275,(04)23288582,2025,7,9,12,37,臺中市,南屯區,0,1,0,5,2,6,50,4,1,1,4,4,6,6,1,1,9,5,5,2,17,3,10,3,1,B03,7,5,1,8,2,2,,47,47,1,13,4,120.646808,24.148836,2
3057,66000,387130000C,(04)23274275,(04)23288582,2025,7,9,12,41,臺中市,神岡區,0,0,0,5,,,50,,,,,,,,,,,,,,13,,,,,B03,,,1,,2,,,59,59,1,12,4,120.698174,24.248881,3
3058,66000,387130000C,(04)23274275,(04)23288582,2025,7,9,12,42,臺中市,西區,0,0,0,5,,,40,,,,,,,,,,,,,,,,,,,B11,,,1,,9,,,49,49,1,12,4,120.66546,24.136927,3
3059,66000,387130000C,(04)23274275,(04)23288582,2025,7,9,12,47,臺中市,西區,0,1,0,5,2,6,50,4,1,1,4,4,6,6,1,1,10,5,5,2,17,3,10,3,1,B03,7,5,1,8,2,2,,47,47,1,12,4,120.652997,24.146726,2
3060,66000,387130000C,(04)23274275,(04)23288582,2025,7,9,12,49,臺中市,新社區,0,0,0,5,,,50,,,,,,,,,,,,,,,,,,,B03,,,1,,1,,,20,20,1,12,4,120.816051,24.202711,3
3061,66000,387130000C,(04)23274275,(04)23288582,2025,7,9,12,51,臺中市,西區,0,1,0,5,2,6,50,13,9,1,4,4,6,6,1,1,5,4,5,2,13,2,9,1,1,C03,7,9,1,10,2,11,12,84,84,1,13,4,120.679618,24.137968,2
3062,66000,387130000C,(04)23274275,(04)23288582,2025,7,9,12,51,臺中市,太平區,0,0,0,5,2,6,50,4,2,1,4,4,6,6,2,1,5,2,5,1,17,3,10,5,4,B03,7,9,1,8,4,1,,58,58,1,12,4,120.703951,24.159079,3
3063,66000,387130000C,(04)23274275,(04)23288582,2025,7,9,12,54,臺中市,南屯區,0,1,0,5,3,6,50,3,1,1,4,4,6,6,4,4,10,5,5,2,16,3,10,3,1,B03,7,5,1,8,2,6,,84,84,1,6,4,120.646562,24.141016,2
3064,66000,387130000C,(04)23274275,(04)23288582,2025,7,9,12,55,臺中市,豐原區,0,0,0,7,,,50,,,,,,,,,,,,,,17,,,,,A11,,,1,,2,,,93,93,1,13,4,120.709778,24.250532,3
3065,66000,387130000C,(04)23274275,(04)23288582,2025,7,9,12,56,臺中市,西區,0,0,0,5,,,50,,,,,,,,,,,,,,9,,,,,B03,,,1,,11,,,8,8,2,13,4,120.66004,24.157812,3
3066,66000,387130000C,(04)23274275,(04)23288582,2025,7,9,12,57,臺中市,南區,0,0,0,5,,,40,,,,,,,,,,,,,,,,,,,B12,,,1,,1,,,50,50,1,13,4,120.666004,24.127434,3
3067,66000,387130000C,(04)23274275,(04)23288582,2025,7,9,12,57,臺中市,北屯區,0,2,0,5,1,6,50,13,7,1,4,4,6,6,4,4,5,4,4,2,3,2,9,6,5,H01,8,16,7,21,1,17,,95,95,1,13,5,120.6965,24.180583,2
3068,66000,387130000C,(04)23274275,(04)23288582,2025,7,9,12,58,臺中市,北屯區,0,1,0,5,2,6,50,4,2,1,4,4,6,6,1,1,5,5,5,2,13,3,10,3,1,B03,7,9,1,8,1,1,,84,84,1,6,4,120.728665,24.16911,2
3069,66000,387130000C,(04)23274275,(04)23288582,2025,7,9,13,7,臺中市,西區,0,0,0,5,,,50,,,,,,,,,,,,,,,,,,,C03,,,1,,1,,,84,84,1,12,4,120.666837,24.146913,3
3070,66000,387130000C,(04)23274275,(04)23288582,2025,7,9,13,8,臺中市,東勢區,0,0,0,5,,,50,,,,,,,,,,,,,,,,,,,B12,,,1,,1,,,12,12,1,12,4,120.835091,24.24868,3
3071,66000,387130000C,(04)23274275,(04)23288582,2025,7,9,13,11,臺中市,潭子區,0,0,0,7,,,50,,,,,,,,,,,,,,,,,,,B03,,,1,,2,,,49,49,1,13,4,120.697928,24.194665,3
3072,66000,387130000C,(04)23274275,(04)23288582,2025,7,9,13,14,臺中市,北區,0,0,0,5,,,50,,,,,,,,,,,,,,,,,,,B03,,,1,,1,,,50,50,1,13,4,120.683545,24.158582,3
3073,66000,387130000C,(04)23274275,(04)23288582,2025,7,9,13,14,臺中市,神岡區,0,0,0,7,,,50,,,,,,,,,,,,,,14,,,,,B03,,,1,,2,,,49,49,1,13,4,120.711268,24.258149,3
3074,66000,387130000C,(04)23274275,(04)23288582,2025,7,9,13,20,臺中市,南區,0,1,0,5,2,6,50,3,1,1,4,4,6,6,4,4,3,4,4,2,12,3,10,3,1,B03,7,5,1,8,1,6,,14,14,1,13,4,120.665424,24.127158,2
3075,66000,387130000C,(04)23274275,(04)23288582,2025,7,9,13,25,臺中市,西屯區,0,0,0,5,,,50,,,,,,,,,,,,,,13,,,,,B03,,,1,,1,,,7,7,1,12,4,120.652871,24.167243,3
3076,66000,387130000C,(04)23274275,(04)23288582,2025,7,9,13,30,臺中市,東區,0,1,0,5,2,6,50,3,2,1,4,4,6,6,4,4,5,4,5,2,17,3,10,3,1,B03,7,7,1,8,2,16,,84,84,1,12,4,120.70567,24.13007,2
3077,66000,387130000C,(04)23274275,(04)23288582,2025,7,9,13,31,臺中市,沙鹿區,0,0,0,5,,,50,,,,,,,,,,,,,,,,,,,C03,,,1,,2,,,82,82,1,12,4,120.579237,24.219604,3
3078,66000,387130000C,(04)23274275,(04)23288582,2025,7,9,13,32,臺中市,南屯區,0,0,0,5,3,6,40,13,9,1,4,4,6,6,4,4,5,5,4,2,12,,,,,B02,,,1,,1,,,51,51,1,12,4,120.627866,24.140097,3
3079,66000,387130000C,(04)23274275,(04)23288582,2025,7,9,13,36,臺中市,西屯區,0,1,0,5,3,6,50,4,9,1,4,4,6,6,1,1,5,5,5,2,16,3,10,5,4,B03,7,6,1,8,2,4,,11,11,1,12,4,120.6681,24.174618,2
3080,66000,387130000C,(04)23274275,(04)23288582,2025,7,9,13,38,臺中市,沙鹿區,0,0,0,5,,,50,,,,,,,,,,,,,,17,,,,,B03,,,1,,1,,,8,8,1,6,4,120.559604,24.237726,3
3081,66000,387130000C,(04)23274275,(04)23288582,2025,7,9,13,39,臺中市,大里區,0,1,0,5,2,6,30,3,1,1,4,4,6,6,4,4,10,5,5,2,14,3,10,3,1,B12,7,2,1,8,2,3,,49,49,1,13,4,120.706871,24.08969,2
3082,66000,387130000C,(04)23274275,(04)23288582,2025,7,9,13,41,臺中市,后里區,0,0,0,5,2,6,50,13,9,1,4,4,6,6,4,4,5,5,5,1,17,3,10,3,1,A41,7,9,1,1,9,7,,84,84,2,12,4,120.726098,24.323948,3
3083,66000,387130000C,(04)23274275,(04)23288582,2025,7,9,13,43,臺中市,北區,0,0,0,5,,,50,,,,,,,,,,,,,,,,,,,B03,,,1,,2,,,84,84,1,13,4,120.669044,24.159489,3
3084,66000,387130000C,(04)23274275,(04)23288582,2025,7,9,13,50,臺中市,沙鹿區,0,0,0,5,,,60,,,,,,,,,,,,,,26,,,,,A31,,,1,,2,,,84,84,1,6,4,120.578309,24.249862,3
3085,66000,387130000C,(04)23274275,(04)23288582,2025,7,9,13,52,臺中市,大里區,0,0,0,5,,,50,,,,,,,,,,,,,,,,,,,B03,,,1,,2,,,48,48,1,12,4,120.684648,24.107273,3
3086,66000,387130000C,(04)23274275,(04)23288582,2025,7,9,13,53,臺中市,大甲區,0,0,0,5,,,50,,,,,,,,,,,,,,,,,,,B03,,,1,,1,,,84,84,1,6,4,120.637803,24.357364,3
3087,66000,387130000C,(04)23274275,(04)23288582,2025,7,9,13,55,臺中市,豐原區,0,0,0,5,,,60,,,,,,,,,,,,,,13,,,,,B03,,,1,,2,,,7,7,1,13,4,120.703172,24.246684,3
3088,66000,387130000C,(04)23274275,(04)23288582,2025,7,9,13,56,臺中市,沙鹿區,0,1,0,5,2,6,50,13,9,1,4,4,6,6,4,4,1,4,5,2,18,2,9,1,1,C03,7,9,1,10,2,12,,82,82,1,12,4,120.552464,24.216024,2
3089,66000,387130000C,(04)23274275,(04)23288582,2025,7,9,14,3,臺中市,北屯區,0,2,0,5,1,6,50,4,2,1,4,4,6,6,1,1,3,4,5,2,3,2,9,1,1,C03,7,9,1,10,2,11,,84,84,1,13,4,120.685498,24.172177,2
3090,66000,387130000C,(04)23274275,(04)23288582,2025,7,9,14,3,臺中市,清水區,0,1,0,7,2,6,50,13,7,1,5,4,6,6,4,4,8,3,4,1,19,2,9,3,1,B03,7,9,1,8,5,1,,53,53,1,12,4,120.549488,24.266509,2
3091,66000,387130000C,(04)23274275,(04)23288582,2025,7,9,14,8,臺中市,西區,0,1,0,5,2,6,50,3,1,1,4,4,6,6,4,4,10,5,5,2,16,3,10,5,4,B03,7,6,1,8,2,1,,14,14,1,13,4,120.664283,24.148278,2
3092,66000,387130000C,(04)23274275,(04)23288582,2025,7,9,14,11,臺中市,霧峰區,0,0,0,5,,,50,,,,,,,,,,,,,,17,,,,,A11,,,1,,2,,,71,71,1,12,4,120.69428,24.050135,3
3093,66000,387130000C,(04)23274275,(04)23288582,2025,7,9,14,12,臺中市,北屯區,0,0,0,5,,,50,,,,,,,,,,,,,,13,,,,,B12,,,1,,1,,,7,7,1,6,4,120.676331,24.173529,3
3094,66000,387130000C,(04)23274275,(04)23288582,2025,7,9,14,12,臺中市,西屯區,0,1,0,5,2,6,40,13,8,1,4,4,6,6,4,4,1,4,1,2,18,2,9,1,1,C03,7,9,1,10,2,14,,84,84,1,12,4,120.64683,24.164474,2
3095,66000,387130000C,(04)23274275,(04)23288582,2025,7,9,14,17,臺中市,北區,0,0,0,5,,,50,,,,,,,,,,,,,,17,,,,,B03,,,1,,1,,,40,40,1,13,4,120.682831,24.153832,3
3096,66000,387130000C,(04)23274275,(04)23288582,2025,7,9,14,18,臺中市,大里區,0,1,0,5,2,6,50,3,1,1,4,4,6,6,4,4,5,5,4,2,17,3,10,3,1,B03,7,1,1,8,2,16,,51,51,1,13,4,120.68055,24.109494,2
3097,66000,387130000C,(04)23274275,(04)23288582,2025,7,9,14,21,臺中市,南區,0,1,0,5,2,6,50,4,2,1,4,4,6,6,2,1,10,5,5,2,17,2,9,2,1,C03,7,9,1,10,2,12,,7,7,1,6,4,120.666757,24.119357,2
3098,66000,387130000C,(04)23274275,(04)23288582,2025,7,9,14,25,臺中市,南區,0,1,0,5,3,6,50,13,9,4,4,4,6,6,4,4,5,4,4,2,13,3,10,3,1,B11,7,9,1,4,2,1,,7,7,1,13,4,120.658026,24.113321,2
3099,66000,387130000C,(04)23274275,(04)23288582,2025,7,9,14,31,臺中市,西區,0,0,0,5,,,50,,,,,,,,,,,,,,13,,,,,B03,,,1,,1,,,59,59,1,12,4,120.679965,24.136425,3
3100,66000,387130000C,(04)23274275,(04)23288582,2025,7,9,14,33,臺中市,北屯區,0,1,0,5,2,6,50,13,9,1,4,4,6,6,4,4,1,4,5,2,17,3,10,3,1,B03,7,1,1,8,2,7,,51,51,1,12,4,120.690293,24.171816,2
3101,66000,387130000C,(04)23274275,(04)23288582,2025,7,9,14,37,臺中市,豐原區,0,1,0,5,3,6,50,4,1,1,4,4,6,6,1,1,5,5,4,2,17,3,10,5,4,B03,7,6,1,8,2,8,,84,84,1,12,4,120.731261,24.249697,2
3102,66000,387130000C,(04)23274275,(04)23288582,2025,7,9,14,38,臺中市,南屯區,0,0,0,5,3,6,50,13,9,1,4,4,6,6,4,4,5,5,5,2,12,,,,,A11,,,1,,2,,,84,84,1,12,4,120.642635,24.137699,3
3103,66000,387130000C,(04)23274275,(04)23288582,2025,7,9,14,38,臺中市,大肚區,0,0,0,5,,,60,,,,,,,,,,,,,,14,,,,,B03,,,1,,1,,,78,78,1,6,4,120.582758,24.168266,3
3104,66000,387130000C,(04)23274275,(04)23288582,2025,7,9,14,45,臺中市,潭子區,0,0,0,5,,,0,,,,,,,,,,,,,,14,,,,,B03,,,6,,1,,,49,49,1,12,4,120.688984,24.215591,3
3105,66000,387130000C,(04)23274275,(04)23288582,2025,7,9,14,45,臺中市,南屯區,0,0,0,5,,,50,,,,,,,,,,,,,,13,,,,,B03,,,1,,1,,,84,84,1,12,4,120.628182,24.144957,3
3106,66000,387130000C,(04)23274275,(04)23288582,2025,7,9,14,45,臺中市,龍井區,0,0,0,5,,,50,,,,,,,,,,,,,,14,,,,,B03,,,1,,1,,,49,49,1,6,4,120.583352,24.179648,3
3107,66000,387130000C,(04)23274275,(04)23288582,2025,7,9,14,46,臺中市,東區,0,0,0,5,,,50,,,,,,,,,,,,,,17,,,,,A11,,,1,,9,,,43,43,2,12,4,120.693461,24.148482,3
3108,66000,387130000C,(04)23274275,(04)23288582,2025,7,9,14,46,臺中市,東勢區,0,0,0,5,,,30,,,,,,,,,,,,,,,,,,,B03,,,1,,1,,,14,14,1,12,4,120.827479,24.258064,3
3109,66000,387130000C,(04)23274275,(04)23288582,2025,7,9,14,48,臺中市,龍井區,0,0,0,7,,,60,,,,,,,,,,,,,,14,,,,,B03,,,1,,1,,,78,78,1,6,4,120.573422,24.185409,3
3110,66000,387130000C,(04)23274275,(04)23288582,2025,7,9,14,59,臺中市,南屯區,0,0,0,5,3,6,50,13,9,1,4,4,6,6,1,1,3,4,5,2,13,,,,,B03,,,1,,1,,,59,59,1,12,4,120.638556,24.142164,3
3111,66000,387130000C,(04)23274275,(04)23288582,2025,7,9,15,1,臺中市,北區,0,0,0,5,3,6,50,13,24,1,4,4,6,6,4,4,10,5,5,2,17,,,,,B03,,,1,,2,,,49,49,1,13,4,120.679596,24.153959,4
3112,66000,387130000C,(04)23274275,(04)23288582,2025,7,9,15,1,臺中市,豐原區,0,1,0,5,2,6,50,3,1,1,4,4,6,6,1,1,5,5,4,2,17,3,10,5,4,B03,7,11,1,8,2,4,,45,45,1,12,4,120.745536,24.262876,2
3113,66000,387130000C,(04)23274275,(04)23288582,2025,7,9,15,2,臺中市,神岡區,0,0,0,5,,,60,,,,,,,,,,,,,,13,,,,,B03,,,1,,2,,,84,84,1,12,4,120.683242,24.246833,3
3114,66000,387130000C,(04)23274275,(04)23288582,2025,7,9,15,3,臺中市,西屯區,0,0,0,5,,,50,,,,,,,,,,,,,,17,,,,,C03,,,1,,1,,,84,84,1,13,4,120.635562,24.1679,3
3115,66000,387130000C,(04)23274275,(04)23288582,2025,7,9,15,3,臺中市,大里區,0,0,0,5,,,50,,,,,,,,,,,,,,17,,,,,B03,,,1,8,2,,,84,84,1,13,4,120.682393,24.079134,3
3116,66000,387130000C,(04)23274275,(04)23288582,2025,7,9,15,5,臺中市,南屯區,0,0,0,5,,,50,,,,,,,,,,,,,,13,,,,,B03,,,1,,2,,,84,84,1,13,4,120.626472,24.114531,3
3117,66000,387130000C,(04)23274275,(04)23288582,2025,7,9,15,7,臺中市,太平區,0,0,0,5,,,30,,,,,,,,,,,,,,,,,,,B03,,,1,,1,,,8,8,1,12,4,120.716972,24.150555,3
3118,66000,387130000C,(04)23274275,(04)23288582,2025,7,9,15,8,臺中市,中區,0,0,0,5,,,50,,,,,,,,,,,,,,17,,,,,B12,,,1,,2,,,84,84,1,13,4,120.684859,24.142515,4
3119,66000,387130000C,(04)23274275,(04)23288582,2025,7,9,15,12,臺中市,大雅區,0,0,0,5,,,30,,,,,,,,,,,,,,14,,,,,B02,,,1,,1,,,49,49,1,12,4,120.668327,24.236284,3
3120,66000,387130000C,(04)23274275,(04)23288582,2025,7,9,15,14,臺中市,太平區,0,0,0,5,,,80,,,,,,,,,,,,,,17,,,,,B12,,,1,,1,,,7,7,1,12,4,120.714272,24.148696,3
3121,66000,387130000C,(04)23274275,(04)23288582,2025,7,9,15,15,臺中市,西屯區,0,0,0,5,,,30,,,,,,,,,,,,,,14,,,,,B13,,,1,,2,,,49,49,1,12,4,120.659435,24.172995,3
3122,66000,387130000C,(04)23274275,(04)23288582,2025,7,9,15,15,臺中市,梧棲區,0,0,0,5,,,60,,,,,,,,,,,,,,13,,,,,B03,,,1,,1,,,84,84,1,12,4,120.556674,24.242554,3
3123,66000,387130000C,(04)23274275,(04)23288582,2025,7,9,15,19,臺中市,沙鹿區,0,0,0,5,,,50,,,,,,,,,,,,,,17,,,,,C03,,,1,,1,,,51,51,1,6,4,120.563329,24.236669,3
3124,66000,387130000C,(04)23274275,(04)23288582,2025,7,9,15,31,臺中市,北屯區,0,1,0,5,2,6,50,13,9,1,4,4,6,6,4,4,4,3,5,2,17,2,9,2,1,C03,7,9,1,10,2,11,14,43,43,1,13,4,120.698772,24.160813,2
3125,66000,387130000C,(04)23274275,(04)23288582,2025,7,9,15,33,臺中市,西屯區,0,0,0,5,,,60,,,,,,,,,,,,,,,,,,,B12,,,1,,1,,,7,7,1,12,4,120.639591,24.174465,3
3126,66000,387130000C,(04)23274275,(04)23288582,2025,7,9,15,33,臺中市,豐原區,0,0,0,5,,,50,,,,,,,,,,,,,,13,,,,,B03,,,1,,2,,,59,59,1,13,4,120.729427,24.256995,3
3127,66000,387130000C,(04)23274275,(04)23288582,2025,7,9,15,40,臺中市,西屯區,0,1,0,5,2,6,40,4,2,1,4,4,6,6,1,1,5,5,4,2,13,2,9,1,1,C03,7,9,1,10,2,11,,7,7,1,12,4,120.634157,24.163523,2
3128,66000,387130000C,(04)23274275,(04)23288582,2025,7,9,15,44,臺中市,神岡區,0,0,0,6,,,40,,,,,,,,,,,,,,12,,,,,B03,,,1,,9,,,84,84,1,13,4,120.651527,24.281429,3
3129,66000,387130000C,(04)23274275,(04)23288582,2025,7,9,15,45,臺中市,霧峰區,0,1,0,5,3,6,70,13,7,1,4,4,6,6,4,4,1,5,5,1,20,2,8,3,1,B03,7,9,1,8,2,8,1,84,84,1,12,4,120.66302,24.061012,2
3130,66000,387130000C,(04)23274275,(04)23288582,2025,7,9,15,45,臺中市,太平區,0,0,0,5,2,6,30,,,,,,,,,,,,,,,,,,,B12,,,1,,2,7,,49,49,1,12,4,120.728156,24.106743,3
3131,66000,387130000C,(04)23274275,(04)23288582,2025,7,9,15,51,臺中市,南區,0,1,0,5,2,6,0,18,23,5,4,4,6,6,4,4,10,5,5,2,9,3,10,3,1,B03,7,1,1,8,2,8,,84,84,1,12,4,120.6666,24.115411,2
3132,66000,387130000C,(04)23274275,(04)23288582,2025,7,9,15,51,臺中市,神岡區,0,0,0,5,,,30,,,,,,,,,,,,,,13,,,,,B11,,,1,,1,,,7,7,1,12,4,120.690897,24.242608,3
3133,66000,387130000C,(04)23274275,(04)23288582,2025,7,9,15,53,臺中市,西屯區,0,0,0,5,,,50,,,,,,,,,,,,,,13,,,,,B03,,,1,,1,,,8,8,1,13,4,120.643189,24.19598,3
3134,66000,387130000C,(04)23274275,(04)23288582,2025,7,9,15,55,臺中市,東區,0,0,0,5,,,1,,,,,,,,,,,,,,9,,,,,,,,,,,,,119,119,1,,,120.692937,24.131999,3
3135,66000,387130000C,(04)23274275,(04)23288582,2025,7,9,15,56,臺中市,大肚區,0,0,0,6,,,30,,,,,,,,,,,,,,14,,,,,B12,,,1,,2,,,49,49,1,6,4,120.573129,24.174329,3
3136,66000,387130000C,(04)23274275,(04)23288582,2025,7,9,15,58,臺中市,西屯區,0,2,0,5,2,6,40,13,9,1,4,4,6,6,4,4,10,5,5,2,13,2,9,2,1,C03,7,9,1,10,2,11,,7,7,1,12,4,120.646532,24.17826,2
3137,66000,387130000C,(04)23274275,(04)23288582,2025,7,9,15,58,臺中市,大里區,0,1,0,5,3,6,70,13,7,1,4,4,6,6,4,4,1,4,5,1,10,2,8,3,1,B11,7,9,1,4,2,1,,84,84,1,6,4,120.67064,24.10107,2
3138,66000,387130000C,(04)23274275,(04)23288582,2025,7,9,15,59,臺中市,大里區,0,1,0,5,2,6,50,4,1,1,4,4,6,6,1,1,10,5,5,2,3,3,10,5,4,B03,7,6,1,8,2,15,,85,85,1,13,4,120.69577,24.087915,2
3139,66000,387130000C,(04)23274275,(04)23288582,2025,7,9,16,0,臺中市,龍井區,0,0,0,5,,,30,,,,,,,,,,,,,,,,,,,B03,,,1,,2,,,76,76,1,6,4,120.533084,24.187064,3
3140,66000,387130000C,(04)23274275,(04)23288582,2025,7,9,16,1,臺中市,潭子區,0,1,0,5,3,6,60,13,8,1,4,4,6,6,4,4,1,4,4,1,13,2,9,2,1,C03,7,9,1,10,2,11,,84,84,1,13,4,120.702615,24.188378,2
3141,66000,387130000C,(04)23274275,(04)23288582,2025,7,9,16,3,臺中市,南區,0,0,0,5,,,50,,,,,,,,,,,,,,13,,,,,B12,,,1,,2,,,84,84,1,13,4,120.676627,24.131752,3
3142,66000,387130000C,(04)23274275,(04)23288582,2025,7,9,16,20,臺中市,龍井區,0,2,0,5,2,6,30,13,9,1,4,4,6,6,4,4,10,5,5,1,10,2,9,2,1,C03,7,9,1,10,2,11,,58,58,1,6,4,120.532297,24.177155,2
3143,66000,387130000C,(04)23274275,(04)23288582,2025,7,9,16,27,臺中市,北區,0,2,0,7,2,6,50,13,8,1,4,4,6,6,4,4,5,4,4,2,17,3,10,5,4,B03,7,1,1,20,9,16,,51,51,1,12,4,120.684067,24.148316,2
3144,66000,387130000C,(04)23274275,(04)23288582,2025,7,9,16,27,臺中市,神岡區,0,1,0,5,3,6,50,3,1,1,4,4,6,6,1,1,5,5,5,1,18,2,9,1,1,C03,7,6,1,10,2,16,,6,6,1,13,4,120.682848,24.269418,2
3145,66000,387130000C,(04)23274275,(04)23288582,2025,7,9,16,28,臺中市,后里區,0,1,0,7,2,6,50,13,7,1,5,4,6,6,4,4,5,5,4,1,17,3,10,3,1,B03,7,11,1,4,2,4,,45,45,1,12,4,120.69551,24.313406,2
3146,66000,387130000C,(04)23274275,(04)23288582,2025,7,9,16,30,臺中市,南屯區,0,1,0,5,2,6,50,4,1,1,4,4,6,6,1,1,9,5,4,2,12,3,10,3,1,B03,7,5,1,8,2,2,,85,85,1,12,4,120.634037,24.1324,2