序號,縣市別代碼,機關代碼,市話,傳真,年,月,日,時,分,縣市,區,死亡數量,受傷數量,2-30,天候,道路照明設備,道路類別,道路速限,道路型態,事故位置,路面鋪裝,路面狀態,路面缺陷,障礙物,視距,號誌種類,號誌動作,分向設施,快車道或一般車道間,快慢車道間,路面邊線,事故類型及型態,受傷程度,主要傷處,保護裝備,行動電話或功能裝置,當事者區分(類別),車輛用途,當事者行動狀態,駕照狀態,駕照種類,飲酒情形,車輛撞擊部位最初,車輛撞擊部位其他,肇事因素個別,肇事因素主要,肇事逃逸,職業,共享經濟或外送平台,GPS座標X,GPS座標Y,事故類別
3147,66000,387130000C,(04)23274275,(04)23288582,2025,7,9,16,33,臺中市,東區,0,0,0,7,,,50,,,,,,,,,,,,,,13,,,,,B03,,,1,,9,,,84,84,1,12,4,120.6956,24.142127,3
3148,66000,387130000C,(04)23274275,(04)23288582,2025,7,9,16,41,臺中市,北屯區,0,2,0,5,1,6,50,4,2,1,4,4,6,6,1,1,5,4,4,2,12,2,9,1,1,C03,7,9,1,10,2,11,,4,4,1,13,4,120.693882,24.166707,2
3149,66000,387130000C,(04)23274275,(04)23288582,2025,7,9,16,42,臺中市,龍井區,0,0,0,5,,,50,,,,,,,,,,,,,,,,,,,B03,,,1,,1,,,50,50,1,6,4,120.546483,24.194269,3
3150,66000,387130000C,(04)23274275,(04)23288582,2025,7,9,16,43,臺中市,西屯區,0,0,0,5,,,50,,,,,,,,,,,,,,13,,,,,B03,,,1,,1,,,59,59,1,13,4,120.636075,24.171177,3
3151,66000,387130000C,(04)23274275,(04)23288582,2025,7,9,16,45,臺中市,大里區,0,0,0,5,3,6,30,13,9,1,4,4,6,6,4,4,10,5,5,2,14,,,,,A11,,,1,,2,,,49,49,1,12,4,120.687005,24.099016,3
3152,66000,387130000C,(04)23274275,(04)23288582,2025,7,9,16,45,臺中市,大甲區,0,2,0,5,1,6,50,13,8,1,4,4,6,6,1,1,1,3,4,1,13,2,9,1,1,C03,7,9,1,10,2,11,,21,21,1,12,4,120.64274,24.418806,2
3153,66000,387130000C,(04)23274275,(04)23288582,2025,7,9,16,52,臺中市,西屯區,0,1,0,5,2,6,50,4,1,1,4,4,6,6,2,1,10,5,5,2,13,3,10,5,4,B03,7,6,1,8,2,1,,7,7,1,13,4,120.616268,24.179491,2
3154,66000,387130000C,(04)23274275,(04)23288582,2025,7,9,16,53,臺中市,西區,0,1,0,5,2,6,50,13,8,1,4,4,6,6,4,4,5,4,4,2,18,2,9,2,1,C03,7,9,1,10,2,12,,84,84,1,12,4,120.652456,24.145259,2
3155,66000,387130000C,(04)23274275,(04)23288582,2025,7,9,16,54,臺中市,豐原區,0,0,0,5,,,50,,,,,,,,,,,,,,13,,,,,B03,,,1,,2,,,84,84,1,13,4,120.736145,24.25087,3
3156,66000,387130000C,(04)23274275,(04)23288582,2025,7,9,16,56,臺中市,西屯區,0,1,0,5,2,6,40,13,8,1,4,4,6,6,4,4,1,4,1,2,30,2,9,5,4,C03,7,9,1,10,1,14,,84,84,1,12,4,120.634433,24.180085,2
3157,66000,387130000C,(04)23274275,(04)23288582,2025,7,9,16,58,臺中市,西屯區,0,0,0,5,,,30,,,,,,,,,,,,,,14,,,,,B03,,,1,,2,,,49,49,1,12,4,120.656126,24.166877,3
3158,66000,387130000C,(04)23274275,(04)23288582,2025,7,9,16,59,臺中市,西屯區,0,2,0,5,2,6,40,13,9,1,4,4,3,3,4,4,9,4,5,2,7,2,9,2,1,C03,7,9,3,19,2,11,,84,84,1,12,4,120.60999,24.16087,2
3159,66000,387130000C,(04)23274275,(04)23288582,2025,7,9,17,0,臺中市,西區,0,1,0,5,2,6,50,3,1,1,4,4,6,6,4,4,10,5,5,2,18,2,9,1,1,C03,7,9,1,10,2,14,,84,84,1,13,4,120.66505,24.159046,2
3160,66000,387130000C,(04)23274275,(04)23288582,2025,7,9,17,0,臺中市,北區,0,0,0,5,,,50,,,,,,,,,,,,,,11,,,,,B03,,,1,,1,,,84,84,1,12,4,120.681765,24.16152,3
3161,66000,387130000C,(04)23274275,(04)23288582,2025,7,9,17,2,臺中市,烏日區,0,0,0,5,,,50,,,,,,,,,,,,,,14,,,,,B03,,,1,,2,,,49,49,1,6,4,120.637676,24.108955,3
3162,66000,387130000C,(04)23274275,(04)23288582,2025,7,9,17,5,臺中市,西區,0,2,0,5,3,6,50,4,1,1,4,4,6,6,4,4,10,5,5,2,13,3,10,3,1,B02,7,5,1,8,2,5,,84,84,1,6,4,120.662646,24.13515,2
3163,66000,387130000C,(04)23274275,(04)23288582,2025,7,9,17,5,臺中市,大里區,0,0,0,5,,,50,,,,,,,,,,,,,,12,,,,,B12,,,1,,2,,,51,51,1,12,4,120.698304,24.080022,3
3164,66000,387130000C,(04)23274275,(04)23288582,2025,7,9,17,5,臺中市,大肚區,0,1,0,7,3,6,50,3,1,1,4,4,6,6,4,4,10,5,5,2,3,3,10,3,1,B03,7,6,1,8,2,1,,10,10,1,6,4,120.54492,24.155867,2
3165,66000,387130000C,(04)23274275,(04)23288582,2025,7,9,17,7,臺中市,北屯區,0,0,0,5,,,50,,,,,,,,,,,,,,,,,,,B03,,,1,,2,,,11,11,1,12,4,120.682857,24.193797,3
3166,66000,387130000C,(04)23274275,(04)23288582,2025,7,9,17,12,臺中市,北屯區,0,0,0,7,,,50,,,,,,,,,,,,,,9,,,,,B11,,,1,,1,,,40,40,1,12,4,120.693791,24.163847,3
3167,66000,387130000C,(04)23274275,(04)23288582,2025,7,9,17,12,臺中市,北屯區,0,1,0,5,1,6,50,4,1,1,4,4,6,6,2,1,1,3,5,2,3,3,10,3,1,B12,7,6,1,7,2,5,,10,10,1,13,4,120.707744,24.185067,2
3168,66000,387130000C,(04)23274275,(04)23288582,2025,7,9,17,12,臺中市,豐原區,0,1,0,5,2,6,30,4,1,1,4,4,6,6,1,1,1,2,5,1,16,2,8,1,1,C03,7,6,1,10,2,14,,84,84,1,13,4,120.723691,24.269429,2
3169,66000,387130000C,(04)23274275,(04)23288582,2025,7,9,17,13,臺中市,豐原區,0,2,0,5,2,6,50,3,1,1,4,4,6,6,4,4,5,5,4,2,17,3,10,5,4,B03,7,6,1,8,2,16,,14,14,1,12,4,120.736415,24.252034,2
3170,66000,387130000C,(04)23274275,(04)23288582,2025,7,9,17,14,臺中市,西屯區,0,0,0,5,,,50,,,,,,,,,,,,,,13,,,,,B03,,,1,,1,,,59,59,1,12,4,120.622103,24.173888,3
3171,66000,387130000C,(04)23274275,(04)23288582,2025,7,9,17,14,臺中市,烏日區,0,0,0,5,,,50,,,,,,,,,,,,,,,,,,,B03,,,1,,1,,,7,7,1,13,4,120.618833,24.115668,3
3172,66000,387130000C,(04)23274275,(04)23288582,2025,7,9,17,17,臺中市,北區,0,0,0,5,,,50,,,,,,,,,,,,,,17,,,,,B03,,,1,,1,,,84,84,1,13,4,120.691892,24.15993,3
3173,66000,387130000C,(04)23274275,(04)23288582,2025,7,9,17,17,臺中市,西屯區,0,0,0,5,,,50,,,,,,,,,,,,,,16,,,,,B03,,,1,,1,,,14,14,1,13,4,120.649182,24.168332,3
3174,66000,387130000C,(04)23274275,(04)23288582,2025,7,9,17,18,臺中市,西區,0,1,0,5,2,6,50,13,9,1,4,4,6,6,4,4,10,5,4,2,17,2,9,1,1,C03,7,9,1,10,2,12,14,84,84,1,13,4,120.666251,24.140765,2
3175,66000,387130000C,(04)23274275,(04)23288582,2025,7,9,17,23,臺中市,北屯區,0,1,0,5,2,6,50,13,9,1,4,4,6,6,4,4,1,4,5,2,13,2,9,1,1,C03,7,9,1,10,2,11,,7,7,1,12,4,120.681037,24.172905,2
3176,66000,387130000C,(04)23274275,(04)23288582,2025,7,9,17,25,臺中市,龍井區,0,3,0,5,2,6,50,4,1,1,4,4,6,6,1,1,10,5,5,2,16,2,9,1,1,C03,7,6,1,10,2,12,,11,11,1,6,4,120.585178,24.184435,2
3177,66000,387130000C,(04)23274275,(04)23288582,2025,7,9,17,26,臺中市,太平區,0,2,0,5,2,6,50,5,1,1,4,4,6,6,2,1,10,5,5,2,16,2,8,2,1,C03,7,6,1,10,2,11,,11,11,1,12,4,120.714696,24.110388,2
3178,66000,387130000C,(04)23274275,(04)23288582,2025,7,9,17,28,臺中市,北區,0,1,0,5,1,6,50,4,1,1,4,4,6,6,1,1,5,5,5,2,17,3,10,5,1,B03,7,5,1,8,9,16,,22,22,1,13,4,120.678273,24.171302,2
3179,66000,387130000C,(04)23274275,(04)23288582,2025,7,9,17,28,臺中市,霧峰區,0,0,0,5,,,50,,,,,,,,,,,,,,17,,,,,B03,,,1,8,2,,,84,84,1,13,4,120.692069,24.058112,3
3180,66000,387130000C,(04)23274275,(04)23288582,2025,7,9,17,28,臺中市,大甲區,0,0,0,5,,,50,,,,,,,,,,,,,,12,,,,,B03,,,1,,2,,,47,47,1,6,4,120.645393,24.40305,3
3181,66000,387130000C,(04)23274275,(04)23288582,2025,7,9,17,29,臺中市,西屯區,0,0,0,5,,3,80,,,,,,,,,,,,,,13,,,,,B03,,,1,,1,,,7,7,1,13,4,120.634948,24.179291,3
3182,66000,387130000C,(04)23274275,(04)23288582,2025,7,9,17,29,臺中市,西屯區,0,0,0,7,,3,80,,,,,,,,,,,,,,13,,,,,B03,,,1,,1,,,7,7,1,12,4,120.634948,24.179291,3
3183,66000,387130000C,(04)23274275,(04)23288582,2025,7,9,17,30,臺中市,南屯區,0,1,0,5,3,6,50,4,2,1,4,4,6,6,1,1,1,2,5,2,17,2,9,2,1,C03,7,9,1,10,1,11,,7,7,1,12,4,120.622689,24.140704,2
3184,66000,387130000C,(04)23274275,(04)23288582,2025,7,9,17,30,臺中市,沙鹿區,0,0,0,7,2,6,60,13,9,1,4,4,6,6,4,4,1,3,5,1,12,,,,,B03,,,1,,1,,,8,8,1,12,4,120.614881,24.242171,3
3185,66000,387130000C,(04)23274275,(04)23288582,2025,7,9,17,31,臺中市,太平區,0,1,0,5,3,6,50,4,1,1,4,4,6,6,1,1,10,5,5,2,16,3,10,3,1,B03,7,5,1,8,2,5,,11,11,1,12,4,120.718588,24.129283,2
3186,66000,387130000C,(04)23274275,(04)23288582,2025,7,9,17,33,臺中市,西屯區,0,0,0,5,,,50,,,,,,,,,,,,,,12,,,,,B03,,,1,,1,,,51,51,1,12,4,120.619191,24.181762,3
3187,66000,387130000C,(04)23274275,(04)23288582,2025,7,9,17,33,臺中市,西屯區,0,1,0,5,2,6,40,4,1,1,4,4,4,6,4,4,5,5,5,2,15,2,9,2,1,C03,7,9,1,10,2,12,,15,15,1,12,4,120.667152,24.177108,2
3188,66000,387130000C,(04)23274275,(04)23288582,2025,7,9,17,35,臺中市,南區,0,1,0,5,3,6,50,4,1,1,4,4,6,6,1,1,10,5,5,2,18,2,9,5,4,C03,7,9,1,10,2,14,,84,84,1,12,4,120.679337,24.131429,2
3189,66000,387130000C,(04)23274275,(04)23288582,2025,7,9,17,36,臺中市,西屯區,0,1,0,5,1,6,50,13,9,1,4,4,6,6,1,1,3,4,5,2,18,2,9,1,1,C03,7,9,1,10,2,16,,84,84,1,12,4,120.625462,24.178581,2
3190,66000,387130000C,(04)23274275,(04)23288582,2025,7,9,17,39,臺中市,北屯區,0,0,0,5,,,50,,,,,,,,,,,,,,,,,,,B03,,,1,,2,,,8,8,1,13,4,120.699318,24.175862,4
3191,66000,387130000C,(04)23274275,(04)23288582,2025,7,9,17,44,臺中市,霧峰區,0,0,0,5,,,50,,,,,,,,,,,,,,12,,,,,B03,,,1,,2,,,11,11,1,12,4,120.692551,24.046589,3
3192,66000,387130000C,(04)23274275,(04)23288582,2025,7,9,17,45,臺中市,南屯區,0,2,0,5,1,6,50,13,9,1,4,4,6,6,4,4,1,4,5,2,17,2,9,2,1,C03,7,9,1,10,2,14,,84,84,1,12,4,120.646816,24.138209,2
3193,66000,387130000C,(04)23274275,(04)23288582,2025,7,9,17,45,臺中市,西屯區,0,1,0,5,1,6,50,13,8,1,4,4,6,6,4,4,3,5,4,2,18,2,9,1,1,C03,7,9,1,10,2,16,,84,84,1,12,4,120.639325,24.174642,2
3194,66000,387130000C,(04)23274275,(04)23288582,2025,7,9,17,48,臺中市,西區,0,0,0,5,,,50,,,,,,,,,,,,,,,,,,,B03,,,1,,1,,,7,7,1,6,4,120.660187,24.140158,3
3195,66000,387130000C,(04)23274275,(04)23288582,2025,7,9,17,48,臺中市,南屯區,0,0,0,5,1,6,50,13,9,1,4,4,6,6,1,1,5,5,5,2,12,,,,,B03,,,1,,2,,,39,39,1,12,4,120.648761,24.144917,3
3196,66000,387130000C,(04)23274275,(04)23288582,2025,7,9,17,50,臺中市,北屯區,0,0,0,5,,,80,,,,,,,,,,,,,,13,,,,,B03,,,1,,1,,,7,7,1,13,4,120.722246,24.18767,3
3197,66000,387130000C,(04)23274275,(04)23288582,2025,7,9,17,52,臺中市,南屯區,0,0,0,5,,,50,,,,,,,,,,,,,,17,,,,,C03,,,1,,2,,,8,8,1,12,4,120.611702,24.148527,3
3198,66000,387130000C,(04)23274275,(04)23288582,2025,7,9,17,52,臺中市,西屯區,0,2,0,5,2,6,50,13,24,1,4,4,6,6,4,4,10,5,5,2,13,3,10,3,1,B03,7,9,1,8,2,1,,7,7,1,13,4,120.59774,24.164397,2
3199,66000,387130000C,(04)23274275,(04)23288582,2025,7,9,17,52,臺中市,豐原區,0,1,0,5,2,6,60,13,8,1,4,4,6,6,1,1,1,4,4,1,17,3,10,3,1,B03,7,1,1,8,2,4,,51,51,1,13,4,120.718524,24.264238,2
3200,66000,387130000C,(04)23274275,(04)23288582,2025,7,9,17,55,臺中市,潭子區,0,1,0,5,1,6,50,13,24,2,4,4,6,6,4,4,5,5,5,1,8,3,10,1,1,C04,7,1,1,10,2,12,,84,84,1,13,4,120.706318,24.20334,2
3201,66000,387130000C,(04)23274275,(04)23288582,2025,7,9,17,55,臺中市,西屯區,0,2,0,5,1,6,50,13,9,1,4,4,6,6,4,4,3,4,5,2,11,2,3,5,4,C03,7,9,1,10,2,11,,59,59,1,13,4,120.614208,24.186521,2
3202,66000,387130000C,(04)23274275,(04)23288582,2025,7,9,17,57,臺中市,西屯區,0,0,0,5,,,40,,,,,,,,,,,,,,13,,,,,C03,,,1,,1,,,59,59,1,12,4,120.641119,24.202112,3
3203,66000,387130000C,(04)23274275,(04)23288582,2025,7,9,17,58,臺中市,潭子區,0,1,0,5,3,6,50,13,7,1,4,4,6,6,4,4,9,5,4,2,13,2,9,2,1,C03,7,9,1,10,2,11,,7,7,1,13,4,120.702136,24.20714,2
3204,66000,387130000C,(04)23274275,(04)23288582,2025,7,9,17,58,臺中市,西屯區,0,0,0,7,,,50,,,,,,,,,,,,,,17,,,,,C03,,,1,,1,,,42,42,1,12,4,120.662032,24.163735,3
3205,66000,387130000C,(04)23274275,(04)23288582,2025,7,9,17,59,臺中市,南屯區,0,0,0,5,,,50,,,,,,,,,,,,,,,,,,,B03,,,1,,1,,,7,7,1,13,4,120.640289,24.149302,3
3206,66000,387130000C,(04)23274275,(04)23288582,2025,7,9,18,0,臺中市,北區,0,0,0,5,,,50,,,,,,,,,,,,,,17,,,,,B03,,,1,,2,,,59,59,1,12,4,120.671822,24.172799,3
3207,66000,387130000C,(04)23274275,(04)23288582,2025,7,9,18,1,臺中市,東區,0,1,0,5,2,6,30,4,1,1,4,4,6,6,4,4,10,5,5,2,15,3,10,3,1,B03,7,9,1,8,1,8,,12,12,1,13,4,120.692949,24.127669,2
3208,66000,387130000C,(04)23274275,(04)23288582,2025,7,9,18,1,臺中市,神岡區,0,1,0,5,3,6,50,13,9,1,4,4,6,6,4,4,9,5,5,1,12,2,9,1,1,C03,7,9,1,10,2,11,,84,84,1,13,4,120.686355,24.258589,2
3209,66000,387130000C,(04)23274275,(04)23288582,2025,7,9,18,2,臺中市,南屯區,0,1,0,7,2,6,40,13,12,1,5,4,6,6,4,4,9,4,4,2,13,3,10,1,1,C03,7,9,1,10,2,11,,7,7,1,12,4,120.622888,24.140467,2
3210,66000,387130000C,(04)23274275,(04)23288582,2025,7,9,18,3,臺中市,中區,0,0,0,5,,,50,,,,,,,,,,,,,,,,,,,B03,,,1,,2,,,35,35,1,12,4,120.684403,24.137086,3
3211,66000,387130000C,(04)23274275,(04)23288582,2025,7,9,18,3,臺中市,東區,0,0,0,5,,,40,,,,,,,,,,,,,,17,,,,,B03,,,1,,1,,,84,84,1,12,4,120.692161,24.147606,4
3212,66000,387130000C,(04)23274275,(04)23288582,2025,7,9,18,4,臺中市,神岡區,0,0,0,5,1,6,50,3,2,1,5,4,6,6,1,1,1,4,5,1,13,,,,,B03,,,,,,,,7,7,1,13,4,120.682777,24.246118,3
3213,66000,387130000C,(04)23274275,(04)23288582,2025,7,9,18,7,臺中市,東區,0,0,0,7,,,50,,,,,,,,,,,,,,13,,,,,B12,,,1,,2,,,84,84,1,12,4,120.699613,24.144622,3
3214,66000,387130000C,(04)23274275,(04)23288582,2025,7,9,18,7,臺中市,南屯區,0,0,0,5,,,50,,,,,,,,,,,,,,,,,,,B03,,,1,,1,,,7,7,1,12,4,120.634364,24.155659,3
3215,66000,387130000C,(04)23274275,(04)23288582,2025,7,9,18,14,臺中市,北區,0,0,0,5,,,50,,,,,,,,,,,,,,17,,,,,A11,,,6,,2,,,85,85,1,13,4,120.678791,24.152435,4
3216,66000,387130000C,(04)23274275,(04)23288582,2025,7,9,18,14,臺中市,西屯區,0,1,0,5,2,6,30,4,1,1,4,4,6,6,4,4,10,5,5,1,15,2,9,1,1,C03,7,9,1,10,1,12,,12,12,1,12,4,120.644934,24.175421,2
3217,66000,387130000C,(04)23274275,(04)23288582,2025,7,9,18,16,臺中市,北屯區,0,1,0,5,1,6,50,13,9,1,4,4,6,6,4,4,1,4,5,2,13,2,9,1,1,C03,7,9,1,10,2,11,,7,7,1,12,4,120.685694,24.177742,2
3218,66000,387130000C,(04)23274275,(04)23288582,2025,7,9,18,17,臺中市,北屯區,0,0,0,7,,,40,,,,,,,,,,,,,,9,,,,,B11,,,1,4,1,,,84,84,1,12,4,120.733123,24.163663,3
3219,66000,387130000C,(04)23274275,(04)23288582,2025,7,9,18,19,臺中市,烏日區,0,0,0,5,,,60,,,,,,,,,,,,,,,,,,,B03,,,1,,1,,,84,84,1,6,4,120.647742,24.076036,3
3220,66000,387130000C,(04)23274275,(04)23288582,2025,7,9,18,21,臺中市,太平區,0,2,0,5,1,6,50,3,2,1,4,4,6,6,4,4,5,2,5,1,17,3,10,5,4,B03,7,9,3,19,2,1,,58,58,1,12,4,120.716535,24.13268,2
3221,66000,387130000C,(04)23274275,(04)23288582,2025,7,9,18,24,臺中市,烏日區,0,0,0,5,,,30,,,,,,,,,,,,,,,,,,,B03,,,1,,2,,,85,85,1,13,4,120.643021,24.111284,3
3222,66000,387130000C,(04)23274275,(04)23288582,2025,7,9,18,26,臺中市,北區,0,0,0,5,3,6,50,3,2,1,4,4,6,6,4,4,10,5,5,2,17,,,,,B03,,,1,,1,,,59,59,1,13,4,120.69432,24.160476,3
3223,66000,387130000C,(04)23274275,(04)23288582,2025,7,9,18,30,臺中市,南屯區,0,1,0,5,1,6,50,3,1,1,4,4,6,6,4,4,10,5,5,2,18,2,9,1,1,C03,7,9,1,10,2,16,,59,59,1,12,4,120.649761,24.154586,2
3224,66000,387130000C,(04)23274275,(04)23288582,2025,7,9,18,30,臺中市,西屯區,0,0,0,5,,,40,,,,,,,,,,,,,,13,,,,,F03,,,1,,1,,,7,7,1,13,4,120.64519,24.162447,4
3225,66000,387130000C,(04)23274275,(04)23288582,2025,7,9,18,31,臺中市,西屯區,0,2,0,5,1,6,30,3,1,1,4,4,6,6,4,4,5,5,4,2,16,3,10,5,4,B12,7,6,1,8,2,2,,14,14,1,13,4,120.594902,24.185756,2
3226,66000,387130000C,(04)23274275,(04)23288582,2025,7,9,18,32,臺中市,東區,0,2,0,5,1,6,50,3,1,1,4,4,6,6,4,4,10,5,5,2,13,2,9,1,1,C03,7,9,1,10,2,11,,84,84,1,12,4,120.699082,24.142773,2
3227,66000,387130000C,(04)23274275,(04)23288582,2025,7,9,18,34,臺中市,西屯區,0,0,0,5,,,60,,,,,,,,,,,,,,13,,,,,B03,,,1,,1,,,59,59,1,12,4,120.653258,24.160817,3
3228,66000,387130000C,(04)23274275,(04)23288582,2025,7,9,18,34,臺中市,后里區,0,0,0,5,1,6,60,13,9,1,4,4,6,6,4,4,1,4,5,1,30,3,10,3,1,B03,7,9,1,8,2,5,,87,87,1,12,4,120.707546,24.317711,3
3229,66000,387130000C,(04)23274275,(04)23288582,2025,7,9,18,36,臺中市,南屯區,0,1,0,5,1,6,50,13,9,1,4,4,6,6,4,4,5,4,5,2,17,3,10,2,1,C03,7,9,1,10,2,12,,85,85,1,12,2,120.633193,24.145788,2
3230,66000,387130000C,(04)23274275,(04)23288582,2025,7,9,18,38,臺中市,西區,0,1,0,5,1,6,50,3,1,1,4,4,6,6,1,1,10,5,5,2,18,2,9,1,1,C03,7,9,1,10,1,14,,84,84,1,13,4,120.670492,24.153412,2
3231,66000,387130000C,(04)23274275,(04)23288582,2025,7,9,18,38,臺中市,南屯區,0,1,0,5,1,6,50,3,1,1,4,4,6,6,4,4,10,5,5,2,16,3,10,3,1,B03,7,5,1,8,2,8,,14,14,1,12,4,120.614258,24.145324,2
3232,66000,387130000C,(04)23274275,(04)23288582,2025,7,9,18,38,臺中市,大里區,0,0,0,5,,,40,,,,,,,,,,,,,,12,,,,,B12,,,1,,2,,,84,84,1,6,4,120.67153,24.102301,3
3233,66000,387130000C,(04)23274275,(04)23288582,2025,7,9,18,39,臺中市,豐原區,0,0,0,5,,,50,,,,,,,,,,,,,,17,,,,,B03,,,1,,9,,,84,84,1,13,4,120.711512,24.248825,3
3234,66000,387130000C,(04)23274275,(04)23288582,2025,7,9,18,40,臺中市,北區,0,1,0,7,1,6,50,13,9,1,4,4,6,6,4,4,1,4,5,2,17,3,10,3,1,B03,7,9,1,8,2,5,,7,7,1,12,4,120.69546,24.155204,2
3235,66000,387130000C,(04)23274275,(04)23288582,2025,7,9,18,40,臺中市,西屯區,0,3,0,5,1,6,50,4,1,1,4,4,6,6,1,1,10,5,5,2,12,2,9,1,1,C03,7,9,1,10,2,14,,85,85,1,12,4,120.628439,24.184244,2
3236,66000,387130000C,(04)23274275,(04)23288582,2025,7,9,18,44,臺中市,大里區,0,1,0,5,1,6,50,13,7,1,4,4,3,6,4,4,1,4,4,1,18,2,9,1,1,C03,7,9,1,10,2,11,,84,84,1,12,4,120.682618,24.104687,2
3237,66000,387130000C,(04)23274275,(04)23288582,2025,7,9,18,45,臺中市,北區,0,0,0,5,,,50,,,,,,,,,,,,,,14,,,,,B03,,,1,,2,,,49,49,1,12,4,120.686802,24.154276,4
3238,66000,387130000C,(04)23274275,(04)23288582,2025,7,9,18,45,臺中市,大里區,0,1,0,5,1,6,40,3,8,1,4,4,6,6,1,1,1,5,1,1,18,2,9,1,1,C03,7,9,1,10,2,14,,84,84,1,13,4,120.671703,24.084205,2
3239,66000,387130000C,(04)23274275,(04)23288582,2025,7,9,18,47,臺中市,大里區,0,0,0,5,,,50,,,,,,,,,,,,,,17,,,,,B12,,,1,8,2,,,84,84,1,13,4,120.697117,24.08437,3
3240,66000,387130000C,(04)23274275,(04)23288582,2025,7,9,18,53,臺中市,后里區,0,1,0,5,1,6,60,3,1,1,4,4,6,6,1,1,5,4,5,1,14,3,10,3,1,B12,7,2,1,8,2,7,,49,49,1,12,4,120.73169,24.339773,2
3241,66000,387130000C,(04)23274275,(04)23288582,2025,7,9,18,54,臺中市,北區,0,0,0,5,,,50,,,,,,,,,,,,,,17,,,,,B03,,,1,,1,,,8,8,1,13,4,120.697736,24.1523,3
3242,66000,387130000C,(04)23274275,(04)23288582,2025,7,9,18,54,臺中市,北屯區,0,0,0,5,,,50,,,,,,,,,,,,,,9,,,,,B03,,,1,8,9,,,8,8,1,12,4,120.716735,24.1823,3
3243,66000,387130000C,(04)23274275,(04)23288582,2025,7,9,18,55,臺中市,南屯區,0,1,0,5,2,6,50,4,1,1,4,4,6,6,1,1,9,4,5,2,13,3,10,3,1,B03,7,9,3,19,9,1,,84,84,1,12,4,120.649849,24.147742,2
3244,66000,387130000C,(04)23274275,(04)23288582,2025,7,9,19,0,臺中市,西區,0,1,0,5,1,6,50,3,2,1,4,4,6,6,4,4,5,2,5,2,12,3,10,3,1,B03,7,7,1,8,1,5,,35,35,1,6,4,120.66347,24.150862,2
3245,66000,387130000C,(04)23274275,(04)23288582,2025,7,9,19,0,臺中市,南屯區,0,0,0,5,1,6,50,13,9,1,4,4,6,6,4,4,1,4,5,2,12,,,,,B02,,,1,,1,,,40,40,1,12,4,120.646854,24.144662,3
3246,66000,387130000C,(04)23274275,(04)23288582,2025,7,9,19,2,臺中市,南屯區,0,0,0,5,,,50,,,,,,,,,,,,,,,,,,,B03,,,1,,1,,,8,8,1,13,4,120.640098,24.141775,3
3247,66000,387130000C,(04)23274275,(04)23288582,2025,7,9,19,3,臺中市,南屯區,0,0,0,7,,,50,,,,,,,,,,,,,,12,,,,,B03,,,1,,1,,,84,84,1,12,4,120.63277,24.145065,3
3248,66000,387130000C,(04)23274275,(04)23288582,2025,7,9,19,3,臺中市,大里區,0,0,0,5,,,50,,,,,,,,,,,,,,12,,,,,B03,,,1,,1,,,84,84,1,13,4,120.699594,24.107974,3
3249,66000,387130000C,(04)23274275,(04)23288582,2025,7,9,19,4,臺中市,東區,0,0,0,5,,,1,,,,,,,,,,,,,,14,,,,,B03,,,1,,2,,,49,49,1,12,4,120.690077,24.129134,3
3250,66000,387130000C,(04)23274275,(04)23288582,2025,7,9,19,6,臺中市,潭子區,0,0,0,5,,3,80,,,,,,,,,,,,,,,,,,,B03,,,1,,2,,,7,7,1,13,4,120.719148,24.196712,3
3251,66000,387130000C,(04)23274275,(04)23288582,2025,7,9,19,8,臺中市,清水區,0,1,0,5,1,6,50,13,9,1,4,4,6,6,4,4,5,5,5,2,3,4,11,6,5,H01,8,16,7,21,10,17,,98,98,1,12,5,120.577318,24.270575,2
3252,66000,387130000C,(04)23274275,(04)23288582,2025,7,9,19,9,臺中市,南屯區,0,2,0,5,1,6,50,3,1,1,4,4,6,6,4,4,10,5,5,2,17,3,10,3,1,B03,7,9,1,8,2,1,,84,84,1,12,4,120.627873,24.118652,2
3253,66000,387130000C,(04)23274275,(04)23288582,2025,7,9,19,11,臺中市,北區,0,0,0,5,3,6,50,13,9,1,4,4,6,6,4,4,10,5,5,2,17,,,,,B03,,,1,,2,,,49,49,1,13,4,120.678969,24.170581,3
3254,66000,387130000C,(04)23274275,(04)23288582,2025,7,9,19,14,臺中市,沙鹿區,0,1,0,5,1,6,50,13,9,1,4,4,6,6,1,1,10,5,5,2,13,2,8,1,1,C03,7,15,1,10,2,11,,7,7,1,6,4,120.560661,24.236187,2
3255,66000,387130000C,(04)23274275,(04)23288582,2025,7,9,19,15,臺中市,北屯區,0,1,0,5,1,6,50,13,8,1,4,4,6,6,4,4,3,5,4,2,17,2,9,1,1,C03,7,1,1,10,2,13,,51,51,1,12,4,120.685431,24.170286,2
3256,66000,387130000C,(04)23274275,(04)23288582,2025,7,9,19,16,臺中市,南屯區,0,1,0,7,2,6,50,13,9,1,4,4,6,6,4,4,9,4,5,2,13,2,9,1,1,C03,7,9,1,10,2,11,,7,7,1,12,4,120.646789,24.146405,2
3257,66000,387130000C,(04)23274275,(04)23288582,2025,7,9,19,18,臺中市,南屯區,0,0,0,5,1,6,50,13,9,1,4,4,6,6,1,1,9,5,5,2,13,,,,,B03,,,1,,1,,,84,84,1,12,4,120.642836,24.141849,3