序號,縣市別代碼,機關代碼,市話,傳真,年,月,日,時,分,縣市,區,死亡數量,受傷數量,2-30,天候,道路照明設備,道路類別,道路速限,道路型態,事故位置,路面鋪裝,路面狀態,路面缺陷,障礙物,視距,號誌種類,號誌動作,分向設施,快車道或一般車道間,快慢車道間,路面邊線,事故類型及型態,受傷程度,主要傷處,保護裝備,行動電話或功能裝置,當事者區分(類別),車輛用途,當事者行動狀態,駕照狀態,駕照種類,飲酒情形,車輛撞擊部位最初,車輛撞擊部位其他,肇事因素個別,肇事因素主要,肇事逃逸,職業,共享經濟或外送平台,GPS座標X,GPS座標Y,事故類別
3258,66000,387130000C,(04)23274275,(04)23288582,2025,7,9,19,19,臺中市,西屯區,0,0,0,5,,,70,,,,,,,,,,,,,,13,,,,,B03,,,1,,1,,,59,59,1,12,4,120.62518,24.178275,3
3259,66000,387130000C,(04)23274275,(04)23288582,2025,7,9,19,19,臺中市,大甲區,0,0,0,5,,,50,,,,,,,,,,,,,,12,3,10,5,4,B03,7,1,1,8,2,2,,51,51,1,13,4,120.618122,24.346744,3
3260,66000,387130000C,(04)23274275,(04)23288582,2025,7,9,19,20,臺中市,大里區,0,2,0,5,1,6,50,4,1,1,4,4,6,6,1,1,10,5,5,2,15,2,9,3,1,B03,7,9,1,8,2,5,,21,21,1,12,4,120.692984,24.120953,2
3261,66000,387130000C,(04)23274275,(04)23288582,2025,7,9,19,21,臺中市,大里區,0,1,0,5,1,6,50,11,7,1,4,4,6,6,4,4,1,4,4,1,10,2,8,1,1,F03,7,9,7,21,2,11,,4,4,1,6,4,120.690603,24.100826,2
3262,66000,387130000C,(04)23274275,(04)23288582,2025,7,9,19,26,臺中市,東區,0,1,0,5,1,6,50,4,1,1,4,4,6,6,2,1,5,5,4,2,15,3,10,3,1,B03,7,9,1,8,2,1,,21,21,1,13,4,120.689699,24.1328,2
3263,66000,387130000C,(04)23274275,(04)23288582,2025,7,9,19,27,臺中市,霧峰區,0,1,0,5,1,6,50,11,9,1,4,4,6,6,4,4,5,5,5,1,18,2,9,1,1,C03,7,9,1,10,2,12,,84,84,1,12,4,120.688836,24.056873,2
3264,66000,387130000C,(04)23274275,(04)23288582,2025,7,9,19,28,臺中市,北屯區,0,2,0,5,1,6,50,4,4,1,4,4,6,6,2,1,4,3,5,2,12,2,8,2,1,C03,7,9,1,10,2,12,,7,7,1,13,4,120.703886,24.159574,2
3265,66000,387130000C,(04)23274275,(04)23288582,2025,7,9,19,30,臺中市,西區,0,0,0,5,,,50,,,,,,,,,,,,,,13,,,,,B03,,,1,,1,,,7,7,1,12,4,120.661725,24.131725,3
3266,66000,387130000C,(04)23274275,(04)23288582,2025,7,9,19,30,臺中市,北區,0,1,0,5,1,6,50,3,1,1,4,4,6,6,2,1,2,5,5,2,17,3,10,3,1,B03,7,6,1,8,2,6,,11,11,1,12,4,120.684085,24.149878,2
3267,66000,387130000C,(04)23274275,(04)23288582,2025,7,9,19,30,臺中市,大甲區,0,0,0,5,,,50,,,,,,,,,,,,,,,,,,,B03,,,1,,2,,,8,8,1,6,4,120.618204,24.348153,3
3268,66000,387130000C,(04)23274275,(04)23288582,2025,7,9,19,35,臺中市,北屯區,0,0,0,5,,,50,,,,,,,,,,,,,,,,,,,B03,,,1,,1,,,84,84,1,12,4,120.710234,24.18197,3
3269,66000,387130000C,(04)23274275,(04)23288582,2025,7,9,19,36,臺中市,西區,0,1,0,5,1,6,50,4,1,1,4,4,6,6,1,1,10,5,5,2,15,3,10,3,1,B03,7,9,1,8,2,2,,21,21,1,6,4,120.656232,24.134519,2
3270,66000,387130000C,(04)23274275,(04)23288582,2025,7,9,19,37,臺中市,南屯區,0,0,0,5,,,50,,,,,,,,,,,,,,13,,,,,B01,,,1,,1,,,59,59,1,12,4,120.646571,24.131839,3
3271,66000,387130000C,(04)23274275,(04)23288582,2025,7,9,19,38,臺中市,豐原區,0,0,0,5,,,50,,,,,,,,,,,,,,13,,,,,C03,,,1,,2,,,84,84,1,13,4,120.72082,24.251708,3
3272,66000,387130000C,(04)23274275,(04)23288582,2025,7,9,19,40,臺中市,豐原區,0,0,0,5,,,60,,,,,,,,,,,,,,,,,,,B03,,,1,,2,,,8,8,1,13,4,120.704849,24.255109,3
3273,66000,387130000C,(04)23274275,(04)23288582,2025,7,9,19,41,臺中市,大雅區,0,1,0,5,1,6,60,4,1,1,4,4,6,6,2,1,1,4,5,1,16,3,10,3,1,B03,7,6,1,8,2,1,,11,11,1,13,4,120.663753,24.233325,2
3274,66000,387130000C,(04)23274275,(04)23288582,2025,7,9,19,44,臺中市,南區,0,1,0,5,1,6,50,13,7,1,4,4,6,6,4,4,1,4,4,2,18,2,9,3,1,B12,7,9,1,8,2,1,,87,87,1,12,4,120.667271,24.12469,2
3275,66000,387130000C,(04)23274275,(04)23288582,2025,7,9,19,46,臺中市,大甲區,0,0,0,5,1,6,50,13,9,2,4,4,6,6,4,4,4,3,5,1,12,,,,,B03,,,1,,1,,,84,84,1,12,4,120.619938,24.345288,3
3276,66000,387130000C,(04)23274275,(04)23288582,2025,7,9,19,50,臺中市,西區,0,0,0,5,,,50,,,,,,,,,,,,,,12,,,,,B03,,,1,8,1,,,40,40,1,13,4,120.675422,24.133556,3
3277,66000,387130000C,(04)23274275,(04)23288582,2025,7,9,19,50,臺中市,西屯區,0,1,0,5,1,6,50,4,9,1,4,4,6,6,1,1,5,5,5,2,16,3,10,3,1,B03,7,6,1,8,9,15,,85,85,1,13,4,120.665624,24.174294,2
3278,66000,387130000C,(04)23274275,(04)23288582,2025,7,9,19,55,臺中市,西屯區,0,1,0,5,1,6,50,4,1,1,4,4,6,6,2,1,10,5,5,2,3,3,10,5,4,B03,7,6,1,8,2,8,,10,10,1,13,4,120.662138,24.165401,2
3279,66000,387130000C,(04)23274275,(04)23288582,2025,7,9,19,55,臺中市,大里區,0,1,0,5,3,6,50,4,2,1,4,4,6,6,3,1,10,5,5,2,12,2,9,1,1,C03,7,1,1,10,2,11,,51,51,1,12,2,120.689626,24.105978,2
3280,66000,387130000C,(04)23274275,(04)23288582,2025,7,9,19,56,臺中市,北屯區,0,0,0,5,,,50,,,,,,,,,,,,,,,,,,,B03,,,1,,2,,,49,49,1,13,4,120.734257,24.17686,3
3281,66000,387130000C,(04)23274275,(04)23288582,2025,7,9,19,57,臺中市,潭子區,0,1,0,5,1,3,80,13,16,1,4,4,6,6,4,4,1,3,5,1,20,2,9,3,1,B03,7,9,1,8,2,1,,84,84,1,13,4,120.718248,24.197611,2
3282,66000,387130000C,(04)23274275,(04)23288582,2025,7,9,19,59,臺中市,豐原區,0,2,0,5,1,6,50,4,1,1,4,4,6,6,3,1,10,5,5,2,3,2,9,2,1,C03,7,9,1,10,2,11,,10,10,1,13,4,120.730527,24.248578,2
3283,66000,387130000C,(04)23274275,(04)23288582,2025,7,9,20,1,臺中市,西屯區,0,1,0,5,1,6,35,11,9,1,4,4,6,6,4,4,10,5,5,1,12,3,10,3,1,B13,7,5,1,8,2,6,,8,8,1,12,4,120.633237,24.173163,2
3284,66000,387130000C,(04)23274275,(04)23288582,2025,7,9,20,3,臺中市,潭子區,0,0,0,5,,,50,,,,,,,,,,,,,,,,,,,B03,,,1,,2,,,59,59,1,13,4,120.701076,24.209746,3
3285,66000,387130000C,(04)23274275,(04)23288582,2025,7,9,20,7,臺中市,清水區,0,0,0,7,2,6,50,13,8,1,4,4,6,6,4,4,8,3,4,2,14,,,,,B03,,,1,,1,,,49,49,1,12,4,120.576133,24.270343,3
3286,66000,387130000C,(04)23274275,(04)23288582,2025,7,9,20,8,臺中市,后里區,0,1,0,5,2,6,50,3,1,1,4,4,6,6,1,1,1,4,5,1,15,3,10,1,1,C03,7,9,1,10,2,12,,21,21,1,12,4,120.72247,24.30302,2
3287,66000,387130000C,(04)23274275,(04)23288582,2025,7,9,20,11,臺中市,中區,0,0,0,5,,,50,,,,,,,,,,,,,,,,,,,B03,,,1,,1,,,40,40,1,6,4,120.677572,24.144109,3
3288,66000,387130000C,(04)23274275,(04)23288582,2025,7,9,20,11,臺中市,西屯區,0,1,0,5,1,6,40,13,8,1,4,4,6,6,4,4,3,4,3,2,17,3,10,3,1,B02,7,1,1,8,2,3,,51,51,1,12,4,120.657215,24.15916,2
3289,66000,387130000C,(04)23274275,(04)23288582,2025,7,9,20,12,臺中市,大雅區,0,1,0,5,1,6,60,5,2,1,4,4,6,6,1,1,1,4,4,1,12,2,9,2,1,C03,7,6,1,10,2,12,,20,20,1,12,4,120.64884,24.218197,2
3290,66000,387130000C,(04)23274275,(04)23288582,2025,7,9,20,25,臺中市,南屯區,0,2,0,7,2,6,40,13,8,1,5,4,6,6,4,4,9,4,4,2,3,2,9,1,1,C03,7,9,1,10,2,11,,84,84,1,12,4,120.650478,24.133452,2
3291,66000,387130000C,(04)23274275,(04)23288582,2025,7,9,20,25,臺中市,西屯區,0,0,0,6,,,40,,,,,,,,,,,,,,14,,,,,B03,,,1,,2,,,7,7,1,12,4,120.651222,24.173791,3
3292,66000,387130000C,(04)23274275,(04)23288582,2025,7,9,20,25,臺中市,太平區,0,1,0,6,1,6,50,3,4,1,4,4,6,6,2,1,5,5,4,1,12,3,10,3,1,B03,7,7,1,8,2,6,,40,40,1,12,4,120.711341,24.159074,2
3293,66000,387130000C,(04)23274275,(04)23288582,2025,7,9,20,28,臺中市,豐原區,0,1,0,6,1,6,60,13,9,1,4,4,5,6,4,4,1,4,5,1,13,2,9,1,1,C03,7,9,1,10,2,11,,58,58,1,13,4,120.703369,24.248683,2
3294,66000,387130000C,(04)23274275,(04)23288582,2025,7,9,20,32,臺中市,南屯區,0,0,0,5,1,6,40,13,8,1,4,4,6,6,4,4,3,4,4,2,14,,,,,B03,,,1,,1,,,49,49,1,12,4,120.635917,24.151559,3
3295,66000,387130000C,(04)23274275,(04)23288582,2025,7,9,20,36,臺中市,梧棲區,0,1,0,5,1,6,50,4,1,1,4,4,6,6,1,2,10,5,5,2,15,2,9,3,1,B03,7,9,1,8,2,1,,21,21,1,12,4,120.524545,24.236266,2
3296,66000,387130000C,(04)23274275,(04)23288582,2025,7,9,20,42,臺中市,大雅區,0,1,0,6,1,6,50,4,2,1,4,4,6,6,2,1,5,4,5,1,17,2,9,2,1,C03,7,9,1,10,2,14,,84,84,1,13,4,120.6518,24.22809,2
3297,66000,387130000C,(04)23274275,(04)23288582,2025,7,9,20,42,臺中市,西屯區,0,0,0,7,,,40,,,,,,,,,,,,,,13,,,,,B03,,,1,,1,,,56,56,1,13,4,120.636679,24.160465,3
3298,66000,387130000C,(04)23274275,(04)23288582,2025,7,9,20,47,臺中市,大雅區,0,0,0,5,,,60,,,,,,,,,,,,,,13,,,,,B03,,,1,,2,,,51,51,1,12,4,120.648361,24.218855,3
3299,66000,387130000C,(04)23274275,(04)23288582,2025,7,9,21,1,臺中市,大肚區,0,0,0,6,,,30,,,,,,,,,,,,,,12,,,,,B01,,,1,,2,,,47,47,1,6,4,120.552215,24.147884,3
3300,66000,387130000C,(04)23274275,(04)23288582,2025,7,9,21,5,臺中市,太平區,0,1,0,5,3,6,50,13,9,1,4,4,6,6,4,4,2,4,5,2,16,3,10,3,1,B03,7,15,1,8,2,6,,85,85,1,12,4,120.721945,24.144927,2
3301,66000,387130000C,(04)23274275,(04)23288582,2025,7,9,21,6,臺中市,太平區,0,1,0,5,1,6,50,4,1,1,4,4,6,6,1,1,10,5,5,2,13,3,10,3,1,B03,7,9,1,8,2,5,,84,84,1,12,4,120.725136,24.116852,2
3302,66000,387130000C,(04)23274275,(04)23288582,2025,7,9,21,9,臺中市,北區,0,0,0,6,,,50,,,,,,,,,,,,,,14,,,,,B12,,,1,,2,,,49,49,1,12,4,120.672448,24.167434,3
3303,66000,387130000C,(04)23274275,(04)23288582,2025,7,9,21,13,臺中市,豐原區,0,0,0,5,,,50,,,,,,,,,,,,,,,,,,,B03,,,1,,2,,,7,7,1,13,4,120.711016,24.250329,3
3304,66000,387130000C,(04)23274275,(04)23288582,2025,7,9,21,18,臺中市,太平區,0,0,0,5,,,50,,,,,,,,,,,,,,,,,,,B03,,,1,,2,,,84,84,1,12,4,120.721273,24.133975,3
3305,66000,387130000C,(04)23274275,(04)23288582,2025,7,9,21,42,臺中市,大肚區,0,1,0,6,1,6,60,3,2,1,4,4,6,6,1,1,1,4,4,1,20,2,8,3,1,B01,7,6,1,3,2,1,,59,59,1,6,4,120.54302,24.163155,2
3306,66000,387130000C,(04)23274275,(04)23288582,2025,7,9,21,53,臺中市,西屯區,0,0,0,5,,,50,,,,,,,,,,,,,,13,,,,,C03,,,1,,1,,,59,59,1,12,4,120.634946,24.169371,3
3307,66000,387130000C,(04)23274275,(04)23288582,2025,7,9,21,55,臺中市,西區,0,0,0,7,,,50,,,,,,,,,,,,,,14,,,,,B03,,,1,,1,,,49,49,1,12,4,120.662639,24.158059,3
3308,66000,387130000C,(04)23274275,(04)23288582,2025,7,9,21,59,臺中市,龍井區,0,1,0,6,1,6,40,13,9,1,4,4,6,6,4,4,4,4,5,1,18,2,9,1,1,C03,7,9,1,10,2,14,,59,59,1,6,4,120.5561,24.187864,2
3309,66000,387130000C,(04)23274275,(04)23288582,2025,7,9,22,0,臺中市,南屯區,0,0,0,5,,,50,,,,,,,,,,,,,,13,,,,,B03,,,1,,1,,,7,7,1,12,4,120.645788,24.150919,3
3310,66000,387130000C,(04)23274275,(04)23288582,2025,7,9,22,9,臺中市,后里區,0,1,0,6,1,6,40,13,7,1,4,4,6,6,4,4,9,4,4,2,17,2,7,1,1,C03,7,9,1,10,2,12,,1,1,1,12,4,120.706611,24.306531,2
3311,66000,387130000C,(04)23274275,(04)23288582,2025,7,9,22,11,臺中市,大雅區,0,1,0,6,1,6,30,11,9,1,4,4,6,6,3,1,5,5,5,1,17,2,9,2,1,C03,7,6,1,10,2,12,,48,48,1,13,2,120.625833,24.230186,2
3312,66000,387130000C,(04)23274275,(04)23288582,2025,7,9,22,20,臺中市,北區,0,0,0,7,,,50,,,,,,,,,,,,,,9,,,,,B03,,,1,,1,,,51,51,1,13,4,120.685453,24.165453,3
3313,66000,387130000C,(04)23274275,(04)23288582,2025,7,9,22,20,臺中市,烏日區,0,1,0,7,1,6,30,3,1,1,5,4,6,6,4,4,5,4,5,2,16,3,10,3,1,B03,7,6,1,8,2,8,,12,12,1,6,4,120.640342,24.105326,2
3314,66000,387130000C,(04)23274275,(04)23288582,2025,7,9,22,26,臺中市,西屯區,0,1,0,6,1,6,60,3,1,1,4,4,6,6,4,4,5,2,4,2,16,3,10,3,1,B03,7,6,1,8,2,2,,14,14,1,12,4,120.59357,24.179989,2
3315,66000,387130000C,(04)23274275,(04)23288582,2025,7,9,22,35,臺中市,北屯區,0,1,0,7,1,6,50,13,9,1,4,4,6,6,2,1,1,4,5,2,18,2,9,2,1,C03,7,9,1,10,2,12,,84,84,1,12,4,120.697073,24.200539,2
3316,66000,387130000C,(04)23274275,(04)23288582,2025,7,9,22,46,臺中市,西區,0,1,0,6,1,6,50,13,8,1,4,4,6,6,4,4,1,4,4,2,13,2,9,2,1,C03,7,9,1,10,2,11,,7,7,1,12,4,120.674565,24.14843,2
3317,66000,387130000C,(04)23274275,(04)23288582,2025,7,9,22,59,臺中市,西屯區,0,0,0,6,,,50,,,,,,,,,,,,,,18,,,,,B02,,,3,,2,,,59,59,1,13,4,120.655453,24.199914,3
3318,66000,387130000C,(04)23274275,(04)23288582,2025,7,9,23,15,臺中市,西屯區,0,5,0,7,1,6,60,4,1,1,4,4,6,6,2,1,10,5,5,2,13,2,1,5,4,B03,7,9,1,8,2,8,,59,59,1,12,4,120.653015,24.160688,2
3319,66000,387130000C,(04)23274275,(04)23288582,2025,7,10,0,50,臺中市,大甲區,0,0,0,5,,,90,,,,,,,,,,,,,,,,,,,C02,,,1,,2,,,87,87,1,6,4,120.607119,24.396979,3
3320,66000,387130000C,(04)23274275,(04)23288582,2025,7,10,1,37,臺中市,西屯區,0,1,0,6,1,6,40,5,1,1,5,4,6,6,2,1,10,5,5,2,12,2,9,2,4,C03,7,9,1,10,2,14,,8,8,1,13,4,120.649565,24.162856,2
3321,66000,387130000C,(04)23274275,(04)23288582,2025,7,10,2,10,臺中市,霧峰區,0,0,0,7,3,6,30,12,9,1,5,4,6,6,4,4,10,5,5,2,19,,,,,B03,,,1,,2,,,82,82,1,6,4,120.723871,24.062805,3
3322,66000,387130000C,(04)23274275,(04)23288582,2025,7,10,2,28,臺中市,北屯區,0,0,0,7,,,50,,,,,,,,,,,,,,,,,,,B03,,,1,,1,,,51,51,1,12,4,120.696994,24.168884,3
3323,66000,387130000C,(04)23274275,(04)23288582,2025,7,10,3,35,臺中市,南區,0,0,0,7,,,50,,,,,,,,,,,,,,,,,,,B03,,,1,,1,,,24,24,1,6,4,120.658741,24.1172,4
3324,66000,387130000C,(04)23274275,(04)23288582,2025,7,10,5,2,臺中市,大雅區,0,2,0,5,1,6,70,3,2,1,4,4,6,6,1,1,1,5,5,1,13,2,9,1,1,C03,7,9,5,19,2,14,,7,7,1,13,4,120.636817,24.234859,2
3325,66000,387130000C,(04)23274275,(04)23288582,2025,7,10,5,10,臺中市,大里區,0,1,0,5,1,6,50,13,7,1,4,4,6,6,1,1,5,5,4,1,13,2,9,1,1,C03,7,9,1,10,2,11,,59,59,1,6,4,120.729647,24.091859,2
3326,66000,387130000C,(04)23274275,(04)23288582,2025,7,10,6,28,臺中市,大里區,0,0,0,5,,,50,,,,,,,,,,,,,,17,,,,,B03,,,1,,1,,,51,51,1,12,4,120.711092,24.086,3
3327,66000,387130000C,(04)23274275,(04)23288582,2025,7,10,6,33,臺中市,大甲區,0,0,0,5,,,50,,,,,,,,,,,,,,15,,,,,B03,,,1,,2,,,15,15,1,6,4,120.620697,24.37619,3
3328,66000,387130000C,(04)23274275,(04)23288582,2025,7,10,6,40,臺中市,豐原區,0,2,0,5,1,6,50,13,7,1,4,4,6,6,4,4,9,4,4,2,17,2,9,1,1,C03,7,15,1,10,2,14,,42,42,1,6,4,120.744748,24.258206,2
3329,66000,387130000C,(04)23274275,(04)23288582,2025,7,10,6,44,臺中市,大雅區,0,0,0,5,,,50,,,,,,,,,,,,,,,,,,,C03,,,1,,1,,,7,7,1,13,4,120.644236,24.220944,3
3330,66000,387130000C,(04)23274275,(04)23288582,2025,7,10,6,50,臺中市,西屯區,0,2,0,5,2,6,50,13,9,1,4,4,6,6,2,1,10,4,5,1,13,2,9,2,4,C03,7,9,1,10,1,14,,59,59,1,13,4,120.659216,24.176361,2
3331,66000,387130000C,(04)23274275,(04)23288582,2025,7,10,6,54,臺中市,中區,0,2,0,5,1,6,50,4,1,1,4,4,6,6,4,4,10,5,5,2,17,2,9,5,4,C03,7,9,3,19,2,11,,12,12,1,12,4,120.678207,24.145585,2
3332,66000,387130000C,(04)23274275,(04)23288582,2025,7,10,6,58,臺中市,北屯區,0,1,0,5,2,6,50,4,1,1,4,4,6,6,1,1,10,5,5,2,18,2,9,1,1,C03,7,9,1,10,2,12,,82,82,1,13,4,120.700136,24.164975,2
3333,66000,387130000C,(04)23274275,(04)23288582,2025,7,10,6,59,臺中市,西屯區,0,1,0,5,2,6,40,13,8,1,4,4,6,6,4,4,1,4,1,2,18,2,9,5,4,C03,7,9,1,10,2,12,,54,54,1,13,4,120.642427,24.167103,2
3334,66000,387130000C,(04)23274275,(04)23288582,2025,7,10,6,59,臺中市,神岡區,0,1,0,5,2,6,50,4,2,1,4,4,6,6,2,1,5,5,5,1,17,2,9,5,4,C03,7,9,1,10,2,14,,59,59,1,13,4,120.687003,24.247216,2
3335,66000,387130000C,(04)23274275,(04)23288582,2025,7,10,7,0,臺中市,后里區,0,0,0,5,2,6,60,4,1,1,4,4,6,6,1,1,1,2,5,1,13,3,10,3,1,B03,7,9,1,8,1,8,,7,7,1,12,4,120.705703,24.316189,3
3336,66000,387130000C,(04)23274275,(04)23288582,2025,7,10,7,14,臺中市,梧棲區,0,1,0,5,3,6,30,4,1,1,4,4,6,6,3,3,10,5,5,2,16,3,10,3,1,B03,7,6,1,8,2,5,,20,20,1,6,4,120.547517,24.228105,2
3337,66000,387130000C,(04)23274275,(04)23288582,2025,7,10,7,20,臺中市,大甲區,0,0,0,5,,,50,,,,,,,,,,,,,,,,,,,B03,,,1,,2,,,84,84,1,6,4,120.645823,24.408106,3
3338,66000,387130000C,(04)23274275,(04)23288582,2025,7,10,7,22,臺中市,西屯區,0,0,0,5,,,50,,,,,,,,,,,,,,12,,,,,A11,,,1,,1,,,40,40,1,12,4,120.610125,24.170534,3
3339,66000,387130000C,(04)23274275,(04)23288582,2025,7,10,7,27,臺中市,西屯區,0,0,0,5,,,30,,,,,,,,,,,,,,17,,,,,B03,,,1,,9,,,59,59,2,13,4,120.658918,24.163233,3
3340,66000,387130000C,(04)23274275,(04)23288582,2025,7,10,7,28,臺中市,南屯區,0,0,0,5,,,50,,,,,,,,,,,,,,13,,,,,B03,,,1,,1,,,84,84,1,13,4,120.621126,24.151393,3
3341,66000,387130000C,(04)23274275,(04)23288582,2025,7,10,7,29,臺中市,西屯區,0,1,0,5,2,6,30,4,1,1,4,4,6,6,4,4,10,5,5,2,17,2,9,2,1,C03,7,9,1,10,2,16,,15,15,1,12,4,120.640994,24.181355,2
3342,66000,387130000C,(04)23274275,(04)23288582,2025,7,10,7,30,臺中市,后里區,0,1,0,5,2,6,30,3,1,1,4,4,6,6,4,4,10,5,5,2,18,2,9,2,1,C03,7,5,1,10,2,12,,84,84,1,12,4,120.715045,24.303716,2
3343,66000,387130000C,(04)23274275,(04)23288582,2025,7,10,7,31,臺中市,南區,0,1,0,5,2,6,50,4,1,1,4,4,6,6,1,1,10,5,5,2,16,3,10,3,1,B03,7,5,1,8,2,6,,11,11,1,13,4,120.655306,24.129376,2
3344,66000,387130000C,(04)23274275,(04)23288582,2025,7,10,7,32,臺中市,大雅區,0,0,0,5,,,50,,,,,,,,,,,,,,,,,,,B03,,,1,,2,,,7,7,1,13,4,120.648422,24.226282,3
3345,66000,387130000C,(04)23274275,(04)23288582,2025,7,10,7,32,臺中市,大雅區,0,2,0,5,3,6,40,3,1,1,4,4,6,6,1,1,9,4,4,1,13,2,9,2,1,C03,7,9,1,10,2,11,,7,7,1,13,4,120.63307,24.238091,2
3346,66000,387130000C,(04)23274275,(04)23288582,2025,7,10,7,35,臺中市,外埔區,0,0,0,5,,,40,,,,,,,,,,,,,,,,,,,B12,,,1,,1,,,49,49,1,12,4,120.655627,24.330508,3
3347,66000,387130000C,(04)23274275,(04)23288582,2025,7,10,7,35,臺中市,神岡區,0,0,0,5,,,50,,,,,,,,,,,,,,16,,,,,B03,,,1,,1,,,14,14,1,12,4,120.69339,24.237591,3
3348,66000,387130000C,(04)23274275,(04)23288582,2025,7,10,7,36,臺中市,中區,0,0,0,5,,,50,,,,,,,,,,,,,,,,,,,B03,,,1,,1,,,8,8,1,12,4,120.679915,24.144889,3
3349,66000,387130000C,(04)23274275,(04)23288582,2025,7,10,7,36,臺中市,太平區,0,0,0,5,,,50,,,,,,,,,,,,,,13,,,,,C03,,,1,,2,,,74,74,1,13,4,120.723082,24.118494,3
3350,66000,387130000C,(04)23274275,(04)23288582,2025,7,10,7,39,臺中市,南區,0,3,0,6,1,6,40,13,11,1,4,4,6,6,4,4,1,5,1,2,12,2,9,2,1,C03,7,9,1,10,2,14,,8,8,1,6,4,120.672338,24.119089,2
3351,66000,387130000C,(04)23274275,(04)23288582,2025,7,10,7,40,臺中市,石岡區,0,1,0,5,3,6,70,13,9,1,4,4,6,6,3,1,10,4,3,1,12,2,9,5,4,C03,7,9,1,10,2,11,,8,8,1,12,4,120.767506,24.276051,2
3352,66000,387130000C,(04)23274275,(04)23288582,2025,7,10,7,41,臺中市,西屯區,0,0,0,5,,,50,,,,,,,,,,,,,,,,,,,C03,,,1,,1,,,84,84,1,12,4,120.649864,24.163498,3
3353,66000,387130000C,(04)23274275,(04)23288582,2025,7,10,7,41,臺中市,梧棲區,0,1,0,5,3,6,40,13,8,1,4,4,6,6,4,4,1,4,1,1,17,3,10,3,1,B03,7,13,1,8,1,4,,76,76,1,6,4,120.521788,24.236066,2
3354,66000,387130000C,(04)23274275,(04)23288582,2025,7,10,7,43,臺中市,豐原區,0,2,0,5,3,6,50,13,9,1,4,4,6,6,4,4,1,4,5,1,13,2,9,1,4,C03,7,9,1,10,2,11,,7,7,1,12,4,120.704932,24.250003,2
3355,66000,387130000C,(04)23274275,(04)23288582,2025,7,10,7,45,臺中市,西屯區,0,3,0,5,2,6,40,13,8,1,4,4,6,6,4,4,1,5,5,2,12,2,9,1,1,C03,7,9,1,10,2,12,,84,84,1,12,4,120.601373,24.182255,2
3356,66000,387130000C,(04)23274275,(04)23288582,2025,7,10,7,48,臺中市,西屯區,0,0,0,5,,,40,,,,,,,,,,,,,,12,,,,,B03,,,1,,1,,,40,40,1,12,4,120.639069,24.168932,3
3357,66000,387130000C,(04)23274275,(04)23288582,2025,7,10,7,50,臺中市,潭子區,0,1,0,5,3,6,30,3,1,1,4,4,6,6,4,4,1,5,5,1,17,3,10,3,1,B03,7,5,1,8,2,16,,85,85,1,13,4,120.71567,24.211344,2
3358,66000,387130000C,(04)23274275,(04)23288582,2025,7,10,7,50,臺中市,北屯區,0,1,0,5,3,6,50,4,1,1,4,4,6,6,1,1,10,5,5,2,16,3,10,3,1,B03,7,6,1,8,2,2,,11,11,1,13,4,120.668248,24.197949,2
3359,66000,387130000C,(04)23274275,(04)23288582,2025,7,10,7,50,臺中市,西屯區,0,0,0,5,,,30,,,,,,,,,,,,,,16,,,,,C03,,,1,,1,,,14,14,1,12,4,120.659642,24.196536,3
3360,66000,387130000C,(04)23274275,(04)23288582,2025,7,10,7,50,臺中市,沙鹿區,0,0,0,5,,,60,,,,,,,,,,,,,,,,,,,B03,,,1,,2,,,40,40,1,13,4,120.563246,24.240101,3
3361,66000,387130000C,(04)23274275,(04)23288582,2025,7,10,7,52,臺中市,潭子區,0,3,0,5,2,6,50,4,1,1,4,4,6,6,2,1,1,4,4,1,13,2,9,1,1,C03,7,9,1,10,9,11,,7,7,1,13,4,120.684962,24.216294,2
3362,66000,387130000C,(04)23274275,(04)23288582,2025,7,10,7,54,臺中市,西屯區,0,0,0,5,,,70,,,,,,,,,,,,,,13,,,,,B01,,,1,,1,,,7,7,1,12,4,120.593071,24.183041,3
3363,66000,387130000C,(04)23274275,(04)23288582,2025,7,10,8,0,臺中市,潭子區,0,1,0,5,3,6,50,3,1,1,4,4,6,6,4,4,5,5,5,2,18,2,1,2,1,C03,7,14,1,10,2,14,,54,54,1,13,4,120.699804,24.210195,2
3364,66000,387130000C,(04)23274275,(04)23288582,2025,7,10,8,0,臺中市,南屯區,0,0,0,5,,,50,,,,,,,,,,,,,,,,,,,B03,,,1,,1,,,7,7,1,6,4,120.623689,24.149602,3
3365,66000,387130000C,(04)23274275,(04)23288582,2025,7,10,8,1,臺中市,梧棲區,0,0,0,5,,,50,,,,,,,,,,,,,,12,,,,,B03,,,1,,1,,,8,8,1,6,4,120.528388,24.24023,3
3366,66000,387130000C,(04)23274275,(04)23288582,2025,7,10,8,4,臺中市,豐原區,0,1,0,5,3,6,60,13,8,1,4,4,6,6,4,4,1,4,4,1,18,2,9,1,4,C03,7,9,1,10,9,14,,84,84,1,12,4,120.727601,24.264851,2
3367,66000,387130000C,(04)23274275,(04)23288582,2025,7,10,8,7,臺中市,梧棲區,0,1,0,5,3,6,70,13,7,1,4,4,6,6,1,1,1,4,4,1,13,2,9,1,1,C03,7,9,1,10,2,11,,7,7,1,6,4,120.544798,24.227306,2
3368,66000,387130000C,(04)23274275,(04)23288582,2025,7,10,8,8,臺中市,西屯區,0,1,0,5,1,6,40,13,8,1,4,4,6,6,4,4,1,5,1,2,13,3,10,1,1,C03,7,9,1,10,2,11,,7,7,1,12,4,120.617096,24.182511,2