序號,縣市別代碼,機關代碼,市話,傳真,年,月,日,時,分,縣市,區,死亡數量,受傷數量,2-30,天候,道路照明設備,道路類別,道路速限,道路型態,事故位置,路面鋪裝,路面狀態,路面缺陷,障礙物,視距,號誌種類,號誌動作,分向設施,快車道或一般車道間,快慢車道間,路面邊線,事故類型及型態,受傷程度,主要傷處,保護裝備,行動電話或功能裝置,當事者區分(類別),車輛用途,當事者行動狀態,駕照狀態,駕照種類,飲酒情形,車輛撞擊部位最初,車輛撞擊部位其他,肇事因素個別,肇事因素主要,肇事逃逸,職業,共享經濟或外送平台,GPS座標X,GPS座標Y,事故類別
3481,66000,387130000C,(04)23274275,(04)23288582,2025,7,10,11,42,臺中市,沙鹿區,0,1,0,5,2,6,50,11,9,1,4,4,6,6,4,4,8,3,5,1,17,2,9,5,4,C03,7,9,1,10,2,12,,59,59,1,13,4,120.565183,24.24432,2
3482,66000,387130000C,(04)23274275,(04)23288582,2025,7,10,11,46,臺中市,西屯區,0,0,0,5,,,50,,,,,,,,,,,,,,16,,,,,C03,,,1,,1,,,51,51,1,12,4,120.63351,24.182195,3
3483,66000,387130000C,(04)23274275,(04)23288582,2025,7,10,11,48,臺中市,北區,0,1,0,5,2,6,50,4,1,1,4,4,6,6,1,1,10,5,5,2,17,2,9,1,1,C03,7,1,3,19,2,14,,51,51,1,12,4,120.67687,24.169919,2
3484,66000,387130000C,(04)23274275,(04)23288582,2025,7,10,11,50,臺中市,北屯區,0,0,0,5,,,50,,,,,,,,,,,,,,17,,,,,B03,,,1,,1,,,51,51,1,6,4,120.685617,24.175203,3
3485,66000,387130000C,(04)23274275,(04)23288582,2025,7,10,11,54,臺中市,北區,0,1,0,5,2,6,50,4,1,5,4,4,6,6,1,1,1,5,5,2,17,3,10,3,1,B03,7,15,1,8,2,15,,40,40,1,12,4,120.686725,24.165283,2
3486,66000,387130000C,(04)23274275,(04)23288582,2025,7,10,11,57,臺中市,西屯區,0,0,0,5,,,60,,,,,,,,,,,,,,13,,,,,B12,,,1,,1,,,7,7,1,12,4,120.619299,24.16845,3
3487,66000,387130000C,(04)23274275,(04)23288582,2025,7,10,12,0,臺中市,西區,0,0,0,5,,,50,,,,,,,,,,,,,,,,,,,B03,,,1,8,1,,,8,8,1,13,4,120.65708,24.136632,3
3488,66000,387130000C,(04)23274275,(04)23288582,2025,7,10,12,0,臺中市,太平區,0,1,0,7,3,6,30,13,9,1,4,4,6,6,4,4,10,5,5,2,18,2,9,1,1,C03,7,9,1,10,1,12,,84,84,1,13,4,120.734417,24.147105,2
3489,66000,387130000C,(04)23274275,(04)23288582,2025,7,10,12,1,臺中市,東區,0,0,0,5,,,50,,,,,,,,,,,,,,17,,,,,B01,,,1,,1,,,7,7,1,6,4,120.69212,24.151671,3
3490,66000,387130000C,(04)23274275,(04)23288582,2025,7,10,12,5,臺中市,大甲區,0,0,0,5,,,50,,,,,,,,,,,,,,,,,,,C03,,,1,,2,,,51,51,1,12,4,120.619688,24.345115,3
3491,66000,387130000C,(04)23274275,(04)23288582,2025,7,10,12,7,臺中市,西屯區,0,0,0,5,,,30,,,,,,,,,,,,,,17,,,,,B03,,,1,,1,,,59,59,1,12,4,120.637577,24.174653,3
3492,66000,387130000C,(04)23274275,(04)23288582,2025,7,10,12,7,臺中市,豐原區,0,1,0,5,2,6,50,5,1,1,4,4,6,6,1,1,5,4,5,1,17,3,10,3,1,B03,7,6,1,8,2,16,,11,11,1,12,4,120.720271,24.249505,2
3493,66000,387130000C,(04)23274275,(04)23288582,2025,7,10,12,9,臺中市,潭子區,0,0,0,5,,,50,,,,,,,,,,,,,,,,,,,B03,,,1,,2,,,51,51,1,13,4,120.700759,24.215258,3
3494,66000,387130000C,(04)23274275,(04)23288582,2025,7,10,12,9,臺中市,南屯區,0,1,0,5,1,6,50,4,2,1,3,4,6,6,2,1,5,4,4,2,17,2,9,2,1,C03,7,9,1,10,2,12,,84,84,1,12,4,120.633935,24.159498,2
3495,66000,387130000C,(04)23274275,(04)23288582,2025,7,10,12,9,臺中市,霧峰區,0,0,0,5,,,30,,,,,,,,,,,,,,17,,,,,,,,,,,,,86,86,1,,,120.693665,24.066349,3
3496,66000,387130000C,(04)23274275,(04)23288582,2025,7,10,12,10,臺中市,西屯區,0,0,0,5,,,40,,,,,,,,,,,,,,13,,,,,C03,,,1,,1,,,7,7,1,13,4,120.614123,24.183851,3
3497,66000,387130000C,(04)23274275,(04)23288582,2025,7,10,12,12,臺中市,太平區,0,1,0,5,3,6,50,5,9,1,4,4,6,6,2,1,5,2,5,2,18,2,9,2,1,C03,7,12,1,10,2,14,,84,84,1,12,4,120.722999,24.149399,2
3498,66000,387130000C,(04)23274275,(04)23288582,2025,7,10,12,14,臺中市,潭子區,0,0,0,5,,,50,,,,,,,,,,,,,,12,,,,,C03,,,1,,2,,,8,8,1,13,4,120.70185,24.207348,3
3499,66000,387130000C,(04)23274275,(04)23288582,2025,7,10,12,16,臺中市,西屯區,0,1,0,5,2,6,50,13,9,1,4,4,6,6,4,4,1,4,5,2,17,3,10,5,1,B12,7,13,1,8,2,15,,73,73,1,12,4,120.65488,24.168815,2
3500,66000,387130000C,(04)23274275,(04)23288582,2025,7,10,12,19,臺中市,西屯區,0,1,0,5,2,6,50,13,9,1,4,4,6,6,4,4,9,4,5,2,18,2,9,5,4,C03,7,9,1,10,2,14,,82,82,1,12,4,120.636493,24.16387,2
3501,66000,387130000C,(04)23274275,(04)23288582,2025,7,10,12,19,臺中市,霧峰區,0,0,0,5,,,50,,,,,,,,,,,,,,18,,,,,B12,,,1,,2,,,84,84,1,13,4,120.671425,24.04348,3
3502,66000,387130000C,(04)23274275,(04)23288582,2025,7,10,12,20,臺中市,潭子區,0,0,0,5,,,50,,,,,,,,,,,,,,,,,,,B12,,,1,,2,,,73,73,1,13,4,120.687179,24.213149,3
3503,66000,387130000C,(04)23274275,(04)23288582,2025,7,10,12,21,臺中市,北屯區,0,0,0,7,,,50,,,,,,,,,,,,,,,,,,,B03,,,1,,2,,,50,50,1,12,4,120.713551,24.164698,3
3504,66000,387130000C,(04)23274275,(04)23288582,2025,7,10,12,24,臺中市,東區,0,0,0,5,,,30,,,,,,,,,,,,,,,,,,,B12,,,1,,2,,,49,49,1,13,4,120.690842,24.145649,3
3505,66000,387130000C,(04)23274275,(04)23288582,2025,7,10,12,24,臺中市,西屯區,0,1,0,5,2,6,30,3,9,1,4,4,6,6,4,4,5,5,5,2,16,3,10,3,1,B03,7,6,1,8,2,1,,59,59,1,12,4,120.640672,24.178928,2
3506,66000,387130000C,(04)23274275,(04)23288582,2025,7,10,12,32,臺中市,南屯區,0,0,0,5,,,50,,,,,,,,,,,,,,12,,,,,B03,,,1,,1,,,2,2,1,13,4,120.622399,24.150084,3
3507,66000,387130000C,(04)23274275,(04)23288582,2025,7,10,12,35,臺中市,北屯區,0,0,0,5,,,50,,,,,,,,,,,,,,17,,,,,B03,,,1,,2,,,50,50,1,12,4,120.679613,24.171822,3
3508,66000,387130000C,(04)23274275,(04)23288582,2025,7,10,12,35,臺中市,沙鹿區,0,0,0,5,,,50,,,,,,,,,,,,,,13,,,,,B12,,,1,,1,,,59,59,1,6,4,120.552699,24.214909,3
3509,66000,387130000C,(04)23274275,(04)23288582,2025,7,10,12,39,臺中市,霧峰區,0,0,0,5,,,30,,,,,,,,,,,,,,17,,,,,B03,,,1,,2,,,90,90,1,13,4,120.732989,24.035214,3
3510,66000,387130000C,(04)23274275,(04)23288582,2025,7,10,12,40,臺中市,西屯區,0,1,0,5,2,6,40,4,1,1,4,4,6,6,2,1,10,5,5,2,16,3,10,3,1,B03,7,5,1,8,9,2,,85,85,1,12,4,120.643643,24.165818,2
3511,66000,387130000C,(04)23274275,(04)23288582,2025,7,10,12,40,臺中市,豐原區,0,1,0,6,1,6,50,5,1,1,5,4,6,6,1,1,5,4,4,2,3,3,10,3,1,B12,7,6,1,8,2,1,,10,10,1,6,4,120.72704,24.254037,2
3512,66000,387130000C,(04)23274275,(04)23288582,2025,7,10,12,45,臺中市,大甲區,0,1,0,5,2,6,50,4,1,1,4,4,6,6,1,1,10,5,5,2,16,3,10,3,1,B03,7,6,1,8,2,4,,42,42,1,6,4,120.633729,24.361061,2
3513,66000,387130000C,(04)23274275,(04)23288582,2025,7,10,12,47,臺中市,西區,0,2,0,5,1,6,50,4,1,1,4,4,6,6,4,4,10,5,5,2,17,2,9,5,4,C03,7,9,1,10,2,11,,7,7,1,12,4,120.65995,24.138322,2
3514,66000,387130000C,(04)23274275,(04)23288582,2025,7,10,12,59,臺中市,大里區,0,2,0,5,2,6,50,3,1,1,4,4,6,6,4,4,5,5,5,2,17,2,9,1,1,C03,7,1,1,10,2,14,,51,51,1,13,4,120.703847,24.107063,2
3515,66000,387130000C,(04)23274275,(04)23288582,2025,7,10,13,2,臺中市,西屯區,0,0,0,5,,,30,,,,,,,,,,,,,,14,,,,,B03,,,1,,2,,,49,49,1,12,4,120.64597,24.199555,3
3516,66000,387130000C,(04)23274275,(04)23288582,2025,7,10,13,4,臺中市,龍井區,0,1,0,5,2,6,50,13,9,1,4,4,6,6,4,4,10,5,5,2,16,3,10,3,1,B03,7,1,1,8,2,8,,51,51,1,6,4,120.589199,24.179993,2
3517,66000,387130000C,(04)23274275,(04)23288582,2025,7,10,13,5,臺中市,霧峰區,0,0,0,5,,,50,,,,,,,,,,,,,,17,,,,,A12,,,1,,2,,,49,49,1,13,4,120.700991,24.060584,3
3518,66000,387130000C,(04)23274275,(04)23288582,2025,7,10,13,16,臺中市,北屯區,0,0,0,5,,,50,,,,,,,,,,,,,,17,,,,,B03,,,1,,1,,,51,51,1,12,4,120.727218,24.174274,3
3519,66000,387130000C,(04)23274275,(04)23288582,2025,7,10,13,21,臺中市,西屯區,0,0,0,5,,,30,,,,,,,,,,,,,,16,,,,,B03,,,1,,1,,,12,12,1,13,4,120.637481,24.170724,3
3520,66000,387130000C,(04)23274275,(04)23288582,2025,7,10,13,22,臺中市,大雅區,0,1,0,5,1,6,30,5,1,1,4,4,6,6,3,1,10,5,5,1,15,3,10,3,1,B03,7,9,1,8,2,2,,24,24,1,12,4,120.640657,24.23734,2
3521,66000,387130000C,(04)23274275,(04)23288582,2025,7,10,13,23,臺中市,西屯區,0,1,0,5,2,6,30,13,9,1,4,4,6,6,4,4,10,5,5,2,18,2,9,1,1,C03,7,9,1,10,2,14,,59,59,1,12,4,120.619357,24.196026,2
3522,66000,387130000C,(04)23274275,(04)23288582,2025,7,10,13,25,臺中市,南區,0,1,0,5,2,6,50,4,1,1,4,4,6,6,1,1,10,5,5,2,17,3,10,5,4,B03,7,11,1,8,2,2,,45,45,1,13,4,120.660534,24.116903,2
3523,66000,387130000C,(04)23274275,(04)23288582,2025,7,10,13,32,臺中市,南屯區,0,0,0,5,,,50,,,,,,,,,,,,,,,,,,,B03,,,1,,1,,,84,84,1,13,4,120.623185,24.149671,3
3524,66000,387130000C,(04)23274275,(04)23288582,2025,7,10,13,34,臺中市,西屯區,0,1,0,5,2,6,50,4,1,1,4,4,6,6,1,1,10,5,5,2,17,3,10,5,4,B03,7,5,1,8,2,5,2,47,47,1,12,4,120.625002,24.182084,2
3525,66000,387130000C,(04)23274275,(04)23288582,2025,7,10,13,35,臺中市,西屯區,0,1,0,5,2,6,50,13,8,1,4,4,6,6,4,4,1,4,5,2,13,2,9,2,1,C03,7,9,2,19,2,11,,7,7,1,12,4,120.634583,24.180428,2
3526,66000,387130000C,(04)23274275,(04)23288582,2025,7,10,13,36,臺中市,西區,0,1,0,5,2,6,50,3,2,1,4,4,6,6,4,4,1,4,5,1,18,2,9,2,1,C03,7,12,1,8,2,14,,84,84,1,13,4,120.66128,24.155957,2
3527,66000,387130000C,(04)23274275,(04)23288582,2025,7,10,13,36,臺中市,北區,0,1,0,5,2,6,50,13,9,1,4,4,6,6,4,4,3,5,5,2,13,2,9,1,1,C03,7,9,1,10,2,11,,7,7,1,12,4,120.68266,24.162933,2
3528,66000,387130000C,(04)23274275,(04)23288582,2025,7,10,13,36,臺中市,西屯區,0,0,0,5,,,50,,,,,,,,,,,,,,13,,,,,B03,,,1,,1,,,56,56,1,12,4,120.625462,24.178581,3
3529,66000,387130000C,(04)23274275,(04)23288582,2025,7,10,13,40,臺中市,西區,0,0,0,5,,,50,,,,,,,,,,,,,,,,,,,A11,,,1,3,1,,,39,39,1,13,4,120.664092,24.146212,3
3530,66000,387130000C,(04)23274275,(04)23288582,2025,7,10,13,40,臺中市,西屯區,0,2,0,5,2,6,30,3,1,1,4,4,6,6,4,4,10,5,5,2,16,2,8,1,1,C03,7,5,1,8,2,11,,14,14,1,13,4,120.66452,24.165031,2
3531,66000,387130000C,(04)23274275,(04)23288582,2025,7,10,13,40,臺中市,烏日區,0,0,0,6,,,30,,,,,,,,,,,,,,,,,,,B03,,,1,,1,,,47,47,1,13,4,120.607048,24.108443,3
3532,66000,387130000C,(04)23274275,(04)23288582,2025,7,10,13,42,臺中市,北區,0,0,0,5,2,6,50,13,8,1,4,4,6,6,4,4,1,4,4,2,17,3,10,3,1,B03,7,9,1,8,2,5,,56,56,1,12,4,120.688122,24.146537,3
3533,66000,387130000C,(04)23274275,(04)23288582,2025,7,10,13,45,臺中市,豐原區,0,2,0,5,2,6,50,4,4,1,4,4,6,6,1,1,1,4,4,1,17,2,9,1,1,C03,7,9,1,10,2,11,,84,84,1,12,4,120.734981,24.246588,2
3534,66000,387130000C,(04)23274275,(04)23288582,2025,7,10,13,48,臺中市,大里區,0,0,0,5,,,50,,,,,,,,,,,,,,13,,,,,B03,,,1,,2,,,84,84,1,12,4,120.690962,24.091869,3
3535,66000,387130000C,(04)23274275,(04)23288582,2025,7,10,13,50,臺中市,南屯區,0,1,0,5,1,6,50,4,1,1,4,4,6,6,2,1,10,5,5,2,17,3,10,3,1,B03,7,7,1,8,2,16,,40,40,1,6,4,120.646681,24.153613,2
3536,66000,387130000C,(04)23274275,(04)23288582,2025,7,10,13,51,臺中市,北屯區,0,0,0,5,,,30,,,,,,,,,,,,,,17,,,,,B03,,,1,,9,,,84,84,1,6,4,120.669591,24.186983,3
3537,66000,387130000C,(04)23274275,(04)23288582,2025,7,10,13,54,臺中市,南屯區,0,1,0,5,2,6,50,4,2,1,4,4,6,6,4,4,10,5,5,2,17,3,10,3,1,B03,7,5,1,8,9,16,,47,47,1,12,4,120.646586,24.126008,2
3538,66000,387130000C,(04)23274275,(04)23288582,2025,7,10,13,56,臺中市,南區,0,0,0,5,,,50,,,,,,,,,,,,,,13,,,,,B03,,,1,,1,,,7,7,1,13,4,120.648649,24.114557,3
3539,66000,387130000C,(04)23274275,(04)23288582,2025,7,10,13,58,臺中市,西屯區,0,1,0,5,2,6,50,13,9,1,4,4,6,6,4,4,3,4,5,2,17,2,9,2,2,C03,7,9,1,10,2,14,11,59,59,1,12,4,120.645095,24.170875,2
3540,66000,387130000C,(04)23274275,(04)23288582,2025,7,10,14,0,臺中市,東區,0,1,0,5,2,6,50,3,1,1,4,4,6,6,4,4,10,5,5,2,16,3,10,3,1,B03,7,6,1,8,2,4,,12,12,1,12,4,120.700999,24.135767,2
3541,66000,387130000C,(04)23274275,(04)23288582,2025,7,10,14,2,臺中市,南區,0,0,0,5,,,50,,,,,,,,,,,,,,17,,,,,B03,,,1,,1,,,50,50,1,12,4,120.657872,24.125409,3
3542,66000,387130000C,(04)23274275,(04)23288582,2025,7,10,14,6,臺中市,北區,0,1,0,5,2,6,50,4,1,1,4,4,6,6,1,1,2,4,5,2,13,2,9,5,1,C03,7,9,1,10,2,11,,7,7,1,13,4,120.677303,24.151254,2
3543,66000,387130000C,(04)23274275,(04)23288582,2025,7,10,14,8,臺中市,北屯區,0,1,0,5,3,6,40,4,1,1,4,4,6,6,4,4,10,5,5,2,15,3,10,3,1,B03,7,9,1,8,2,4,,12,12,1,6,4,120.699201,24.185904,2
3544,66000,387130000C,(04)23274275,(04)23288582,2025,7,10,14,9,臺中市,清水區,0,0,0,7,2,6,50,3,1,1,5,4,6,6,4,4,8,3,5,1,14,,,,,B03,,,1,,1,,,49,49,1,12,4,120.569425,24.272917,3
3545,66000,387130000C,(04)23274275,(04)23288582,2025,7,10,14,10,臺中市,北區,0,0,0,5,,,50,,,,,,,,,,,,,,,,,,,B03,,,1,,2,,,84,84,1,13,4,120.671255,24.167494,3
3546,66000,387130000C,(04)23274275,(04)23288582,2025,7,10,14,19,臺中市,西屯區,0,0,0,5,,,50,,,,,,,,,,,,,,13,,,,,B12,,,1,,2,,,59,59,1,12,4,120.602633,24.182917,3
3547,66000,387130000C,(04)23274275,(04)23288582,2025,7,10,14,22,臺中市,北區,0,1,0,5,2,6,50,3,1,1,4,4,6,6,1,1,10,5,5,2,16,3,10,5,4,B03,7,5,1,8,2,5,,47,47,1,13,4,120.6724,24.144877,2
3548,66000,387130000C,(04)23274275,(04)23288582,2025,7,10,14,23,臺中市,西屯區,0,0,0,6,,,50,,,,,,,,,,,,,,13,,,,,B03,,,1,,1,,,7,7,1,13,4,120.635442,24.182538,3
3549,66000,387130000C,(04)23274275,(04)23288582,2025,7,10,14,27,臺中市,西屯區,0,1,0,5,2,6,50,13,8,1,4,4,6,6,4,4,1,4,4,2,17,3,10,3,1,B03,7,1,1,8,2,4,,51,51,1,12,4,120.638122,24.164257,2
3550,66000,387130000C,(04)23274275,(04)23288582,2025,7,10,14,30,臺中市,神岡區,0,0,0,7,1,9,30,3,1,1,4,4,6,1,4,4,10,5,5,2,11,,,,,B03,,,1,,1,,,8,8,1,12,4,120.681076,24.25221,3
3551,66000,387130000C,(04)23274275,(04)23288582,2025,7,10,14,31,臺中市,東區,0,1,0,5,3,6,50,4,1,1,4,4,6,6,3,1,10,5,5,2,16,2,8,2,1,C03,7,6,1,10,2,11,,24,24,1,13,4,120.699079,24.142117,2
3552,66000,387130000C,(04)23274275,(04)23288582,2025,7,10,14,32,臺中市,東區,0,1,0,6,2,6,50,3,2,1,4,4,6,6,4,4,10,5,5,2,12,2,8,2,1,C03,7,15,1,10,2,14,,43,43,1,13,4,120.684563,24.132211,2
3553,66000,387130000C,(04)23274275,(04)23288582,2025,7,10,14,32,臺中市,南區,0,0,0,5,,,50,,,,,,,,,,,,,,13,,,,,C03,,,1,,1,,,7,7,1,13,4,120.669347,24.118942,3
3554,66000,387130000C,(04)23274275,(04)23288582,2025,7,10,14,32,臺中市,西屯區,0,0,0,5,,,50,,,,,,,,,,,,,,13,,,,,B03,,,1,,2,,,7,7,1,12,4,120.651124,24.164565,3
3555,66000,387130000C,(04)23274275,(04)23288582,2025,7,10,14,38,臺中市,豐原區,0,0,0,5,,,50,,,,,,,,,,,,,,15,,,,,C03,,,1,,2,,,12,12,1,13,4,120.715683,24.249229,3
3556,66000,387130000C,(04)23274275,(04)23288582,2025,7,10,14,41,臺中市,清水區,0,1,0,6,3,6,60,3,1,1,4,4,6,6,1,1,1,4,5,1,17,3,10,3,1,B03,7,6,3,19,11,16,,85,85,1,12,4,120.564142,24.316915,2
3557,66000,387130000C,(04)23274275,(04)23288582,2025,7,10,14,42,臺中市,新社區,0,2,0,5,2,6,30,4,1,1,4,4,6,6,4,4,10,5,5,2,15,2,9,5,4,C03,7,9,1,10,2,11,,15,15,1,13,4,120.804938,24.219299,2
3558,66000,387130000C,(04)23274275,(04)23288582,2025,7,10,14,43,臺中市,南屯區,0,0,0,5,3,6,50,13,9,1,4,4,6,6,4,4,5,5,5,2,12,,,,,B03,,,1,,9,,,50,50,1,12,4,120.648879,24.142824,3
3559,66000,387130000C,(04)23274275,(04)23288582,2025,7,10,14,50,臺中市,西屯區,0,0,0,6,,,50,,,,,,,,,,,,,,12,,,,,B03,,,1,,2,,,35,35,1,12,4,120.655409,24.199934,3
3560,66000,387130000C,(04)23274275,(04)23288582,2025,7,10,14,58,臺中市,太平區,0,1,0,5,2,6,50,3,2,1,4,4,6,6,4,4,5,4,5,1,18,2,9,2,1,C03,7,9,1,10,2,14,,84,84,1,13,4,120.729878,24.127512,2
3561,66000,387130000C,(04)23274275,(04)23288582,2025,7,10,14,59,臺中市,霧峰區,0,0,0,7,,,50,,,,,,,,,,,,,,,,,,,B03,,,1,,2,,,8,8,1,12,4,120.69772,24.063154,4
3562,66000,387130000C,(04)23274275,(04)23288582,2025,7,10,14,59,臺中市,沙鹿區,0,1,0,5,2,6,50,4,2,1,4,4,6,6,4,4,8,3,5,2,17,3,10,5,4,B03,7,9,1,8,2,16,,15,15,1,13,4,120.557375,24.231983,2
3563,66000,387130000C,(04)23274275,(04)23288582,2025,7,10,15,0,臺中市,西屯區,0,1,0,5,2,6,40,13,11,1,4,4,6,6,4,4,10,5,5,2,18,2,9,1,1,C03,7,9,1,10,9,14,,82,82,1,12,4,120.634439,24.175761,2
3564,66000,387130000C,(04)23274275,(04)23288582,2025,7,10,15,0,臺中市,沙鹿區,0,0,0,7,,,40,,,,,,,,,,,,,,13,,,,,C03,,,1,,2,,,7,7,1,12,4,120.577992,24.2234,4
3565,66000,387130000C,(04)23274275,(04)23288582,2025,7,10,15,4,臺中市,南區,0,1,0,5,3,6,50,4,1,1,4,4,6,6,1,1,10,5,5,2,18,2,9,5,4,C03,7,9,1,10,2,12,,84,84,1,12,4,120.685038,24.12957,2
3566,66000,387130000C,(04)23274275,(04)23288582,2025,7,10,15,5,臺中市,東區,0,0,0,5,,,40,,,,,,,,,,,,,,14,,,,,B12,,,1,,1,,,50,50,1,13,4,120.689994,24.132496,3
3567,66000,387130000C,(04)23274275,(04)23288582,2025,7,10,15,6,臺中市,北屯區,0,0,0,7,,,50,,,,,,,,,,,,,,20,,,,,A04,,,1,,2,,,47,47,1,6,4,120.685498,24.172177,3
3568,66000,387130000C,(04)23274275,(04)23288582,2025,7,10,15,7,臺中市,霧峰區,0,0,0,5,,,30,,,,,,,,,,,,,,17,,,,,B03,,,1,7,2,,,84,84,1,13,4,120.710846,24.08021,3
3569,66000,387130000C,(04)23274275,(04)23288582,2025,7,10,15,8,臺中市,北屯區,0,0,0,5,,,30,,,,,,,,,,,,,,14,,,,,B03,,,1,,1,6,,49,49,1,12,4,120.684245,24.194063,3
3570,66000,387130000C,(04)23274275,(04)23288582,2025,7,10,15,10,臺中市,西屯區,0,0,0,6,,,50,,,,,,,,,,,,,,17,,,,,B03,,,1,,2,,,50,50,1,12,4,120.618598,24.183438,3
3571,66000,387130000C,(04)23274275,(04)23288582,2025,7,10,15,12,臺中市,北區,0,0,0,7,3,6,50,13,9,1,4,4,6,6,4,4,2,5,5,2,13,,,,,B03,,,1,,1,,,59,59,1,13,4,120.682321,24.14533,3
3572,66000,387130000C,(04)23274275,(04)23288582,2025,7,10,15,17,臺中市,南區,0,3,0,5,2,6,50,3,4,1,4,4,6,6,2,1,1,4,5,2,13,2,9,2,1,C03,7,9,1,10,2,11,,82,82,1,12,4,120.679244,24.122597,2
3573,66000,387130000C,(04)23274275,(04)23288582,2025,7,10,15,20,臺中市,潭子區,0,2,0,5,2,6,30,5,1,1,4,4,6,6,4,4,5,5,5,1,15,2,9,2,1,C03,7,1,1,10,2,14,,12,12,1,12,4,120.695744,24.224201,2
3574,66000,387130000C,(04)23274275,(04)23288582,2025,7,10,15,20,臺中市,南屯區,0,0,0,5,3,6,50,13,9,1,4,4,6,6,4,4,3,4,5,2,24,,,,,B03,,,1,,2,,,58,58,1,12,4,120.638124,24.148364,3
3575,66000,387130000C,(04)23274275,(04)23288582,2025,7,10,15,20,臺中市,神岡區,0,0,0,7,,,30,,,,,,,,,,,,,,17,,,,,B12,,,1,,2,,,59,59,1,13,4,120.696049,24.247818,3
3576,66000,387130000C,(04)23274275,(04)23288582,2025,7,10,15,26,臺中市,神岡區,0,2,0,6,1,6,50,5,1,1,5,4,6,6,1,1,10,5,5,1,16,2,9,1,1,F01,7,5,7,21,2,14,,47,47,1,12,4,120.660603,24.269936,2
3577,66000,387130000C,(04)23274275,(04)23288582,2025,7,10,15,27,臺中市,大雅區,0,0,0,6,,,0,,,,,,,,,,,,,,14,,,,,B03,,,1,,9,,,49,49,1,13,4,120.630642,24.210554,3
3578,66000,387130000C,(04)23274275,(04)23288582,2025,7,10,15,29,臺中市,西區,0,0,0,5,,,50,,,,,,,,,,,,,,,,,,,B03,,,1,,2,,,84,84,1,12,4,120.661176,24.150598,3
3579,66000,387130000C,(04)23274275,(04)23288582,2025,7,10,15,35,臺中市,梧棲區,0,1,0,5,2,6,30,3,1,1,4,4,6,6,4,4,10,5,5,1,16,3,10,3,1,B12,7,5,1,8,2,2,,12,12,1,6,4,120.551588,24.243878,2
3580,66000,387130000C,(04)23274275,(04)23288582,2025,7,10,15,36,臺中市,西屯區,0,0,0,5,,,50,,,,,,,,,,,,,,12,,,,,B03,,,1,,1,,,8,8,1,12,4,120.63719,24.181083,3
3581,66000,387130000C,(04)23274275,(04)23288582,2025,7,10,15,43,臺中市,西區,0,1,0,5,2,6,50,13,9,1,4,4,6,6,4,4,1,4,4,1,18,2,9,2,1,C03,7,9,1,10,2,12,,84,84,1,13,4,120.667136,24.141602,2
3582,66000,387130000C,(04)23274275,(04)23288582,2025,7,10,15,43,臺中市,南屯區,0,0,0,5,,,60,,,,,,,,,,,,,,,,,,,B03,,,3,,1,,,84,84,1,13,4,120.623139,24.14608,3
3583,66000,387130000C,(04)23274275,(04)23288582,2025,7,10,15,44,臺中市,大甲區,0,1,0,5,1,6,50,13,9,1,4,4,6,6,4,4,5,4,5,1,17,3,10,1,1,C03,7,1,1,10,2,11,,51,51,1,12,4,120.652763,24.389196,2
3584,66000,387130000C,(04)23274275,(04)23288582,2025,7,10,15,46,臺中市,北屯區,0,0,0,6,,,50,,,,,,,,,,,,,,14,,,,,C03,,,1,,1,,,49,49,1,13,4,120.688177,24.181375,3
3585,66000,387130000C,(04)23274275,(04)23288582,2025,7,10,15,47,臺中市,潭子區,0,2,0,6,3,6,50,4,1,1,5,4,6,6,4,4,5,4,4,2,17,2,8,2,1,C03,7,6,1,10,2,14,,48,48,1,13,4,120.702234,24.211654,2
3586,66000,387130000C,(04)23274275,(04)23288582,2025,7,10,15,48,臺中市,北區,0,0,0,7,,,30,,,,,,,,,,,,,,17,,,,,B12,,,1,,1,,,49,49,1,13,4,120.689214,24.147593,3
3587,66000,387130000C,(04)23274275,(04)23288582,2025,7,10,15,51,臺中市,東區,0,0,0,5,,,50,,,,,,,,,,,,,,,,,,,B12,,,1,,1,,,50,50,1,13,4,120.699665,24.142607,3
3588,66000,387130000C,(04)23274275,(04)23288582,2025,7,10,15,51,臺中市,西屯區,0,1,0,6,2,6,50,4,1,1,4,4,6,6,4,4,10,5,5,2,15,2,9,2,1,C03,7,9,1,10,2,12,,15,15,1,5,4,120.642368,24.175274,2
3589,66000,387130000C,(04)23274275,(04)23288582,2025,7,10,15,51,臺中市,梧棲區,0,1,0,6,3,6,50,5,1,1,4,4,6,6,4,4,10,5,5,2,18,2,9,1,1,C03,7,6,1,10,2,16,,87,87,1,6,4,120.547723,24.258706,2
3590,66000,387130000C,(04)23274275,(04)23288582,2025,7,10,15,52,臺中市,大甲區,0,0,0,5,2,6,30,18,24,1,4,4,6,6,4,4,1,3,4,1,16,,,,,B03,,,1,,1,,,20,20,1,12,4,120.616663,24.346616,3
3591,66000,387130000C,(04)23274275,(04)23288582,2025,7,10,15,53,臺中市,大甲區,0,0,0,7,,,50,,,,,,,,,,,,,,13,,,,,C03,,,1,,2,,,84,84,1,6,4,120.622461,24.342816,3