序號,縣市別代碼,機關代碼,市話,傳真,年,月,日,時,分,縣市,區,死亡數量,受傷數量,2-30,天候,道路照明設備,道路類別,道路速限,道路型態,事故位置,路面鋪裝,路面狀態,路面缺陷,障礙物,視距,號誌種類,號誌動作,分向設施,快車道或一般車道間,快慢車道間,路面邊線,事故類型及型態,受傷程度,主要傷處,保護裝備,行動電話或功能裝置,當事者區分(類別),車輛用途,當事者行動狀態,駕照狀態,駕照種類,飲酒情形,車輛撞擊部位最初,車輛撞擊部位其他,肇事因素個別,肇事因素主要,肇事逃逸,職業,共享經濟或外送平台,GPS座標X,GPS座標Y,事故類別
3592,66000,387130000C,(04)23274275,(04)23288582,2025,7,10,15,55,臺中市,后里區,0,1,0,5,2,6,50,11,9,1,4,4,6,6,4,4,10,5,5,2,18,2,9,1,1,C03,7,6,1,10,9,14,,59,59,1,12,4,120.733786,24.33238,2
3593,66000,387130000C,(04)23274275,(04)23288582,2025,7,10,15,58,臺中市,北區,0,1,0,6,2,6,50,13,9,1,4,4,6,6,4,4,5,5,5,2,17,3,10,3,1,B03,7,1,1,8,2,4,,51,51,1,12,4,120.686248,24.152161,2
3594,66000,387130000C,(04)23274275,(04)23288582,2025,7,10,15,59,臺中市,龍井區,0,0,0,5,,,30,,,,,,,,,,,,,,,,,,,C03,,,1,,1,,,7,7,1,6,4,120.548811,24.19419,4
3595,66000,387130000C,(04)23274275,(04)23288582,2025,7,10,16,0,臺中市,北屯區,0,0,0,7,,,50,,,,,,,,,,,,,,9,,,,,B03,,,1,,1,,,7,7,1,6,4,120.722612,24.179916,3
3596,66000,387130000C,(04)23274275,(04)23288582,2025,7,10,16,2,臺中市,南區,0,1,0,5,3,6,50,13,7,1,4,4,6,6,4,4,5,4,4,2,13,2,9,5,4,C03,7,9,1,10,2,11,,7,7,1,12,4,120.682282,24.134315,2
3597,66000,387130000C,(04)23274275,(04)23288582,2025,7,10,16,5,臺中市,沙鹿區,0,1,0,6,2,6,40,13,12,1,5,4,6,6,4,4,1,3,4,1,18,2,8,2,1,C03,7,9,1,10,2,14,,84,84,1,12,4,120.56964,24.239983,2
3598,66000,387130000C,(04)23274275,(04)23288582,2025,7,10,16,7,臺中市,太平區,0,0,0,5,,,30,,,,,,,,,,,,,,,,,,,B03,,,1,,2,,,49,49,1,12,4,120.733038,24.122755,3
3599,66000,387130000C,(04)23274275,(04)23288582,2025,7,10,16,8,臺中市,外埔區,0,0,0,5,2,6,30,13,9,1,4,4,6,6,4,4,10,5,5,1,25,3,10,3,1,B12,7,9,1,8,2,2,,84,84,1,12,4,120.663182,24.339554,3
3600,66000,387130000C,(04)23274275,(04)23288582,2025,7,10,16,9,臺中市,北區,0,1,0,5,3,6,50,3,1,1,4,4,6,6,2,1,10,5,5,2,18,2,9,5,4,C03,7,5,1,10,2,12,,43,43,1,13,4,120.686424,24.147294,2
3601,66000,387130000C,(04)23274275,(04)23288582,2025,7,10,16,14,臺中市,北屯區,0,0,0,6,,,40,,,,,,,,,,,,,,14,,,,,B03,,,1,,1,,,49,49,1,6,4,120.683582,24.189403,3
3602,66000,387130000C,(04)23274275,(04)23288582,2025,7,10,16,14,臺中市,烏日區,0,2,0,6,2,6,50,3,4,1,4,4,6,6,1,1,1,4,4,2,13,2,9,5,4,C03,7,9,1,10,2,11,,7,7,1,12,4,120.627384,24.108772,2
3603,66000,387130000C,(04)23274275,(04)23288582,2025,7,10,16,15,臺中市,太平區,0,1,0,6,2,6,50,4,1,1,5,4,6,6,4,4,10,5,5,2,14,2,1,5,4,B12,7,2,1,6,2,7,6,49,49,1,12,4,120.703094,24.149076,2
3604,66000,387130000C,(04)23274275,(04)23288582,2025,7,10,16,16,臺中市,北屯區,0,0,0,7,,,50,,,,,,,,,,,,,,,,,,,B02,,,1,,2,,,84,84,1,13,4,120.695134,24.180185,3
3605,66000,387130000C,(04)23274275,(04)23288582,2025,7,10,16,19,臺中市,東區,0,0,0,5,,,50,,,,,,,,,,,,,,12,,,,,B03,,,1,,1,,,40,40,1,13,4,120.693573,24.147967,3
3606,66000,387130000C,(04)23274275,(04)23288582,2025,7,10,16,19,臺中市,東區,0,1,0,6,2,6,50,13,9,1,5,4,6,6,4,4,5,4,5,1,17,3,10,2,1,C03,7,7,1,10,2,11,,40,40,1,12,4,120.701558,24.124964,2
3607,66000,387130000C,(04)23274275,(04)23288582,2025,7,10,16,22,臺中市,大雅區,0,0,0,6,,,60,,,,,,,,,,,,,,13,,,,,C03,,,1,,2,,,84,84,1,12,4,120.645263,24.225553,3
3608,66000,387130000C,(04)23274275,(04)23288582,2025,7,10,16,26,臺中市,北區,0,1,0,7,2,6,50,4,1,1,5,4,6,6,1,1,5,4,5,2,17,3,10,5,1,B03,7,9,1,8,2,5,,42,42,1,13,4,120.684912,24.166887,2
3609,66000,387130000C,(04)23274275,(04)23288582,2025,7,10,16,30,臺中市,大雅區,0,2,0,5,2,6,30,4,1,1,4,4,6,6,4,4,10,5,5,1,16,2,8,1,1,C03,7,6,1,10,2,12,,87,87,1,13,4,120.657155,24.226387,2
3610,66000,387130000C,(04)23274275,(04)23288582,2025,7,10,16,35,臺中市,梧棲區,0,0,0,5,,,40,,,,,,,,,,,,,,16,,,,,B03,,,1,,1,,,11,11,1,12,4,120.544229,24.246837,3
3611,66000,387130000C,(04)23274275,(04)23288582,2025,7,10,16,36,臺中市,霧峰區,0,0,0,5,,,40,,,,,,,,,,,,,,,,,,,B03,,,1,,1,,,49,49,1,13,4,120.699103,24.069552,3
3612,66000,387130000C,(04)23274275,(04)23288582,2025,7,10,16,43,臺中市,北區,0,0,0,5,3,6,50,13,9,1,4,4,6,6,4,4,10,5,5,2,13,,,,,B01,,,1,,1,,,7,7,1,13,4,120.671548,24.164797,3
3613,66000,387130000C,(04)23274275,(04)23288582,2025,7,10,16,45,臺中市,龍井區,0,0,0,7,,,30,,,,,,,,,,,,,,,,,,,B03,,,1,,2,,,49,49,1,13,4,120.545874,24.18078,3
3614,66000,387130000C,(04)23274275,(04)23288582,2025,7,10,16,46,臺中市,東區,0,1,0,6,3,6,50,4,9,1,4,4,6,6,1,1,5,5,5,2,16,3,10,5,4,C03,7,1,1,10,2,13,,51,51,1,6,4,120.7075,24.144478,2
3615,66000,387130000C,(04)23274275,(04)23288582,2025,7,10,16,46,臺中市,北屯區,0,1,0,6,2,6,50,13,9,1,4,4,6,6,4,4,5,5,5,2,13,3,10,3,1,B03,7,12,1,8,2,8,,84,84,1,12,4,120.701606,24.186747,2
3616,66000,387130000C,(04)23274275,(04)23288582,2025,7,10,16,50,臺中市,沙鹿區,0,1,0,5,2,6,60,3,9,1,4,4,6,6,1,1,2,4,4,2,12,3,10,3,1,B03,7,5,1,8,2,2,,26,26,1,12,4,120.556112,24.212822,2
3617,66000,387130000C,(04)23274275,(04)23288582,2025,7,10,16,52,臺中市,北屯區,0,1,0,7,2,6,50,3,1,1,5,4,6,6,2,1,4,3,5,2,16,3,10,3,1,B03,7,5,1,5,2,2,,26,26,1,13,4,120.697928,24.164855,2
3618,66000,387130000C,(04)23274275,(04)23288582,2025,7,10,16,58,臺中市,龍井區,0,0,0,7,,,50,,,,,,,,,,,,,,13,,,,,B03,,,1,,1,,,7,7,1,6,4,120.57426,24.196035,3
3619,66000,387130000C,(04)23274275,(04)23288582,2025,7,10,17,5,臺中市,南屯區,0,0,0,7,,,50,,,,,,,,,,,,,,,,,,,B03,,,1,,2,,,84,84,1,12,4,120.651453,24.137989,3
3620,66000,387130000C,(04)23274275,(04)23288582,2025,7,10,17,5,臺中市,西屯區,0,0,0,5,,,50,,,,,,,,,,,,,,12,,,,,B03,,,1,,1,,,8,8,1,12,4,120.661401,24.201354,3
3621,66000,387130000C,(04)23274275,(04)23288582,2025,7,10,17,6,臺中市,龍井區,0,0,0,7,,,50,,,,,,,,,,,,,,,,,,,B03,,,1,,1,,,7,7,1,12,4,120.517818,24.217902,3
3622,66000,387130000C,(04)23274275,(04)23288582,2025,7,10,17,6,臺中市,龍井區,0,1,0,7,2,6,50,13,9,1,5,4,6,6,4,4,9,5,5,1,16,3,10,1,1,C03,7,6,1,10,2,15,,34,34,1,6,4,120.582484,24.177517,2
3623,66000,387130000C,(04)23274275,(04)23288582,2025,7,10,17,10,臺中市,龍井區,0,0,0,6,,,30,,,,,,,,,,,,,,14,,,,,B03,,,1,,1,,,49,49,1,6,4,120.583576,24.180992,3
3624,66000,387130000C,(04)23274275,(04)23288582,2025,7,10,17,11,臺中市,北屯區,0,1,0,5,3,6,50,4,1,1,4,4,6,6,2,1,10,5,5,2,16,3,10,3,1,B03,7,6,1,8,2,2,,11,11,1,6,4,120.682027,24.180402,2
3625,66000,387130000C,(04)23274275,(04)23288582,2025,7,10,17,11,臺中市,后里區,0,0,0,5,2,6,30,3,1,1,4,4,6,6,4,4,10,5,5,1,11,3,10,3,1,B03,7,6,1,8,1,4,,41,41,1,12,4,120.721957,24.292126,3
3626,66000,387130000C,(04)23274275,(04)23288582,2025,7,10,17,12,臺中市,大雅區,0,2,0,5,2,6,50,4,1,1,4,4,6,6,1,1,5,5,5,1,16,2,9,1,1,C03,7,6,1,10,2,11,,48,48,1,13,4,120.653604,24.224248,2
3627,66000,387130000C,(04)23274275,(04)23288582,2025,7,10,17,15,臺中市,北區,0,1,0,6,2,6,50,4,1,1,4,4,6,6,4,4,10,5,5,2,15,3,10,1,1,C03,7,9,3,19,2,12,,15,15,1,12,4,120.697348,24.15759,2
3628,66000,387130000C,(04)23274275,(04)23288582,2025,7,10,17,15,臺中市,梧棲區,0,1,0,5,2,6,40,4,1,1,4,4,6,6,1,1,10,5,5,2,16,3,10,3,1,B03,7,5,1,8,2,2,,11,11,1,12,4,120.518341,24.225258,2
3629,66000,387130000C,(04)23274275,(04)23288582,2025,7,10,17,19,臺中市,南區,0,0,0,7,,,40,,,,,,,,,,,,,,14,,,,,B03,,,1,,1,,,49,49,1,13,4,120.656615,24.119111,3
3630,66000,387130000C,(04)23274275,(04)23288582,2025,7,10,17,19,臺中市,烏日區,0,1,0,7,2,6,70,4,19,1,5,4,6,6,2,1,10,5,5,2,3,3,10,3,1,B03,7,6,1,8,2,1,,10,10,1,6,4,120.59002,24.11338,2
3631,66000,387130000C,(04)23274275,(04)23288582,2025,7,10,17,20,臺中市,太平區,0,0,0,5,,,50,,,,,,,,,,,,,,,,,,,B03,,,3,,2,,,58,58,1,12,4,120.726119,24.149824,3
3632,66000,387130000C,(04)23274275,(04)23288582,2025,7,10,17,23,臺中市,北區,0,1,0,6,2,6,50,4,2,1,4,4,6,6,1,1,5,5,5,2,17,3,10,5,1,B03,7,9,1,8,2,5,,7,7,1,13,4,120.677303,24.151254,2
3633,66000,387130000C,(04)23274275,(04)23288582,2025,7,10,17,24,臺中市,東區,0,0,0,7,,,50,,,,,,,,,,,,,,16,,,,,B12,,,1,,2,,,84,84,1,12,4,120.706386,24.136763,4
3634,66000,387130000C,(04)23274275,(04)23288582,2025,7,10,17,24,臺中市,西屯區,0,0,0,7,,,50,,,,,,,,,,,,,,17,,,,,B03,,,1,,1,,,84,84,1,12,4,120.638278,24.159295,3
3635,66000,387130000C,(04)23274275,(04)23288582,2025,7,10,17,24,臺中市,西屯區,0,0,0,6,,,60,,,,,,,,,,,,,,,,,,,C03,,,1,,1,,,8,8,1,12,4,120.646765,24.157944,3
3636,66000,387130000C,(04)23274275,(04)23288582,2025,7,10,17,25,臺中市,北屯區,0,2,0,7,3,6,30,13,9,1,5,4,6,6,4,4,10,5,5,2,12,2,9,4,1,F01,7,6,7,21,1,14,,48,48,1,3,4,120.696728,24.178534,2
3637,66000,387130000C,(04)23274275,(04)23288582,2025,7,10,17,26,臺中市,龍井區,0,0,0,7,,,50,,,,,,,,,,,,,,,,,,,C03,,,1,,2,,,7,7,1,12,4,120.546073,24.195428,3
3638,66000,387130000C,(04)23274275,(04)23288582,2025,7,10,17,27,臺中市,西區,0,2,0,5,2,6,30,4,1,1,4,4,6,6,4,4,10,5,5,2,15,2,9,2,1,C03,7,9,1,10,2,11,,15,15,1,12,4,120.656944,24.154974,2
3639,66000,387130000C,(04)23274275,(04)23288582,2025,7,10,17,27,臺中市,南屯區,0,0,0,7,,,30,,,,,,,,,,,,,,1,,,,,B03,,,1,,1,,,76,76,1,12,4,120.649438,24.145809,3
3640,66000,387130000C,(04)23274275,(04)23288582,2025,7,10,17,27,臺中市,太平區,0,0,0,6,2,6,50,,,,,,,,,,,,,,,,,,,B03,,,1,,1,2,,51,51,1,12,4,120.716883,24.127924,3
3641,66000,387130000C,(04)23274275,(04)23288582,2025,7,10,17,28,臺中市,太平區,0,2,0,5,3,6,30,4,1,1,4,4,6,6,4,4,10,5,5,2,15,2,9,2,1,C03,7,9,3,19,2,12,,15,15,1,12,4,120.720817,24.115135,2
3642,66000,387130000C,(04)23274275,(04)23288582,2025,7,10,17,30,臺中市,中區,0,1,0,5,2,6,50,3,1,1,4,4,6,6,1,1,10,5,5,2,18,2,9,1,1,C03,7,9,3,19,2,11,,84,84,1,13,4,120.677962,24.143784,2
3643,66000,387130000C,(04)23274275,(04)23288582,2025,7,10,17,30,臺中市,霧峰區,0,1,0,7,2,6,30,3,1,1,1,4,6,6,4,4,10,5,5,2,17,2,9,5,4,C03,7,9,1,10,2,12,,84,84,1,13,4,120.670738,24.077913,2
3644,66000,387130000C,(04)23274275,(04)23288582,2025,7,10,17,33,臺中市,北區,0,1,0,5,3,6,50,13,9,1,4,4,6,6,4,4,5,4,5,2,17,2,9,5,4,C03,7,8,1,10,2,14,,85,85,1,13,4,120.674892,24.166844,2
3645,66000,387130000C,(04)23274275,(04)23288582,2025,7,10,17,34,臺中市,南區,0,1,0,7,3,6,50,13,9,1,5,4,6,6,2,1,3,5,5,2,17,3,10,5,4,B03,7,7,5,19,9,15,,40,40,2,6,4,120.66251,24.127467,2
3646,66000,387130000C,(04)23274275,(04)23288582,2025,7,10,17,35,臺中市,神岡區,0,2,0,6,2,6,30,4,1,1,4,4,6,6,4,4,10,5,5,2,16,2,9,1,1,F03,7,5,7,21,2,11,,14,14,1,12,4,120.693677,24.265709,2
3647,66000,387130000C,(04)23274275,(04)23288582,2025,7,10,17,36,臺中市,中區,0,1,0,5,3,6,50,4,2,1,4,4,6,6,1,1,5,2,5,2,18,2,9,1,1,C03,7,9,1,10,2,14,,84,84,1,6,4,120.680692,24.138637,2
3648,66000,387130000C,(04)23274275,(04)23288582,2025,7,10,17,36,臺中市,太平區,0,0,0,6,2,6,,,,,,,,,,,,,,,,,,,,,,,,,,15,,85,85,1,,,120.705572,24.12592,3
3649,66000,387130000C,(04)23274275,(04)23288582,2025,7,10,17,37,臺中市,北屯區,0,1,0,6,3,6,50,13,7,1,4,4,3,6,4,4,5,5,4,2,12,2,9,2,1,C03,7,4,1,10,2,14,,8,8,1,11,4,120.695129,24.163943,2
3650,66000,387130000C,(04)23274275,(04)23288582,2025,7,10,17,39,臺中市,南區,0,1,0,5,3,6,50,4,1,1,4,4,6,6,4,4,10,5,5,2,18,2,9,5,4,C03,7,9,1,10,2,12,,6,6,1,12,4,120.68258,24.121668,2
3651,66000,387130000C,(04)23274275,(04)23288582,2025,7,10,17,40,臺中市,龍井區,0,1,0,7,2,6,50,4,1,1,5,4,6,6,4,4,10,5,5,2,16,3,10,1,1,C03,7,6,1,10,1,12,,14,14,1,6,4,120.584856,24.183547,2
3652,66000,387130000C,(04)23274275,(04)23288582,2025,7,10,17,44,臺中市,東區,0,0,0,5,,,50,,,,,,,,,,,,,,16,,,,,C03,,,1,,1,,,84,84,1,12,4,120.697203,24.136845,4
3653,66000,387130000C,(04)23274275,(04)23288582,2025,7,10,17,44,臺中市,大里區,0,1,0,6,3,6,50,5,2,1,4,4,6,6,4,4,10,5,5,2,11,3,10,3,1,B03,7,9,1,8,2,1,,20,20,1,12,4,120.676651,24.100662,2
3654,66000,387130000C,(04)23274275,(04)23288582,2025,7,10,17,46,臺中市,西屯區,0,2,0,5,2,6,40,13,9,1,4,4,6,6,4,4,9,5,5,2,12,2,8,2,1,C03,7,1,1,10,2,14,,51,51,1,12,4,120.635997,24.164193,2
3655,66000,387130000C,(04)23274275,(04)23288582,2025,7,10,17,48,臺中市,北屯區,0,0,0,7,,,50,,,,,,,,,,,,,,12,,,,,B03,,,1,,1,,,51,51,1,12,4,120.663989,24.18946,3
3656,66000,387130000C,(04)23274275,(04)23288582,2025,7,10,17,48,臺中市,西屯區,0,1,0,6,2,6,50,3,1,1,5,4,6,6,1,1,10,5,5,2,17,3,10,3,1,B02,7,11,1,8,1,5,,11,11,1,13,4,120.634758,24.169529,2
3657,66000,387130000C,(04)23274275,(04)23288582,2025,7,10,17,49,臺中市,西區,0,0,0,5,,,50,,,,,,,,,,,,,,17,,,,,B03,,,1,4,1,,,84,84,1,13,4,120.658798,24.157257,3
3658,66000,387130000C,(04)23274275,(04)23288582,2025,7,10,17,49,臺中市,南區,0,0,0,7,,,40,,,,,,,,,,,,,,12,,,,,B03,,,1,,1,,,84,84,1,13,4,120.670195,24.117457,3
3659,66000,387130000C,(04)23274275,(04)23288582,2025,7,10,17,49,臺中市,北屯區,0,1,0,7,2,6,50,13,9,1,5,4,6,6,4,4,5,4,5,1,13,2,9,1,1,C03,7,9,1,10,2,11,,7,7,1,12,4,120.678916,24.187611,2
3660,66000,387130000C,(04)23274275,(04)23288582,2025,7,10,17,49,臺中市,清水區,0,1,0,6,2,6,50,3,1,1,5,4,6,6,4,4,8,3,5,1,16,3,10,3,1,B03,7,8,1,8,2,4,,40,40,1,12,4,120.572827,24.263658,2
3661,66000,387130000C,(04)23274275,(04)23288582,2025,7,10,17,50,臺中市,南屯區,0,1,0,5,1,6,50,13,9,1,4,4,6,6,1,1,5,4,5,2,17,3,10,3,1,B03,7,5,1,8,2,16,,47,47,1,12,4,120.64997,24.13674,2
3662,66000,387130000C,(04)23274275,(04)23288582,2025,7,10,17,50,臺中市,沙鹿區,0,1,0,5,3,6,40,13,8,1,4,4,6,6,1,1,3,5,3,2,18,2,9,2,1,C03,7,9,1,10,2,12,,87,87,1,5,4,120.577088,24.225614,2
3663,66000,387130000C,(04)23274275,(04)23288582,2025,7,10,17,56,臺中市,北屯區,0,0,0,5,,,50,,,,,,,,,,,,,,13,,,,,C03,,,3,,2,,,7,7,1,12,4,120.685498,24.172177,3
3664,66000,387130000C,(04)23274275,(04)23288582,2025,7,10,18,0,臺中市,大里區,0,1,0,7,3,6,50,13,9,1,5,4,6,6,4,4,3,4,4,1,18,2,9,5,4,C03,7,9,2,19,2,14,,84,84,1,13,4,120.684873,24.118891,2
3665,66000,387130000C,(04)23274275,(04)23288582,2025,7,10,18,2,臺中市,南區,0,1,0,7,3,6,50,13,9,1,5,4,6,6,4,4,3,5,5,2,30,2,9,5,4,C03,7,9,1,10,2,15,,84,84,1,6,4,120.670799,24.127401,2
3666,66000,387130000C,(04)23274275,(04)23288582,2025,7,10,18,4,臺中市,西屯區,0,0,0,5,,,30,,,,,,,,,,,,,,12,,,,,B03,,,1,,2,,,8,8,1,12,4,120.617196,24.190107,3
3667,66000,387130000C,(04)23274275,(04)23288582,2025,7,10,18,10,臺中市,北區,0,1,0,5,2,6,50,4,2,1,4,4,6,6,1,1,5,4,5,2,18,2,9,5,1,F03,7,9,7,21,2,14,,84,84,1,13,4,120.702083,24.159741,2
3668,66000,387130000C,(04)23274275,(04)23288582,2025,7,10,18,10,臺中市,南屯區,0,0,0,5,,,50,,,,,,,,,,,,,,17,,,,,B03,,,1,,2,,,84,84,1,12,4,120.629128,24.117166,3
3669,66000,387130000C,(04)23274275,(04)23288582,2025,7,10,18,10,臺中市,后里區,0,0,0,5,2,6,60,13,7,1,4,4,6,6,4,4,1,4,4,1,13,3,10,3,1,B03,7,9,1,8,1,1,,84,84,1,12,4,120.722759,24.286471,3
3670,66000,387130000C,(04)23274275,(04)23288582,2025,7,10,18,13,臺中市,北屯區,0,0,0,5,,,50,,,,,,,,,,,,,,15,,,,,B03,,,1,,1,,,15,15,1,13,4,120.683983,24.180976,3
3671,66000,387130000C,(04)23274275,(04)23288582,2025,7,10,18,15,臺中市,北區,0,1,0,5,1,6,50,4,9,1,4,4,6,6,1,1,5,5,5,2,17,3,10,5,4,B03,7,9,1,8,2,5,,84,84,1,13,4,120.678342,24.151083,2
3672,66000,387130000C,(04)23274275,(04)23288582,2025,7,10,18,16,臺中市,西區,0,0,0,5,,,60,,,,,,,,,,,,,,13,,,,,B03,,,1,,1,,,84,84,1,12,4,120.665824,24.142249,3
3673,66000,387130000C,(04)23274275,(04)23288582,2025,7,10,18,16,臺中市,西屯區,0,1,0,5,1,6,0,13,21,4,4,4,6,6,4,4,10,5,5,2,18,2,9,2,1,C03,7,9,1,10,2,12,,84,84,1,12,4,120.622194,24.184303,2
3674,66000,387130000C,(04)23274275,(04)23288582,2025,7,10,18,17,臺中市,大雅區,0,1,0,6,1,6,50,4,2,1,5,4,6,6,1,1,1,5,4,2,13,2,9,1,1,C03,7,9,1,10,2,11,,7,7,1,13,4,120.634451,24.233492,2
3675,66000,387130000C,(04)23274275,(04)23288582,2025,7,10,18,18,臺中市,西屯區,0,1,0,6,2,6,30,4,1,1,4,4,6,6,1,3,10,5,5,2,15,2,8,1,4,C03,7,9,1,10,2,12,14,15,15,1,12,4,120.643661,24.192041,2
3676,66000,387130000C,(04)23274275,(04)23288582,2025,7,10,18,20,臺中市,沙鹿區,0,0,0,5,2,6,40,13,8,1,4,4,6,6,4,4,4,4,4,2,14,,,,,B03,,,1,,2,,,49,49,1,12,4,120.561656,24.23767,3
3677,66000,387130000C,(04)23274275,(04)23288582,2025,7,10,18,21,臺中市,西屯區,0,0,0,7,,,50,,,,,,,,,,,,,,13,,,,,B03,,,1,,1,,,59,59,1,12,4,120.646979,24.158455,3
3678,66000,387130000C,(04)23274275,(04)23288582,2025,7,10,18,30,臺中市,北屯區,0,0,0,7,,6,50,,,,,,,,,,,,,,9,,,,,B03,,,1,,2,,,51,51,1,6,4,120.68542,24.174163,3
3679,66000,387130000C,(04)23274275,(04)23288582,2025,7,10,18,44,臺中市,潭子區,0,0,0,5,,,50,,,,,,,,,,,,,,,,,,,B03,,,1,,2,,,56,56,1,13,4,120.708148,24.210615,3
3680,66000,387130000C,(04)23274275,(04)23288582,2025,7,10,18,47,臺中市,北屯區,0,1,0,7,3,6,50,13,9,1,5,4,6,6,4,4,5,5,5,2,2,2,9,6,5,H01,8,16,7,21,10,17,,109,109,1,12,5,120.663061,24.188623,2
3681,66000,387130000C,(04)23274275,(04)23288582,2025,7,10,18,48,臺中市,北區,0,1,0,6,1,6,50,13,9,1,5,4,6,6,4,4,3,4,4,2,17,2,9,5,1,C01,7,9,1,9,1,11,,7,7,1,13,4,120.692628,24.161289,2
3682,66000,387130000C,(04)23274275,(04)23288582,2025,7,10,18,50,臺中市,大雅區,0,1,0,6,1,6,50,13,9,1,5,4,6,6,4,4,5,5,5,1,17,3,10,5,1,B12,7,15,1,8,2,4,,76,76,1,12,4,120.65256,24.226852,2
3683,66000,387130000C,(04)23274275,(04)23288582,2025,7,10,18,50,臺中市,南區,0,0,0,5,,,50,,,,,,,,,,,,,,12,,,,,B03,,,1,,2,,,11,11,1,13,4,120.660486,24.113207,3
3684,66000,387130000C,(04)23274275,(04)23288582,2025,7,10,18,53,臺中市,西屯區,0,0,0,5,,,50,,,,,,,,,,,,,,13,,,,,B03,,,1,,1,,,56,56,1,12,4,120.665293,24.167245,3
3685,66000,387130000C,(04)23274275,(04)23288582,2025,7,10,18,54,臺中市,北區,0,1,0,5,1,6,50,4,1,1,4,4,6,6,1,1,10,5,5,2,18,2,9,1,1,C03,7,9,1,10,2,14,,58,58,1,12,4,120.680948,24.159108,2
3686,66000,387130000C,(04)23274275,(04)23288582,2025,7,10,18,55,臺中市,西屯區,0,1,0,6,1,6,50,3,1,1,4,4,6,6,4,4,10,5,5,2,12,3,10,2,1,C03,7,9,1,10,2,11,,8,8,1,12,4,120.634986,24.162065,2
3687,66000,387130000C,(04)23274275,(04)23288582,2025,7,10,18,58,臺中市,北區,0,1,0,5,1,6,50,4,1,1,4,4,6,6,2,1,10,5,5,2,17,3,10,5,4,B03,7,9,1,4,2,4,,85,85,1,13,4,120.684368,24.153997,2
3688,66000,387130000C,(04)23274275,(04)23288582,2025,7,10,18,59,臺中市,南區,0,0,0,7,,,50,,,,,,,,,,,,,,14,,,,,B03,,,1,,2,,,49,49,1,12,4,120.654968,24.123707,3
3689,66000,387130000C,(04)23274275,(04)23288582,2025,7,10,19,1,臺中市,西屯區,0,0,0,5,,,30,,,,,,,,,,,,,,17,,,,,C03,,,1,,9,,,87,87,1,12,4,120.647805,24.183648,3
3690,66000,387130000C,(04)23274275,(04)23288582,2025,7,10,19,8,臺中市,西區,0,1,0,5,1,6,40,13,8,1,4,4,6,6,4,4,1,4,4,2,12,2,9,1,1,C03,7,7,1,10,2,12,,42,42,1,13,4,120.67237,24.146211,2
3691,66000,387130000C,(04)23274275,(04)23288582,2025,7,10,19,9,臺中市,西屯區,0,0,0,5,,,50,,,,,,,,,,,,,,13,,,,,B03,,,1,,2,,,84,84,1,12,4,120.659669,24.161432,3
3692,66000,387130000C,(04)23274275,(04)23288582,2025,7,10,19,10,臺中市,豐原區,0,2,0,5,1,6,30,4,1,1,4,4,6,6,4,4,10,5,5,1,15,2,9,2,1,C03,7,9,1,10,2,12,,12,12,1,13,4,120.714716,24.271704,2
3693,66000,387130000C,(04)23274275,(04)23288582,2025,7,10,19,10,臺中市,豐原區,0,1,0,5,1,6,50,13,7,1,4,4,6,6,4,4,9,5,4,2,30,3,10,5,4,B03,7,4,1,8,2,5,,8,8,1,13,4,120.714085,24.259773,2
3694,66000,387130000C,(04)23274275,(04)23288582,2025,7,10,19,19,臺中市,北區,0,0,0,5,,,40,,,,,,,,,,,,,,17,,,,,C03,,,7,,10,,,85,85,1,13,4,120.683009,24.158457,3
3695,66000,387130000C,(04)23274275,(04)23288582,2025,7,10,19,20,臺中市,沙鹿區,0,1,0,5,1,6,40,13,8,1,4,4,6,6,4,4,3,4,3,2,17,2,9,2,1,C03,7,9,1,10,2,15,,84,84,1,12,4,120.579618,24.220545,2
3696,66000,387130000C,(04)23274275,(04)23288582,2025,7,10,19,20,臺中市,沙鹿區,0,0,0,5,,,50,,,,,,,,,,,,,,12,,,,,C03,,,1,,2,,,39,39,1,12,4,120.575449,24.251955,3
3697,66000,387130000C,(04)23274275,(04)23288582,2025,7,10,19,21,臺中市,太平區,0,1,0,5,1,6,50,18,9,1,4,4,6,6,4,4,5,2,5,2,17,2,9,1,1,C03,7,9,1,10,2,12,,84,84,1,12,4,120.702309,24.152261,2
3698,66000,387130000C,(04)23274275,(04)23288582,2025,7,10,19,21,臺中市,龍井區,0,2,0,6,1,6,50,9,9,1,4,4,6,6,4,4,9,5,5,2,3,2,9,6,5,H01,8,16,7,21,10,17,,95,95,1,6,5,120.595445,24.187179,2
3699,66000,387130000C,(04)23274275,(04)23288582,2025,7,10,19,22,臺中市,豐原區,0,2,0,5,1,6,30,4,1,1,4,4,6,3,4,4,10,5,5,2,16,2,9,1,1,C03,7,6,1,10,2,11,,14,14,1,13,4,120.737747,24.264323,2
3700,66000,387130000C,(04)23274275,(04)23288582,2025,7,10,19,24,臺中市,太平區,0,2,0,7,3,6,50,3,1,1,4,4,6,6,4,4,10,5,5,2,18,2,9,2,1,C03,7,9,1,10,2,12,,84,84,1,12,4,120.719151,24.130807,2
3701,66000,387130000C,(04)23274275,(04)23288582,2025,7,10,19,25,臺中市,大甲區,0,1,0,7,1,6,60,13,9,1,5,4,6,6,4,4,1,4,5,1,20,2,9,5,4,B03,7,9,1,8,2,5,,84,84,1,6,4,120.617644,24.414683,2