序號,縣市別代碼,機關代碼,市話,傳真,年,月,日,時,分,縣市,區,死亡數量,受傷數量,2-30,天候,道路照明設備,道路類別,道路速限,道路型態,事故位置,路面鋪裝,路面狀態,路面缺陷,障礙物,視距,號誌種類,號誌動作,分向設施,快車道或一般車道間,快慢車道間,路面邊線,事故類型及型態,受傷程度,主要傷處,保護裝備,行動電話或功能裝置,當事者區分(類別),車輛用途,當事者行動狀態,駕照狀態,駕照種類,飲酒情形,車輛撞擊部位最初,車輛撞擊部位其他,肇事因素個別,肇事因素主要,肇事逃逸,職業,共享經濟或外送平台,GPS座標X,GPS座標Y,事故類別
3813,66000,387130000C,(04)23274275,(04)23288582,2025,7,11,8,6,臺中市,潭子區,0,0,0,7,,,50,,,,,,,,,,,,,,13,,,,,B03,,,1,,2,,,84,84,1,13,4,120.703941,24.201422,3
3814,66000,387130000C,(04)23274275,(04)23288582,2025,7,11,8,6,臺中市,龍井區,0,1,0,5,3,6,50,4,1,1,4,4,6,6,1,1,10,5,5,2,17,2,9,2,1,C03,7,9,1,10,2,14,,7,7,1,12,4,120.545435,24.183687,2
3815,66000,387130000C,(04)23274275,(04)23288582,2025,7,11,8,6,臺中市,烏日區,0,0,0,5,,,30,,,,,,,,,,,,,,11,,,,,B03,,,1,,2,,,41,41,1,13,4,120.641472,24.083415,3
3816,66000,387130000C,(04)23274275,(04)23288582,2025,7,11,8,9,臺中市,北區,0,0,0,5,2,6,50,13,8,1,4,4,6,6,4,4,1,4,4,2,17,,,,,B03,,,1,,2,,,50,50,1,12,4,120.680489,24.157225,3
3817,66000,387130000C,(04)23274275,(04)23288582,2025,7,11,8,9,臺中市,梧棲區,0,1,0,7,3,6,30,4,1,1,5,4,6,6,4,4,10,5,5,2,15,2,9,1,1,C03,7,9,1,10,2,11,,15,15,1,6,4,120.555575,24.258969,2
3818,66000,387130000C,(04)23274275,(04)23288582,2025,7,11,8,12,臺中市,東區,0,0,0,7,,,50,,,,,,,,,,,,,,17,,,,,B01,,,1,,1,,,84,84,1,6,4,120.693506,24.148763,3
3819,66000,387130000C,(04)23274275,(04)23288582,2025,7,11,8,13,臺中市,北區,0,1,0,5,2,6,50,4,2,1,4,4,6,6,1,1,1,4,4,2,17,3,10,3,1,B03,7,5,1,8,2,16,,11,11,1,12,4,120.674074,24.164783,2
3820,66000,387130000C,(04)23274275,(04)23288582,2025,7,11,8,16,臺中市,豐原區,0,1,0,7,3,6,50,13,9,1,4,4,6,6,1,1,1,4,5,1,17,3,10,5,4,B03,7,5,1,8,2,2,,84,84,1,12,4,120.720459,24.243342,2
3821,66000,387130000C,(04)23274275,(04)23288582,2025,7,11,8,17,臺中市,西區,0,1,0,5,1,6,50,13,8,1,4,4,6,6,1,1,1,4,3,1,17,2,9,5,4,C03,7,9,1,10,2,11,,84,84,1,12,4,120.669801,24.150724,2
3822,66000,387130000C,(04)23274275,(04)23288582,2025,7,11,8,20,臺中市,沙鹿區,0,0,0,5,,,50,,,,,,,,,,,,,,14,,,,,B03,,,1,,2,,,49,49,1,6,4,120.57491,24.219754,3
3823,66000,387130000C,(04)23274275,(04)23288582,2025,7,11,8,21,臺中市,南屯區,0,1,0,6,2,6,50,5,1,1,4,4,6,6,1,1,10,5,5,2,12,3,10,3,1,B01,7,5,1,4,2,2,,84,84,1,12,4,120.628399,24.140188,2
3824,66000,387130000C,(04)23274275,(04)23288582,2025,7,11,8,25,臺中市,南區,0,1,0,7,2,6,50,3,1,1,4,4,6,6,3,1,10,5,5,2,17,2,9,1,1,C03,7,9,1,10,2,14,,7,7,1,12,4,120.655228,24.12376,2
3825,66000,387130000C,(04)23274275,(04)23288582,2025,7,11,8,26,臺中市,北屯區,0,0,0,5,,,80,,,,,,,,,,,,,,13,,,,,B03,,,1,,1,,,7,7,1,6,4,120.670652,24.200961,3
3826,66000,387130000C,(04)23274275,(04)23288582,2025,7,11,8,27,臺中市,大雅區,0,1,0,5,3,6,30,13,9,1,4,4,6,6,1,1,5,5,5,1,18,2,9,1,1,C03,7,9,1,10,2,12,,84,84,1,12,4,120.630563,24.209992,2
3827,66000,387130000C,(04)23274275,(04)23288582,2025,7,11,8,29,臺中市,外埔區,0,1,0,7,2,6,50,4,1,1,5,4,6,6,4,4,10,5,5,2,15,3,10,3,1,B03,7,9,1,8,2,5,,12,12,1,12,4,120.688974,24.331553,2
3828,66000,387130000C,(04)23274275,(04)23288582,2025,7,11,8,30,臺中市,北屯區,0,0,0,5,,,50,,,,,,,,,,,,,,17,,,,,B03,,,1,,1,,,84,84,1,6,4,120.692528,24.161675,3
3829,66000,387130000C,(04)23274275,(04)23288582,2025,7,11,8,31,臺中市,西區,0,1,0,5,2,6,50,4,2,1,4,4,6,6,2,1,1,4,5,1,17,3,10,3,1,B03,7,5,1,8,2,16,,20,20,1,13,4,120.6571,24.139845,2
3830,66000,387130000C,(04)23274275,(04)23288582,2025,7,11,8,32,臺中市,西區,0,1,0,6,2,6,50,3,2,1,4,4,6,6,1,1,1,4,5,2,18,2,9,1,1,C03,7,9,1,10,2,14,,84,84,1,12,4,120.657376,24.149022,2
3831,66000,387130000C,(04)23274275,(04)23288582,2025,7,11,8,36,臺中市,北屯區,0,1,0,6,3,6,50,13,9,1,4,4,6,6,4,4,7,4,5,1,18,2,9,2,1,C03,7,12,1,10,2,14,,85,85,1,12,4,120.697414,24.171379,2
3832,66000,387130000C,(04)23274275,(04)23288582,2025,7,11,8,36,臺中市,北屯區,0,2,0,5,3,6,40,13,9,1,4,4,6,6,4,4,10,5,5,2,13,2,9,2,1,C03,7,9,1,10,2,11,,7,7,1,13,4,120.676093,24.196264,2
3833,66000,387130000C,(04)23274275,(04)23288582,2025,7,11,8,36,臺中市,西屯區,0,0,0,5,,,30,,,,,,,,,,,,,,12,,,,,B03,,,1,,1,,,51,51,1,12,4,120.61727,24.175034,4
3834,66000,387130000C,(04)23274275,(04)23288582,2025,7,11,8,42,臺中市,北區,0,2,0,6,2,6,50,3,2,1,5,4,6,6,2,1,1,4,5,2,17,2,9,2,1,C03,7,9,1,10,2,14,,84,84,1,6,4,120.684349,24.149968,2
3835,66000,387130000C,(04)23274275,(04)23288582,2025,7,11,8,42,臺中市,豐原區,0,1,0,6,2,6,50,4,1,1,4,4,6,6,1,1,5,4,4,2,15,3,10,3,1,B12,7,9,1,8,2,8,,21,21,1,12,4,120.719321,24.239214,2
3836,66000,387130000C,(04)23274275,(04)23288582,2025,7,11,8,44,臺中市,北區,0,1,0,7,2,6,50,4,2,1,4,4,1,6,2,1,3,4,5,2,13,3,10,1,1,C03,7,9,1,10,2,11,,59,59,1,12,4,120.685204,24.166887,2
3837,66000,387130000C,(04)23274275,(04)23288582,2025,7,11,8,45,臺中市,南區,0,0,0,5,,,50,,,,,,,,,,,,,,17,,,,,B03,,,1,,1,,,47,47,1,6,4,120.655552,24.115148,3
3838,66000,387130000C,(04)23274275,(04)23288582,2025,7,11,8,45,臺中市,南屯區,0,1,0,5,1,6,50,4,1,1,4,4,6,6,2,1,10,5,5,2,18,2,9,1,1,C03,7,6,1,10,1,14,,23,23,1,6,4,120.64655,24.133376,2
3839,66000,387130000C,(04)23274275,(04)23288582,2025,7,11,8,47,臺中市,南區,0,1,0,7,2,6,50,4,1,1,5,4,6,6,1,1,9,5,5,2,17,2,6,1,1,C03,7,5,1,10,2,12,,47,47,1,12,4,120.673056,24.124638,2
3840,66000,387130000C,(04)23274275,(04)23288582,2025,7,11,8,47,臺中市,大里區,0,1,0,5,2,6,50,13,9,1,4,4,6,6,4,4,9,5,5,2,18,2,9,1,1,C03,7,9,1,10,2,12,,84,84,1,12,4,120.682511,24.112668,2
3841,66000,387130000C,(04)23274275,(04)23288582,2025,7,11,8,48,臺中市,南屯區,0,1,0,6,2,6,50,13,9,1,5,4,6,6,4,4,4,5,5,2,11,3,10,5,4,B03,7,6,1,8,2,6,,20,20,1,13,4,120.64739,24.143792,2
3842,66000,387130000C,(04)23274275,(04)23288582,2025,7,11,8,48,臺中市,大里區,0,0,0,6,,,50,,,,,,,,,,,,,,17,,,,,B02,,,1,,2,,,84,84,1,13,4,120.695301,24.09639,3
3843,66000,387130000C,(04)23274275,(04)23288582,2025,7,11,8,49,臺中市,北區,0,1,0,5,2,6,50,4,1,1,4,4,6,6,2,1,10,5,4,2,17,3,10,3,1,B03,7,6,1,8,2,5,,11,11,1,13,4,120.680916,24.149102,2
3844,66000,387130000C,(04)23274275,(04)23288582,2025,7,11,8,49,臺中市,北屯區,0,1,0,6,2,6,50,5,1,1,5,4,6,6,4,4,3,4,5,2,18,2,9,1,1,C03,7,9,1,10,2,12,,82,82,1,12,4,120.69319,24.162187,2
3845,66000,387130000C,(04)23274275,(04)23288582,2025,7,11,8,49,臺中市,豐原區,0,1,0,5,2,6,50,3,1,1,4,4,6,6,1,1,1,4,5,1,16,3,10,5,4,B03,7,6,1,8,2,5,,11,11,1,12,4,120.709364,24.248679,2
3846,66000,387130000C,(04)23274275,(04)23288582,2025,7,11,8,52,臺中市,梧棲區,0,2,0,6,2,6,50,4,4,1,4,4,6,6,1,1,1,4,4,1,13,2,9,1,1,C03,7,9,1,10,2,11,,85,85,1,12,4,120.549008,24.253748,2
3847,66000,387130000C,(04)23274275,(04)23288582,2025,7,11,8,56,臺中市,東區,0,1,0,7,2,6,30,11,9,1,5,4,3,3,4,4,10,5,5,2,11,3,10,3,1,B12,7,9,1,8,2,8,,8,8,1,6,4,120.701717,24.145033,2
3848,66000,387130000C,(04)23274275,(04)23288582,2025,7,11,8,56,臺中市,烏日區,0,1,0,5,2,6,30,4,1,1,4,4,6,6,4,4,10,5,5,2,15,3,10,2,1,C03,7,9,1,10,2,16,,20,20,1,6,4,120.624485,24.103682,2
3849,66000,387130000C,(04)23274275,(04)23288582,2025,7,11,8,57,臺中市,南屯區,0,1,0,6,3,6,50,13,9,1,5,4,6,6,4,4,1,4,5,2,16,3,10,3,1,B03,7,5,1,8,2,6,,84,84,1,6,4,120.646556,24.128244,2
3850,66000,387130000C,(04)23274275,(04)23288582,2025,7,11,8,57,臺中市,大里區,0,0,0,6,2,6,40,13,9,1,4,4,6,6,4,4,4,4,5,1,12,,,,,A12,,,1,,2,,,8,8,1,13,4,120.69208,24.101724,3
3851,66000,387130000C,(04)23274275,(04)23288582,2025,7,11,8,59,臺中市,北區,0,1,0,6,2,6,50,4,2,1,4,4,6,6,1,1,5,4,4,2,17,3,10,3,1,B12,7,6,1,8,2,16,,11,11,1,12,4,120.68239,24.159114,2
3852,66000,387130000C,(04)23274275,(04)23288582,2025,7,11,9,0,臺中市,大里區,0,1,0,6,3,6,50,13,9,1,5,4,6,6,4,4,1,4,5,1,18,2,9,1,1,C03,7,9,1,10,2,16,,84,84,1,13,4,120.697128,24.083613,2
3853,66000,387130000C,(04)23274275,(04)23288582,2025,7,11,9,1,臺中市,南區,0,1,0,7,2,6,50,4,1,1,4,4,6,6,4,4,10,5,5,2,12,3,10,3,1,B12,7,7,1,8,2,5,,40,40,1,12,4,120.667427,24.114274,2
3854,66000,387130000C,(04)23274275,(04)23288582,2025,7,11,9,1,臺中市,太平區,0,1,0,6,2,6,50,4,2,1,4,4,6,6,2,1,10,5,5,2,18,2,9,2,1,C03,7,9,1,10,2,12,,84,84,1,12,4,120.723311,24.149328,2
3855,66000,387130000C,(04)23274275,(04)23288582,2025,7,11,9,2,臺中市,西屯區,0,0,0,5,,,50,,,,,,,,,,,,,,13,,,,,C02,,,1,,1,,,7,7,1,13,4,120.650779,24.167142,3
3856,66000,387130000C,(04)23274275,(04)23288582,2025,7,11,9,3,臺中市,大雅區,0,1,0,6,1,6,40,3,2,1,5,4,6,6,3,1,1,4,4,1,3,2,9,1,1,C03,7,12,5,10,2,14,,10,10,1,12,4,120.631553,24.239834,2
3857,66000,387130000C,(04)23274275,(04)23288582,2025,7,11,9,3,臺中市,南屯區,0,2,0,6,3,6,50,4,1,1,4,4,6,6,1,1,10,5,5,2,13,2,9,2,1,C03,7,9,1,10,2,14,11,7,7,1,12,4,120.646416,24.126122,2
3858,66000,387130000C,(04)23274275,(04)23288582,2025,7,11,9,7,臺中市,南屯區,0,0,0,6,,,50,,,,,,,,,,,,,,13,,,,,B03,,,1,,1,,,84,84,1,13,4,120.646521,24.126472,3
3859,66000,387130000C,(04)23274275,(04)23288582,2025,7,11,9,9,臺中市,北屯區,0,0,0,5,,,50,,,,,,,,,,,,,,13,,,,,B03,,,1,,1,,,7,7,1,6,4,120.677248,24.183674,3
3860,66000,387130000C,(04)23274275,(04)23288582,2025,7,11,9,9,臺中市,烏日區,0,0,0,7,,,40,,,,,,,,,,,,,,14,,,,,B03,,,1,,1,,,49,49,1,12,4,120.650401,24.09367,3
3861,66000,387130000C,(04)23274275,(04)23288582,2025,7,11,9,16,臺中市,西屯區,0,1,0,6,2,6,40,4,1,1,5,4,3,3,1,1,10,5,5,2,13,2,9,2,1,C03,7,9,1,10,2,11,,7,7,1,12,4,120.646454,24.164454,2
3862,66000,387130000C,(04)23274275,(04)23288582,2025,7,11,9,19,臺中市,東勢區,0,0,0,5,,,50,,,,,,,,,,,,,,12,,,,,B03,,,1,,1,,,50,50,1,13,4,120.825403,24.258837,3
3863,66000,387130000C,(04)23274275,(04)23288582,2025,7,11,9,20,臺中市,太平區,0,1,0,6,2,6,50,4,1,1,5,4,6,6,2,1,10,5,5,2,13,3,10,2,1,C03,7,9,5,10,2,11,,7,7,1,12,4,120.712216,24.155688,2
3864,66000,387130000C,(04)23274275,(04)23288582,2025,7,11,9,22,臺中市,梧棲區,0,0,0,7,,,60,,,,,,,,,,,,,,16,,,,,B03,,,1,,1,,,59,59,1,6,4,120.539241,24.257817,3
3865,66000,387130000C,(04)23274275,(04)23288582,2025,7,11,9,32,臺中市,后里區,0,1,0,6,3,6,60,4,9,1,4,4,6,6,1,1,1,4,5,1,13,3,10,3,1,B03,7,9,1,8,2,1,,59,59,1,6,4,120.724447,24.316857,2
3866,66000,387130000C,(04)23274275,(04)23288582,2025,7,11,9,34,臺中市,東區,0,0,0,5,,,50,,,,,,,,,,,,,,17,,,,,B12,,,1,,1,,,59,59,1,6,4,120.692827,24.142985,3
3867,66000,387130000C,(04)23274275,(04)23288582,2025,7,11,9,37,臺中市,烏日區,0,0,0,5,,,30,,,,,,,,,,,,,,15,,,,,B03,,,1,,2,,,20,20,1,6,4,120.658111,24.055617,3
3868,66000,387130000C,(04)23274275,(04)23288582,2025,7,11,9,38,臺中市,西屯區,0,1,0,5,2,6,50,11,9,1,4,4,6,6,4,4,1,3,5,2,18,2,9,5,4,C03,7,9,1,10,9,11,,82,82,1,13,4,120.654674,24.184611,2
3869,66000,387130000C,(04)23274275,(04)23288582,2025,7,11,9,45,臺中市,南屯區,0,1,0,5,2,6,50,13,9,1,4,4,6,6,4,4,5,4,5,2,12,3,10,3,1,B12,7,7,1,8,2,5,,40,40,1,12,4,120.622888,24.140467,2
3870,66000,387130000C,(04)23274275,(04)23288582,2025,7,11,9,47,臺中市,東區,0,1,0,7,2,6,50,4,2,1,5,4,6,6,1,1,3,4,4,2,17,2,8,1,1,C03,7,9,1,10,2,14,,8,8,1,12,4,120.698486,24.150459,2
3871,66000,387130000C,(04)23274275,(04)23288582,2025,7,11,9,50,臺中市,北屯區,0,1,0,5,2,6,50,13,9,1,4,4,6,6,4,4,1,4,5,2,18,2,9,1,1,C03,7,9,1,10,2,12,,20,20,1,12,4,120.689512,24.201308,2
3872,66000,387130000C,(04)23274275,(04)23288582,2025,7,11,9,53,臺中市,北屯區,0,1,0,5,3,6,50,13,9,1,4,4,6,6,4,4,5,4,5,2,18,2,9,2,1,C03,7,9,1,10,2,12,,84,84,1,13,4,120.714076,24.173419,2
3873,66000,387130000C,(04)23274275,(04)23288582,2025,7,11,9,53,臺中市,北屯區,0,1,0,5,2,6,50,13,8,1,4,4,6,6,4,4,9,5,4,2,17,3,10,5,4,B03,7,15,1,8,2,5,,84,84,1,12,4,120.689461,24.170448,2
3874,66000,387130000C,(04)23274275,(04)23288582,2025,7,11,9,54,臺中市,西區,0,0,0,5,,,50,,,,,,,,,,,,,,,,,,,B03,,,1,8,1,,,84,84,2,13,4,120.659091,24.144742,3
3875,66000,387130000C,(04)23274275,(04)23288582,2025,7,11,9,55,臺中市,豐原區,0,2,0,7,3,6,50,4,1,1,5,4,6,6,2,1,5,5,5,1,17,2,8,1,1,C03,7,1,1,10,2,12,,84,84,1,12,4,120.719333,24.257604,2
3876,66000,387130000C,(04)23274275,(04)23288582,2025,7,11,9,56,臺中市,烏日區,0,1,0,5,2,6,50,4,1,1,4,4,6,6,4,4,10,5,5,2,15,3,10,5,4,B03,7,9,1,8,2,5,,15,15,1,13,4,120.612619,24.108636,2
3877,66000,387130000C,(04)23274275,(04)23288582,2025,7,11,9,58,臺中市,大雅區,0,1,0,5,1,6,50,4,1,1,4,4,6,6,1,1,10,5,5,2,16,3,10,3,1,B03,7,6,1,8,2,1,5,11,11,1,12,4,120.648289,24.226613,2
3878,66000,387130000C,(04)23274275,(04)23288582,2025,7,11,9,58,臺中市,豐原區,0,0,0,5,,,50,,,,,,,,,,,,,,13,,,,,B12,,,1,,2,,,59,59,1,12,4,120.699346,24.247193,3
3879,66000,387130000C,(04)23274275,(04)23288582,2025,7,11,10,0,臺中市,南屯區,0,1,0,5,1,6,50,13,9,1,4,4,6,6,4,4,1,4,5,2,18,2,9,1,1,C03,7,9,1,10,2,14,,6,6,1,6,4,120.639898,24.141388,2
3880,66000,387130000C,(04)23274275,(04)23288582,2025,7,11,10,0,臺中市,北屯區,0,1,0,5,3,6,40,13,8,1,4,4,6,6,4,4,1,4,4,2,18,2,9,2,1,C03,7,5,1,10,2,12,,59,59,1,13,4,120.685854,24.180904,2
3881,66000,387130000C,(04)23274275,(04)23288582,2025,7,11,10,4,臺中市,北區,0,0,0,7,,,50,,,,,,,,,,,,,,,,,,,B01,,,1,,2,,,51,51,1,13,4,120.672032,24.170218,3
3882,66000,387130000C,(04)23274275,(04)23288582,2025,7,11,10,5,臺中市,清水區,0,0,0,7,,,40,,,,,,,,,,,,,,,,,,,B03,,,1,,1,,,50,50,1,12,4,120.566028,24.267204,3
3883,66000,387130000C,(04)23274275,(04)23288582,2025,7,11,10,6,臺中市,東勢區,0,1,0,5,1,6,50,13,9,1,4,4,6,6,4,4,5,5,5,1,9,3,10,5,4,C03,7,2,1,10,2,13,,84,84,1,13,4,120.828266,24.255842,2
3884,66000,387130000C,(04)23274275,(04)23288582,2025,7,11,10,10,臺中市,西區,0,1,0,5,1,6,50,13,9,1,4,4,6,6,4,4,3,4,5,1,17,3,10,5,4,B03,7,7,1,8,2,5,,85,85,1,12,4,120.659687,24.157317,2
3885,66000,387130000C,(04)23274275,(04)23288582,2025,7,11,10,10,臺中市,太平區,0,0,0,5,,,30,,,,,,,,,,,,,,16,,,,,B03,,,1,,1,,,14,14,1,12,4,120.726735,24.152052,3
3886,66000,387130000C,(04)23274275,(04)23288582,2025,7,11,10,17,臺中市,外埔區,0,0,0,5,,,50,,,,,,,,,,,,,,14,,,,,A12,,,1,,2,,,85,85,1,12,4,120.639185,24.337102,3
3887,66000,387130000C,(04)23274275,(04)23288582,2025,7,11,10,20,臺中市,清水區,0,0,0,7,2,6,50,13,8,1,5,4,6,6,4,4,8,3,4,2,12,,,,,B03,,,1,,1,,,8,8,1,12,4,120.573807,24.26564,3
3888,66000,387130000C,(04)23274275,(04)23288582,2025,7,11,10,23,臺中市,潭子區,0,1,0,7,2,6,50,4,1,1,5,4,6,6,2,1,10,5,5,2,16,3,10,3,1,B03,7,6,1,8,2,5,,23,23,1,13,4,120.703815,24.21269,2
3889,66000,387130000C,(04)23274275,(04)23288582,2025,7,11,10,24,臺中市,北屯區,0,0,0,6,,,40,,,,,,,,,,,,,,17,,,,,B12,,,1,,2,,,59,59,1,13,4,120.690622,24.173641,3
3890,66000,387130000C,(04)23274275,(04)23288582,2025,7,11,10,26,臺中市,西屯區,0,1,0,6,3,6,40,4,2,1,4,4,6,6,1,1,10,5,5,2,17,2,9,5,4,C03,7,9,1,10,2,15,,84,84,1,13,4,120.616508,24.182689,2
3891,66000,387130000C,(04)23274275,(04)23288582,2025,7,11,10,27,臺中市,豐原區,0,1,0,5,2,6,50,13,9,1,4,4,6,6,4,4,1,4,5,2,13,3,10,5,4,B03,7,9,3,19,2,1,,7,7,1,12,4,120.707217,24.249793,2
3892,66000,387130000C,(04)23274275,(04)23288582,2025,7,11,10,32,臺中市,南區,0,0,0,7,,,30,,,,,,,,,,,,,,25,,,,,B11,,,1,,1,,,76,76,1,6,4,120.661481,24.10961,3
3893,66000,387130000C,(04)23274275,(04)23288582,2025,7,11,10,40,臺中市,南屯區,0,1,0,6,2,6,50,4,1,1,4,4,6,6,2,1,10,5,5,2,18,2,9,2,4,C03,7,6,1,10,2,12,,84,84,1,13,4,120.634689,24.148431,2
3894,66000,387130000C,(04)23274275,(04)23288582,2025,7,11,10,45,臺中市,南屯區,0,0,0,6,,,50,,,,,,,,,,,,,,13,,,,,C03,,,1,,1,,,7,7,1,6,4,120.616281,24.153314,3
3895,66000,387130000C,(04)23274275,(04)23288582,2025,7,11,10,48,臺中市,北區,0,0,0,5,,,50,,,,,,,,,,,,,,17,,,,,B03,,,1,,9,,,8,8,1,13,4,120.679152,24.156431,3
3896,66000,387130000C,(04)23274275,(04)23288582,2025,7,11,10,48,臺中市,西屯區,0,0,0,7,,,50,,,,,,,,,,,,,,13,,,,,B03,,,1,,1,,,59,59,1,12,4,120.609608,24.184261,3
3897,66000,387130000C,(04)23274275,(04)23288582,2025,7,11,10,49,臺中市,北區,0,0,0,5,,,50,,,,,,,,,,,,,,,,,,,B03,,,1,,2,,,20,20,1,13,4,120.67243,24.168846,3
3898,66000,387130000C,(04)23274275,(04)23288582,2025,7,11,10,50,臺中市,太平區,0,1,0,6,1,6,50,13,7,1,4,4,6,6,1,1,5,5,4,1,13,2,9,2,1,C03,7,8,1,10,2,14,,40,40,1,12,4,120.725819,24.149632,2
3899,66000,387130000C,(04)23274275,(04)23288582,2025,7,11,10,51,臺中市,北屯區,0,1,0,5,2,6,50,4,1,1,4,4,6,6,2,1,10,5,5,2,15,2,7,5,4,C04,7,9,1,10,1,14,,21,21,1,12,4,120.693047,24.170367,2
3900,66000,387130000C,(04)23274275,(04)23288582,2025,7,11,10,53,臺中市,太平區,0,1,0,7,3,6,50,13,9,1,5,4,6,6,4,4,5,5,5,1,12,2,9,2,1,C03,7,15,1,10,2,12,,84,84,1,12,4,120.722768,24.118619,2
3901,66000,387130000C,(04)23274275,(04)23288582,2025,7,11,10,54,臺中市,北區,0,0,0,7,,,50,,,,,,,,,,,,,,17,,,,,B03,,,1,,2,,,59,59,1,12,4,120.678956,24.156409,3
3902,66000,387130000C,(04)23274275,(04)23288582,2025,7,11,10,57,臺中市,豐原區,0,1,0,7,3,6,50,5,1,1,4,4,6,6,1,1,5,5,5,1,17,2,9,1,4,C03,7,9,1,10,2,14,,84,84,1,12,4,120.716413,24.252949,2
3903,66000,387130000C,(04)23274275,(04)23288582,2025,7,11,11,0,臺中市,東區,0,1,0,7,2,6,50,4,1,1,4,4,6,6,2,1,10,5,5,2,13,2,8,1,1,C03,7,9,3,19,2,11,,7,7,1,12,4,120.692533,24.138761,2
3904,66000,387130000C,(04)23274275,(04)23288582,2025,7,11,11,1,臺中市,后里區,0,0,0,7,3,6,40,13,9,1,5,4,6,6,4,4,10,5,5,2,17,3,10,3,1,B03,7,9,1,8,1,1,,56,56,1,6,4,120.721011,24.313305,3
3905,66000,387130000C,(04)23274275,(04)23288582,2025,7,11,11,2,臺中市,南屯區,0,0,0,7,,,50,,,,,,,,,,,,,,17,,,,,B02,,,1,,1,,,47,47,1,12,4,120.624074,24.149388,3
3906,66000,387130000C,(04)23274275,(04)23288582,2025,7,11,11,3,臺中市,西屯區,0,1,0,7,2,6,50,13,7,1,5,4,6,6,4,4,5,4,4,2,16,3,10,5,4,C03,7,1,1,10,2,14,,51,51,1,12,4,120.612753,24.171707,2
3907,66000,387130000C,(04)23274275,(04)23288582,2025,7,11,11,7,臺中市,大里區,0,2,0,6,2,6,50,3,2,1,5,4,6,6,4,4,5,5,4,1,16,2,9,1,1,C03,7,5,1,10,2,12,,47,47,1,12,4,120.684086,24.109796,2
3908,66000,387130000C,(04)23274275,(04)23288582,2025,7,11,11,10,臺中市,龍井區,0,0,0,7,,,30,,,,,,,,,,,,,,,,,,,A11,,,1,,2,,,49,49,1,12,4,120.540147,24.178123,3
3909,66000,387130000C,(04)23274275,(04)23288582,2025,7,11,11,10,臺中市,大甲區,0,0,0,5,,,50,,,,,,,,,,,,,,,,,,,B03,,,1,,1,,,87,87,1,6,4,120.648915,24.404498,3
3910,66000,387130000C,(04)23274275,(04)23288582,2025,7,11,11,15,臺中市,大肚區,0,0,0,7,,,50,,,,,,,,,,,,,,,,,,,B03,,,3,,2,,,49,49,1,6,4,120.576617,24.119184,3
3911,66000,387130000C,(04)23274275,(04)23288582,2025,7,11,11,17,臺中市,豐原區,0,0,0,7,,,50,,,,,,,,,,,,,,17,,,,,G02,,,7,,2,,,8,8,1,12,4,120.731133,24.249282,4
3912,66000,387130000C,(04)23274275,(04)23288582,2025,7,11,11,18,臺中市,大里區,0,1,0,6,2,6,50,4,2,1,4,4,6,6,1,1,5,2,5,1,12,2,7,1,1,C03,7,9,1,10,2,14,,8,8,1,13,4,120.678993,24.114944,2
3913,66000,387130000C,(04)23274275,(04)23288582,2025,7,11,11,22,臺中市,北屯區,0,0,0,6,,,40,,,,,,,,,,,,,,17,,,,,B03,,,1,,2,,,57,57,1,6,4,120.685203,24.196437,3
3914,66000,387130000C,(04)23274275,(04)23288582,2025,7,11,11,22,臺中市,大里區,0,0,0,7,,,40,,,,,,,,,,,,,,,,,,,B03,,,1,,2,,,87,87,1,13,4,120.680072,24.074122,3
3915,66000,387130000C,(04)23274275,(04)23288582,2025,7,11,11,24,臺中市,北區,0,1,0,7,2,6,50,13,9,1,5,4,6,6,4,4,10,5,5,2,17,2,8,1,1,C03,7,9,1,7,2,16,14,84,84,1,12,4,120.681359,24.155577,2
3916,66000,387130000C,(04)23274275,(04)23288582,2025,7,11,11,24,臺中市,南屯區,0,0,0,7,,,50,,,,,,,,,,,,,,14,,,,,B12,,,1,,2,,,49,49,1,12,4,120.626551,24.151663,3
3917,66000,387130000C,(04)23274275,(04)23288582,2025,7,11,11,26,臺中市,西屯區,0,1,0,6,2,6,50,13,9,1,4,4,6,6,2,1,1,4,5,2,18,2,9,5,4,C03,7,9,1,10,2,12,,59,59,1,13,4,120.651864,24.183634,2
3918,66000,387130000C,(04)23274275,(04)23288582,2025,7,11,11,26,臺中市,大里區,0,0,0,7,,,50,,,,,,,,,,,,,,17,,,,,B03,,,1,,1,,,51,51,1,12,4,120.674871,24.103753,3
3919,66000,387130000C,(04)23274275,(04)23288582,2025,7,11,11,28,臺中市,龍井區,0,0,0,6,2,6,50,13,9,5,5,4,6,,2,1,5,4,5,1,13,3,10,3,1,B03,7,9,1,8,2,1,,7,7,1,6,4,120.581758,24.175784,3
3920,66000,387130000C,(04)23274275,(04)23288582,2025,7,11,11,30,臺中市,北屯區,0,0,0,7,,6,50,,,,,,,,,,,,,,,,,,,C03,,,1,,2,,,20,20,1,12,4,120.683761,24.171107,3
3921,66000,387130000C,(04)23274275,(04)23288582,2025,7,11,11,30,臺中市,大甲區,0,0,0,7,,,40,,,,,,,,,,,,,,,,,,,B03,,,1,,2,,,43,43,1,12,4,120.626064,24.419518,3