序號,縣市別代碼,機關代碼,市話,傳真,年,月,日,時,分,縣市,區,死亡數量,受傷數量,2-30,天候,道路照明設備,道路類別,道路速限,道路型態,事故位置,路面鋪裝,路面狀態,路面缺陷,障礙物,視距,號誌種類,號誌動作,分向設施,快車道或一般車道間,快慢車道間,路面邊線,事故類型及型態,受傷程度,主要傷處,保護裝備,行動電話或功能裝置,當事者區分(類別),車輛用途,當事者行動狀態,駕照狀態,駕照種類,飲酒情形,車輛撞擊部位最初,車輛撞擊部位其他,肇事因素個別,肇事因素主要,肇事逃逸,職業,共享經濟或外送平台,GPS座標X,GPS座標Y,事故類別
3922,66000,387130000C,(04)23274275,(04)23288582,2025,7,11,11,32,臺中市,沙鹿區,0,1,0,6,2,6,60,3,2,1,4,4,6,6,4,4,1,4,4,1,17,2,8,1,1,C03,7,9,1,10,2,15,12,7,7,1,12,4,120.56988,24.239465,2
3923,66000,387130000C,(04)23274275,(04)23288582,2025,7,11,11,33,臺中市,北區,0,0,0,6,,,50,,,,,,,,,,,,,,17,,,,,C03,,,1,,9,,,8,8,2,13,4,120.681952,24.160394,3
3924,66000,387130000C,(04)23274275,(04)23288582,2025,7,11,11,33,臺中市,太平區,0,1,0,7,2,6,50,13,9,1,5,4,6,6,4,4,9,4,5,2,16,3,10,3,1,B03,7,1,1,8,2,1,,51,51,1,13,4,120.714675,24.103602,2
3925,66000,387130000C,(04)23274275,(04)23288582,2025,7,11,11,36,臺中市,北屯區,0,0,0,7,,,50,,,,,,,,,,,,,,,,,,,B03,,,1,,2,,,84,84,1,12,4,120.70764,24.196991,3
3926,66000,387130000C,(04)23274275,(04)23288582,2025,7,11,11,37,臺中市,北區,0,0,0,5,,,50,,,,,,,,,,,,,,,,,,,C03,,,1,,1,,,7,7,1,13,4,120.674616,24.162533,3
3927,66000,387130000C,(04)23274275,(04)23288582,2025,7,11,11,39,臺中市,東區,0,1,0,6,2,6,50,11,9,1,5,4,6,6,4,4,5,4,5,2,9,3,10,2,1,C03,7,9,1,10,2,11,,84,84,1,5,4,120.685421,24.130122,2
3928,66000,387130000C,(04)23274275,(04)23288582,2025,7,11,11,41,臺中市,豐原區,0,0,0,6,,,50,,,,,,,,,,,,,,13,,,,,B03,,,1,,1,,,57,57,1,12,4,120.72326,24.24545,3
3929,66000,387130000C,(04)23274275,(04)23288582,2025,7,11,11,44,臺中市,大里區,0,0,0,6,,,50,,,,,,,,,,,,,,17,,,,,B03,,,1,,2,,,59,59,1,13,4,120.6893,24.083966,3
3930,66000,387130000C,(04)23274275,(04)23288582,2025,7,11,11,46,臺中市,南屯區,0,0,0,6,,,50,,,,,,,,,,,,,,13,,,,,B03,,,1,,1,,,84,84,1,13,4,120.626893,24.116375,3
3931,66000,387130000C,(04)23274275,(04)23288582,2025,7,11,11,46,臺中市,南屯區,0,1,0,6,3,6,50,13,9,1,5,4,6,6,4,4,10,4,5,2,17,3,10,3,1,B03,7,3,1,8,2,8,,50,50,1,12,4,120.620912,24.134705,2
3932,66000,387130000C,(04)23274275,(04)23288582,2025,7,11,11,46,臺中市,烏日區,0,2,0,7,2,6,50,13,7,1,5,4,6,6,4,4,1,4,1,1,13,2,9,3,1,B12,7,9,1,8,2,1,,7,7,1,6,4,120.615738,24.10291,2
3933,66000,387130000C,(04)23274275,(04)23288582,2025,7,11,11,49,臺中市,烏日區,0,1,0,6,2,6,30,4,1,1,5,4,6,6,4,4,10,5,5,2,15,2,9,5,4,C03,7,9,1,10,2,11,,12,12,1,13,4,120.635021,24.110406,2
3934,66000,387130000C,(04)23274275,(04)23288582,2025,7,11,11,53,臺中市,南區,0,0,0,7,,,50,,,,,,,,,,,,,,17,,,,,B13,,,1,,2,,,7,7,1,12,4,120.645792,24.11171,3
3935,66000,387130000C,(04)23274275,(04)23288582,2025,7,11,11,54,臺中市,大里區,0,0,0,7,,,40,,,,,,,,,,,,,,,,,,,B12,,,1,,2,,,84,84,1,13,4,120.70958,24.089081,3
3936,66000,387130000C,(04)23274275,(04)23288582,2025,7,11,11,56,臺中市,后里區,0,0,0,7,,,50,,,,,,,,,,,,,,12,,,,,B03,,,1,,2,,,50,50,1,12,4,120.71796,24.310138,3
3937,66000,387130000C,(04)23274275,(04)23288582,2025,7,11,11,57,臺中市,南區,0,2,0,6,2,6,50,3,2,1,5,4,6,6,4,4,1,4,5,2,17,2,9,3,1,B03,7,8,1,8,2,7,,40,40,1,6,4,120.670078,24.121554,2
3938,66000,387130000C,(04)23274275,(04)23288582,2025,7,11,11,59,臺中市,北屯區,0,1,0,7,2,6,50,4,1,1,5,4,6,6,4,4,10,5,5,2,17,2,8,5,4,C03,7,15,1,10,1,14,,84,84,1,12,4,120.690835,24.17197,2
3939,66000,387130000C,(04)23274275,(04)23288582,2025,7,11,12,0,臺中市,南屯區,0,0,0,5,,,50,,,,,,,,,,,,,,,,,,,B03,,,1,,1,,,84,84,1,6,4,120.653904,24.132223,3
3940,66000,387130000C,(04)23274275,(04)23288582,2025,7,11,12,0,臺中市,梧棲區,0,1,0,7,3,6,40,3,1,1,5,4,6,6,3,1,10,5,5,2,16,3,10,3,1,B03,7,5,1,8,2,8,,24,24,1,6,4,120.534589,24.250407,2
3941,66000,387130000C,(04)23274275,(04)23288582,2025,7,11,12,1,臺中市,東區,0,1,0,7,2,6,50,3,1,1,5,4,6,6,4,4,10,5,5,2,17,2,9,2,1,C03,7,9,3,19,2,11,,7,7,1,13,4,120.698881,24.130504,2
3942,66000,387130000C,(04)23274275,(04)23288582,2025,7,11,12,5,臺中市,南區,0,0,0,7,,,50,,,,,,,,,,,,,,17,,,,,,,,,,,,,86,86,1,,,120.666662,24.121817,3
3943,66000,387130000C,(04)23274275,(04)23288582,2025,7,11,12,8,臺中市,南區,0,3,0,7,2,6,50,3,1,1,5,4,6,6,4,4,5,4,5,2,13,2,9,1,1,C03,7,9,1,10,2,11,13,7,7,1,12,4,120.684357,24.127212,2
3944,66000,387130000C,(04)23274275,(04)23288582,2025,7,11,12,11,臺中市,南區,0,2,0,7,2,6,50,3,1,1,5,4,6,6,1,1,9,4,4,2,17,2,9,6,1,F01,7,9,7,21,2,15,,7,7,1,12,4,120.680243,24.120617,2
3945,66000,387130000C,(04)23274275,(04)23288582,2025,7,11,12,16,臺中市,神岡區,0,0,0,7,,,30,,,,,,,,,,,,,,14,,,,,B12,,,1,,1,,,49,49,1,12,4,120.69033,24.266606,3
3946,66000,387130000C,(04)23274275,(04)23288582,2025,7,11,12,18,臺中市,西區,0,0,0,7,,,30,,,,,,,,,,,,,,,,,,,,,,,,,,,119,119,1,,,120.653182,24.148375,3
3947,66000,387130000C,(04)23274275,(04)23288582,2025,7,11,12,18,臺中市,豐原區,0,1,0,7,3,6,50,13,9,1,5,4,6,6,4,4,9,5,4,2,17,3,10,5,4,B03,7,14,1,8,2,16,,87,87,1,12,4,120.728289,24.245487,2
3948,66000,387130000C,(04)23274275,(04)23288582,2025,7,11,12,19,臺中市,北區,0,1,0,7,2,6,50,4,1,1,5,4,6,6,1,1,5,5,5,2,17,2,9,1,1,C03,7,6,1,10,2,14,,48,48,1,12,4,120.682364,24.16033,2
3949,66000,387130000C,(04)23274275,(04)23288582,2025,7,11,12,21,臺中市,西區,0,2,0,7,1,6,50,4,1,1,5,4,6,6,1,1,10,5,5,1,17,2,9,5,4,C03,7,9,1,10,2,11,,84,84,1,12,4,120.672031,24.146229,2
3950,66000,387130000C,(04)23274275,(04)23288582,2025,7,11,12,22,臺中市,西區,0,2,0,6,2,6,50,4,2,1,4,4,6,6,4,4,5,5,5,2,30,2,9,2,1,C03,7,9,1,10,2,11,,85,85,1,13,4,120.668763,24.140752,2
3951,66000,387130000C,(04)23274275,(04)23288582,2025,7,11,12,24,臺中市,西屯區,0,1,0,6,2,6,50,13,7,1,5,4,6,6,4,4,4,3,4,2,16,3,10,5,4,B03,7,11,1,8,2,8,,45,45,1,13,4,120.623376,24.193539,2
3952,66000,387130000C,(04)23274275,(04)23288582,2025,7,11,12,25,臺中市,烏日區,0,0,0,7,,,30,,,,,,,,,,,,,,14,,,,,B12,,,5,,2,,,49,49,1,6,4,120.638952,24.06213,3
3953,66000,387130000C,(04)23274275,(04)23288582,2025,7,11,12,28,臺中市,南區,0,0,0,7,,,50,,,,,,,,,,,,,,13,,,,,B03,,,1,,2,,,59,59,1,13,4,120.679003,24.119128,3
3954,66000,387130000C,(04)23274275,(04)23288582,2025,7,11,12,31,臺中市,外埔區,0,0,0,7,,,50,,,,,,,,,,,,,,19,,,,,B03,,,1,,2,,,59,59,1,12,4,120.659763,24.320673,3
3955,66000,387130000C,(04)23274275,(04)23288582,2025,7,11,12,34,臺中市,龍井區,0,1,0,7,3,6,50,4,1,1,5,4,6,6,4,4,10,4,5,1,17,3,10,3,1,B03,7,9,1,8,2,2,,15,15,1,12,4,120.512718,24.205851,2
3956,66000,387130000C,(04)23274275,(04)23288582,2025,7,11,12,38,臺中市,西屯區,0,0,0,7,,,50,,,,,,,,,,,,,,13,,,,,B03,,,1,,1,,,47,47,1,12,4,120.660712,24.172391,3
3957,66000,387130000C,(04)23274275,(04)23288582,2025,7,11,12,41,臺中市,南屯區,0,0,0,6,,,50,,,,,,,,,,,,,,13,,,,,B01,,,1,,1,,,56,56,1,6,4,120.647053,24.150901,3
3958,66000,387130000C,(04)23274275,(04)23288582,2025,7,11,12,43,臺中市,豐原區,0,0,0,7,,,50,,,,,,,,,,,,,,12,,,,,C03,,,1,,2,,,84,84,1,12,4,120.721685,24.273309,3
3959,66000,387130000C,(04)23274275,(04)23288582,2025,7,11,12,44,臺中市,西區,0,2,0,7,2,6,50,3,1,1,5,4,6,6,2,1,1,2,4,2,16,2,9,2,1,C03,7,5,1,10,2,12,,22,22,1,12,4,120.665757,24.140083,2
3960,66000,387130000C,(04)23274275,(04)23288582,2025,7,11,12,53,臺中市,西區,0,0,0,7,,,40,,,,,,,,,,,,,,,,,,,C03,,,1,,1,,,84,84,1,12,4,120.670375,24.145938,3
3961,66000,387130000C,(04)23274275,(04)23288582,2025,7,11,12,54,臺中市,中區,0,1,0,5,1,6,50,4,1,1,4,4,6,6,1,1,10,5,5,1,17,2,9,5,4,C03,7,9,1,10,2,11,,84,84,1,12,4,120.680994,24.14383,2
3962,66000,387130000C,(04)23274275,(04)23288582,2025,7,11,12,55,臺中市,西屯區,0,0,0,6,,,50,,,,,,,,,,,,,,13,,,,,C03,,,1,,1,,,7,7,1,13,4,120.637979,24.180788,3
3963,66000,387130000C,(04)23274275,(04)23288582,2025,7,11,12,55,臺中市,龍井區,0,0,0,7,,,40,,,,,,,,,,,,,,,,,,,B03,,,1,,1,,,51,51,1,12,4,120.55155,24.21308,3
3964,66000,387130000C,(04)23274275,(04)23288582,2025,7,11,12,56,臺中市,北屯區,0,2,0,6,3,6,50,5,1,1,5,4,6,6,1,1,5,5,5,2,10,3,10,3,1,B03,7,9,1,10,2,1,,39,39,1,13,4,120.676111,24.201315,2
3965,66000,387130000C,(04)23274275,(04)23288582,2025,7,11,13,1,臺中市,豐原區,0,0,0,6,,,50,,,,,,,,,,,,,,13,,,,,B03,,,1,,1,,,59,59,1,12,4,120.721775,24.273079,3
3966,66000,387130000C,(04)23274275,(04)23288582,2025,7,11,13,6,臺中市,大里區,0,0,0,6,,,50,,,,,,,,,,,,,,17,,,,,B03,,,1,,2,,,49,49,1,13,4,120.719057,24.091633,3
3967,66000,387130000C,(04)23274275,(04)23288582,2025,7,11,13,7,臺中市,東區,0,0,0,7,,,50,,,,,,,,,,,,,,17,,,,,B03,,,1,,2,,,59,59,1,6,4,120.696971,24.142991,3
3968,66000,387130000C,(04)23274275,(04)23288582,2025,7,11,13,8,臺中市,西屯區,0,0,0,7,,,30,,,,,,,,,,,,,,14,,,,,B12,,,1,,2,,,49,49,1,12,4,120.647067,24.203108,3
3969,66000,387130000C,(04)23274275,(04)23288582,2025,7,11,13,10,臺中市,大雅區,0,0,0,6,,,50,,,,,,,,,,,,,,,,,,,B03,,,1,,9,,,51,51,1,12,4,120.656999,24.225497,3
3970,66000,387130000C,(04)23274275,(04)23288582,2025,7,11,13,12,臺中市,西區,0,1,0,5,2,6,50,4,1,1,4,4,6,6,4,4,9,4,5,2,17,2,8,1,1,C03,7,9,1,10,2,12,,12,12,1,12,4,120.660215,24.149024,2
3971,66000,387130000C,(04)23274275,(04)23288582,2025,7,11,13,14,臺中市,北區,0,0,0,7,,,30,,,,,,,,,,,,,,17,,,,,C03,,,1,,1,,,14,14,1,13,4,120.677382,24.147829,3
3972,66000,387130000C,(04)23274275,(04)23288582,2025,7,11,13,20,臺中市,西區,0,0,0,6,,,50,,,,,,,,,,,,,,,,,,,C03,,,1,10,1,,,51,51,2,13,4,120.66189,24.151538,3
3973,66000,387130000C,(04)23274275,(04)23288582,2025,7,11,13,29,臺中市,大雅區,0,1,0,6,1,6,50,5,1,1,5,4,6,6,4,4,10,5,5,2,16,3,10,3,1,B03,7,6,1,8,2,2,,14,14,1,12,4,120.644876,24.221476,2
3974,66000,387130000C,(04)23274275,(04)23288582,2025,7,11,13,29,臺中市,大里區,0,0,0,6,2,6,50,4,2,1,5,4,6,6,1,1,5,5,4,2,13,,,,,B03,,,1,,2,,,84,84,1,13,4,120.68203,24.100337,3
3975,66000,387130000C,(04)23274275,(04)23288582,2025,7,11,13,30,臺中市,西區,0,0,0,5,2,6,40,13,8,1,4,4,6,6,4,4,3,4,4,2,30,,,,,B03,,,1,,1,,,87,87,1,13,4,120.660127,24.157947,3
3976,66000,387130000C,(04)23274275,(04)23288582,2025,7,11,13,34,臺中市,北區,0,0,0,7,2,6,50,4,2,1,5,4,6,6,1,1,1,4,5,2,13,3,10,1,1,C03,7,9,1,10,1,11,,7,7,1,12,4,120.684978,24.165312,4
3977,66000,387130000C,(04)23274275,(04)23288582,2025,7,11,13,35,臺中市,北區,0,0,0,6,,,50,,,,,,,,,,,,,,17,,,,,B03,,,6,,1,,,85,85,1,13,4,120.681689,24.154513,4
3978,66000,387130000C,(04)23274275,(04)23288582,2025,7,11,13,40,臺中市,西區,0,0,0,7,,,50,,,,,,,,,,,,,,,,,,,A31,,,1,,2,,,84,84,1,12,4,120.669505,24.150145,3
3979,66000,387130000C,(04)23274275,(04)23288582,2025,7,11,13,48,臺中市,大里區,0,1,0,7,2,6,50,3,2,1,5,4,6,6,4,4,5,4,4,1,13,2,9,1,1,C03,7,9,1,10,2,11,12,7,7,1,12,4,120.689787,24.116269,2
3980,66000,387130000C,(04)23274275,(04)23288582,2025,7,11,13,52,臺中市,太平區,0,1,0,6,2,6,30,4,1,1,5,4,6,6,4,4,10,5,5,2,15,3,10,3,1,B03,7,9,1,8,2,8,,13,13,1,12,4,120.724078,24.136437,2
3981,66000,387130000C,(04)23274275,(04)23288582,2025,7,11,13,55,臺中市,太平區,0,0,0,7,,,30,,,,,,,,,,,,,,14,,,,,B02,,,1,,2,,,49,49,1,13,4,120.71665,24.123205,3
3982,66000,387130000C,(04)23274275,(04)23288582,2025,7,11,14,2,臺中市,西區,0,0,0,7,,,50,,,,,,,,,,,,,,,,,,,B03,,,1,,2,,,51,51,1,12,4,120.671794,24.14907,3
3983,66000,387130000C,(04)23274275,(04)23288582,2025,7,11,14,6,臺中市,神岡區,0,1,0,6,2,6,30,3,1,1,5,4,6,6,4,4,10,5,5,2,16,3,10,3,1,B12,7,5,1,8,2,4,,14,14,1,12,4,120.708134,24.271803,2
3984,66000,387130000C,(04)23274275,(04)23288582,2025,7,11,14,12,臺中市,北屯區,0,0,0,7,,,50,,,,,,,,,,,,,,,,,,,B03,,,1,,2,,,84,84,1,12,4,120.688384,24.201101,3
3985,66000,387130000C,(04)23274275,(04)23288582,2025,7,11,14,15,臺中市,沙鹿區,0,1,0,6,3,6,60,13,9,1,5,4,6,6,4,4,3,4,5,1,17,2,9,2,1,C03,7,9,1,10,2,12,,84,84,1,12,4,120.606578,24.247351,2
3986,66000,387130000C,(04)23274275,(04)23288582,2025,7,11,14,16,臺中市,新社區,0,1,0,6,3,6,30,13,9,1,5,4,6,6,4,4,10,5,5,2,17,2,9,5,4,C03,7,1,3,19,2,11,,51,51,1,13,4,120.807951,24.245738,2
3987,66000,387130000C,(04)23274275,(04)23288582,2025,7,11,14,19,臺中市,沙鹿區,0,0,0,7,,,50,,,,,,,,,,,,,,,,,,,B12,,,1,,1,,,50,50,1,12,4,120.557445,24.234084,3
3988,66000,387130000C,(04)23274275,(04)23288582,2025,7,11,14,25,臺中市,石岡區,0,0,0,6,,,70,,,,,,,,,,,,,,,,,,,B03,,,1,,1,,,7,7,1,13,4,120.790416,24.273143,3
3989,66000,387130000C,(04)23274275,(04)23288582,2025,7,11,14,31,臺中市,西屯區,0,0,0,6,,,50,,,,,,,,,,,,,,13,,,,,B03,,,1,,2,,,51,51,1,13,4,120.642818,24.158926,3
3990,66000,387130000C,(04)23274275,(04)23288582,2025,7,11,14,32,臺中市,霧峰區,0,1,0,5,3,6,50,4,1,1,4,4,6,6,1,1,10,5,5,2,3,3,10,5,4,B03,7,6,1,8,2,8,,10,10,1,13,4,120.698302,24.061913,2
3991,66000,387130000C,(04)23274275,(04)23288582,2025,7,11,14,33,臺中市,北屯區,0,0,0,5,,,50,,,,,,,,,,,,,,,,,,,B11,,,1,,9,,,7,7,1,12,4,120.729712,24.160515,3
3992,66000,387130000C,(04)23274275,(04)23288582,2025,7,11,14,33,臺中市,大里區,0,0,0,5,2,6,50,3,1,1,4,4,6,6,1,1,10,5,5,2,12,,,,,B01,,,1,,2,,,84,84,1,13,4,120.687062,24.121115,4
3993,66000,387130000C,(04)23274275,(04)23288582,2025,7,11,14,38,臺中市,西屯區,0,1,0,5,2,6,50,13,7,1,4,4,6,6,4,4,5,5,4,2,13,2,8,2,1,C03,7,9,1,10,2,14,,58,58,1,12,4,120.655412,24.164596,2
3994,66000,387130000C,(04)23274275,(04)23288582,2025,7,11,14,39,臺中市,西區,0,1,0,5,1,6,50,3,1,1,4,4,6,6,1,1,10,5,5,1,17,2,9,5,4,C03,7,9,1,10,2,11,,7,7,1,12,4,120.661743,24.16016,2
3995,66000,387130000C,(04)23274275,(04)23288582,2025,7,11,14,41,臺中市,霧峰區,0,0,0,5,,,40,,,,,,,,,,,,,,,,,,,B12,,,1,,1,,,39,39,1,13,4,120.663324,24.062902,3
3996,66000,387130000C,(04)23274275,(04)23288582,2025,7,11,14,42,臺中市,霧峰區,0,0,0,5,,,50,,,,,,,,,,,,,,17,,,,,B03,,,1,,1,,,49,49,1,13,4,120.697247,24.063904,3
3997,66000,387130000C,(04)23274275,(04)23288582,2025,7,11,14,47,臺中市,大里區,0,1,0,5,2,6,40,4,2,1,4,4,6,6,1,1,5,5,4,1,16,2,9,1,1,C03,7,6,3,19,7,14,,48,48,1,6,4,120.68831,24.106452,2
3998,66000,387130000C,(04)23274275,(04)23288582,2025,7,11,14,50,臺中市,沙鹿區,0,1,0,5,1,6,50,4,1,1,4,4,6,6,1,1,10,5,5,2,17,2,8,1,1,C03,7,9,1,10,2,14,,6,6,1,6,4,120.558428,24.229624,2
3999,66000,387130000C,(04)23274275,(04)23288582,2025,7,11,14,51,臺中市,太平區,0,0,0,5,,,50,,,,,,,,,,,,,,17,,,,,C03,,,1,,2,,,49,49,1,12,4,120.721877,24.149176,3
4000,66000,387130000C,(04)23274275,(04)23288582,2025,7,11,14,52,臺中市,豐原區,0,0,0,5,,,,,,,,,,,,,,,,,,,,,,,,,,,,,,86,86,1,,,120.709979,24.250806,3
4001,66000,387130000C,(04)23274275,(04)23288582,2025,7,11,14,55,臺中市,大雅區,0,1,0,5,1,6,50,4,1,1,4,4,6,6,1,1,5,5,5,1,17,3,10,3,1,B01,7,9,1,4,2,16,,21,21,1,13,4,120.645845,24.225776,2
4002,66000,387130000C,(04)23274275,(04)23288582,2025,7,11,14,57,臺中市,西區,0,0,0,5,,,50,,,,,,,,,,,,,,12,,,,,B02,,,1,,1,,,8,8,1,12,4,120.662021,24.149868,3
4003,66000,387130000C,(04)23274275,(04)23288582,2025,7,11,14,59,臺中市,南區,0,0,0,5,,,50,,,,,,,,,,,,,,13,,,,,B03,,,1,,2,,,7,7,1,12,4,120.65638,24.116115,3
4004,66000,387130000C,(04)23274275,(04)23288582,2025,7,11,15,0,臺中市,南屯區,0,1,0,7,2,6,50,4,1,1,4,4,6,6,1,1,9,4,5,2,11,3,10,3,1,B03,7,6,1,8,2,6,,11,11,1,12,4,120.633946,24.146191,2
4005,66000,387130000C,(04)23274275,(04)23288582,2025,7,11,15,3,臺中市,沙鹿區,0,1,0,5,3,6,50,4,1,1,4,4,6,6,3,1,10,5,5,2,17,3,10,3,1,B12,7,15,1,1,2,16,,84,84,1,6,4,120.567895,24.253496,2
4006,66000,387130000C,(04)23274275,(04)23288582,2025,7,11,15,5,臺中市,大里區,0,0,0,5,,,50,,,,,,,,,,,,,,12,,,,,B03,,,1,,1,,,42,42,1,13,4,120.695654,24.096546,3
4007,66000,387130000C,(04)23274275,(04)23288582,2025,7,11,15,5,臺中市,清水區,0,1,0,5,3,6,30,3,1,1,4,4,6,6,4,4,9,4,5,1,16,2,8,1,1,C03,7,6,1,10,2,12,,85,85,1,12,4,120.578851,24.289786,2
4008,66000,387130000C,(04)23274275,(04)23288582,2025,7,11,15,7,臺中市,南屯區,0,2,0,5,2,6,50,13,7,1,4,4,6,6,4,4,5,5,4,2,13,2,9,2,1,C03,7,9,1,10,2,11,,7,7,1,12,4,120.626011,24.114726,2
4009,66000,387130000C,(04)23274275,(04)23288582,2025,7,11,15,7,臺中市,豐原區,0,0,0,5,,,50,,,,,,,,,,,,,,12,,,,,B03,,,1,,1,,,26,26,1,12,4,120.704571,24.249653,3
4010,66000,387130000C,(04)23274275,(04)23288582,2025,7,11,15,8,臺中市,清水區,0,0,0,7,2,6,50,4,1,1,5,4,6,6,3,1,8,3,5,2,12,,,,,B12,,,1,,1,,,76,76,1,12,4,120.575186,24.271905,3
4011,66000,387130000C,(04)23274275,(04)23288582,2025,7,11,15,10,臺中市,烏日區,0,1,0,7,3,6,50,5,1,1,4,4,6,6,1,1,10,5,5,2,17,2,9,2,1,C03,7,1,1,10,2,14,,51,51,1,6,4,120.643914,24.083677,2
4012,66000,387130000C,(04)23274275,(04)23288582,2025,7,11,15,10,臺中市,梧棲區,0,0,0,5,,,50,,,,,,,,,,,,,,14,,,,,B03,,,1,,1,,,49,49,1,6,4,120.529528,24.251511,3
4013,66000,387130000C,(04)23274275,(04)23288582,2025,7,11,15,12,臺中市,大甲區,0,1,0,5,1,6,40,13,9,1,4,4,6,6,1,1,6,5,5,1,13,3,10,3,1,B12,7,9,1,8,2,1,,84,84,1,12,4,120.626924,24.349171,2
4014,66000,387130000C,(04)23274275,(04)23288582,2025,7,11,15,14,臺中市,南區,0,0,0,5,,,50,,,,,,,,,,,,,,14,,,,,B03,,,1,,2,,,49,49,1,12,4,120.668408,24.113556,3
4015,66000,387130000C,(04)23274275,(04)23288582,2025,7,11,15,14,臺中市,西屯區,0,0,0,5,,,50,,,,,,,,,,,,,,,,,,,B03,,,1,,1,,,59,59,1,12,4,120.638355,24.181683,3
4016,66000,387130000C,(04)23274275,(04)23288582,2025,7,11,15,17,臺中市,北區,0,1,0,5,2,6,50,3,1,1,4,4,6,6,1,1,1,4,4,2,16,3,10,3,1,B03,7,6,1,8,2,2,,11,11,1,12,4,120.672565,24.168787,2
4017,66000,387130000C,(04)23274275,(04)23288582,2025,7,11,15,19,臺中市,南屯區,0,1,0,6,2,6,50,4,2,1,4,4,6,6,4,4,10,5,5,2,18,2,9,1,1,C03,7,9,1,10,2,14,,59,59,1,12,4,120.611613,24.136204,2
4018,66000,387130000C,(04)23274275,(04)23288582,2025,7,11,15,20,臺中市,神岡區,0,0,0,5,,,50,,,,,,,,,,,,,,2,,,,,B03,,,1,,2,,,51,51,1,12,4,120.685021,24.24667,3
4019,66000,387130000C,(04)23274275,(04)23288582,2025,7,11,15,23,臺中市,北屯區,0,0,0,5,2,6,50,13,9,1,4,4,6,6,4,1,5,5,5,2,14,3,10,3,1,B12,7,3,1,6,2,5,,50,50,1,6,4,120.71467,24.160798,3
4020,66000,387130000C,(04)23274275,(04)23288582,2025,7,11,15,29,臺中市,北區,0,0,0,7,,,50,,,,,,,,,,,,,,17,,,,,B03,,,1,,1,,,49,49,1,13,4,120.682285,24.165907,3
4021,66000,387130000C,(04)23274275,(04)23288582,2025,7,11,15,30,臺中市,大甲區,0,0,0,5,,,40,,,,,,,,,,,,,,15,3,10,6,1,B03,7,5,1,4,2,8,,51,51,1,13,4,120.650885,24.392703,3
4022,66000,387130000C,(04)23274275,(04)23288582,2025,7,11,15,33,臺中市,北屯區,0,0,0,5,,,50,,,,,,,,,,,,,,13,,,,,B03,,,3,19,2,,,56,56,1,6,4,120.688128,24.181761,3
4023,66000,387130000C,(04)23274275,(04)23288582,2025,7,11,15,39,臺中市,西屯區,0,0,0,5,,,50,,,,,,,,,,,,,,12,,,,,B03,,,1,,1,,,51,51,1,12,4,120.640174,24.175168,3
4024,66000,387130000C,(04)23274275,(04)23288582,2025,7,11,15,41,臺中市,大雅區,0,0,0,5,,,50,,,,,,,,,,,,,,,,,,,C03,,,1,,1,,,8,8,1,12,4,120.652091,24.22772,3
4025,66000,387130000C,(04)23274275,(04)23288582,2025,7,11,15,43,臺中市,霧峰區,0,0,0,7,,,50,,,,,,,,,,,,,,,,,,,A12,,,1,,2,,,59,59,1,12,4,120.696557,24.021787,3
4026,66000,387130000C,(04)23274275,(04)23288582,2025,7,11,15,48,臺中市,東區,0,1,0,5,3,6,40,13,8,1,4,4,6,6,4,4,5,5,4,2,14,3,10,5,4,A12,7,2,1,1,2,6,,49,49,1,12,4,120.690982,24.129706,2
4027,66000,387130000C,(04)23274275,(04)23288582,2025,7,11,15,53,臺中市,東區,0,1,0,5,2,6,50,4,1,1,4,4,6,6,2,1,5,4,5,2,18,2,9,2,1,C03,7,9,1,10,2,12,,84,84,1,13,4,120.685993,24.143156,2
4028,66000,387130000C,(04)23274275,(04)23288582,2025,7,11,15,54,臺中市,大里區,0,0,0,7,,,50,,,,,,,,,,,,,,17,,,,,B03,,,1,,1,,,51,51,1,12,4,120.678384,24.114264,3
4029,66000,387130000C,(04)23274275,(04)23288582,2025,7,11,15,59,臺中市,南屯區,0,1,0,7,2,6,50,4,1,1,5,4,6,6,1,1,10,5,5,2,9,3,10,1,1,C03,7,6,1,10,9,11,,10,10,2,12,4,120.611568,24.138461,2
4030,66000,387130000C,(04)23274275,(04)23288582,2025,7,11,16,0,臺中市,北區,0,0,0,7,,,50,,,,,,,,,,,,,,17,,,,,A12,,,1,,2,,,12,12,1,13,4,120.681535,24.159007,3
4031,66000,387130000C,(04)23274275,(04)23288582,2025,7,11,16,0,臺中市,沙鹿區,0,0,0,7,,,50,,,,,,,,,,,,,,,,,,,B03,,,1,,1,,,50,50,1,12,4,120.576267,24.222425,3
4032,66000,387130000C,(04)23274275,(04)23288582,2025,7,11,16,2,臺中市,梧棲區,0,0,0,5,,,70,,,,,,,,,,,,,,13,,,,,B03,,,1,,1,,,84,84,1,6,4,120.535942,24.249956,3
4033,66000,387130000C,(04)23274275,(04)23288582,2025,7,11,16,4,臺中市,南屯區,0,0,0,6,3,6,50,13,8,1,5,4,6,6,4,4,5,4,4,2,17,,,,,B12,,,1,,1,,,39,39,1,12,4,120.632988,24.140235,3
4034,66000,387130000C,(04)23274275,(04)23288582,2025,7,11,16,12,臺中市,西區,0,1,0,6,2,6,50,13,9,1,4,4,6,6,4,4,9,5,5,2,17,3,10,3,1,B03,7,1,1,8,2,16,,85,85,1,12,4,120.6575,24.152676,2