序號,縣市別代碼,機關代碼,市話,傳真,年,月,日,時,分,縣市,區,死亡數量,受傷數量,2-30,天候,道路照明設備,道路類別,道路速限,道路型態,事故位置,路面鋪裝,路面狀態,路面缺陷,障礙物,視距,號誌種類,號誌動作,分向設施,快車道或一般車道間,快慢車道間,路面邊線,事故類型及型態,受傷程度,主要傷處,保護裝備,行動電話或功能裝置,當事者區分(類別),車輛用途,當事者行動狀態,駕照狀態,駕照種類,飲酒情形,車輛撞擊部位最初,車輛撞擊部位其他,肇事因素個別,肇事因素主要,肇事逃逸,職業,共享經濟或外送平台,GPS座標X,GPS座標Y,事故類別
4035,66000,387130000C,(04)23274275,(04)23288582,2025,7,11,16,13,臺中市,北區,0,0,0,5,,,50,,,,,,,,,,,,,,13,,,,,B03,,,1,,1,,,7,7,1,13,4,120.681604,24.162952,3
4036,66000,387130000C,(04)23274275,(04)23288582,2025,7,11,16,16,臺中市,北區,0,1,0,6,3,6,50,18,9,1,4,4,6,6,4,4,1,4,4,2,18,2,9,1,1,C03,7,9,1,10,2,16,,84,84,1,12,4,120.684942,24.157434,2
4037,66000,387130000C,(04)23274275,(04)23288582,2025,7,11,16,18,臺中市,南區,0,0,0,7,,,50,,,,,,,,,,,,,,13,,,,,B01,,,1,,2,,,84,84,1,12,4,120.66963,24.126077,3
4038,66000,387130000C,(04)23274275,(04)23288582,2025,7,11,16,18,臺中市,北屯區,0,0,0,7,,,50,,,,,,,,,,,,,,,,,,,B03,,,1,,1,,,7,7,1,12,4,120.719896,24.1644,3
4039,66000,387130000C,(04)23274275,(04)23288582,2025,7,11,16,19,臺中市,西屯區,0,0,0,7,,,40,,,,,,,,,,,,,,17,,,,,B03,,,1,,1,,,84,84,1,12,4,120.618321,24.181225,3
4040,66000,387130000C,(04)23274275,(04)23288582,2025,7,11,16,20,臺中市,西屯區,0,0,0,5,,,40,,,,,,,,,,,,,,14,,,,,B03,,,1,,1,,,49,49,1,12,4,120.667185,24.178179,4
4041,66000,387130000C,(04)23274275,(04)23288582,2025,7,11,16,23,臺中市,神岡區,0,0,0,5,,,50,,,,,,,,,,,,,,13,,,,,B03,,,1,,2,,,7,7,1,12,4,120.692902,24.248342,3
4042,66000,387130000C,(04)23274275,(04)23288582,2025,7,11,16,24,臺中市,豐原區,0,1,0,6,2,6,50,13,7,1,4,4,6,6,4,4,5,4,4,2,17,2,9,1,1,C03,7,15,1,10,2,14,,42,42,1,12,4,120.719288,24.238598,2
4043,66000,387130000C,(04)23274275,(04)23288582,2025,7,11,16,28,臺中市,霧峰區,0,0,0,7,,,50,,,,,,,,,,,,,,,,,,,B12,,,1,,2,,,8,8,1,12,4,120.680752,24.065164,3
4044,66000,387130000C,(04)23274275,(04)23288582,2025,7,11,16,31,臺中市,北區,0,1,0,6,2,6,50,13,9,1,4,4,6,6,4,4,5,5,5,2,17,2,9,5,1,C03,7,9,1,10,2,14,,42,42,1,13,4,120.674885,24.160518,2
4045,66000,387130000C,(04)23274275,(04)23288582,2025,7,11,16,36,臺中市,南區,0,1,0,6,2,6,50,4,1,1,5,4,6,6,1,1,10,5,5,2,16,3,10,3,1,B03,7,5,1,8,2,2,,11,11,1,12,4,120.669051,24.128577,2
4046,66000,387130000C,(04)23274275,(04)23288582,2025,7,11,16,40,臺中市,北屯區,0,0,0,7,,6,50,,,,,,,,,,,,,,13,,,,,C03,,,1,,2,,,7,7,1,6,4,120.721688,24.179585,3
4047,66000,387130000C,(04)23274275,(04)23288582,2025,7,11,16,45,臺中市,南區,0,0,0,5,,,40,,,,,,,,,,,,,,17,,,,,B03,,,1,,1,,,84,84,1,12,4,120.682193,24.119192,3
4048,66000,387130000C,(04)23274275,(04)23288582,2025,7,11,16,46,臺中市,東區,0,0,0,7,,,50,,,,,,,,,,,,,,13,,,,,B11,,,1,,1,,,84,84,1,13,4,120.690193,24.129636,3
4049,66000,387130000C,(04)23274275,(04)23288582,2025,7,11,16,52,臺中市,太平區,0,0,0,6,,,50,,,,,,,,,,,,,,17,,,,,B03,,,1,,11,,,84,84,1,13,4,120.716181,24.147917,3
4050,66000,387130000C,(04)23274275,(04)23288582,2025,7,11,16,53,臺中市,霧峰區,0,1,0,5,2,3,80,13,9,1,4,4,6,6,4,4,1,4,5,1,13,3,10,3,1,B12,7,9,1,7,1,1,,59,59,1,12,4,120.682928,24.077625,2
4051,66000,387130000C,(04)23274275,(04)23288582,2025,7,11,16,55,臺中市,潭子區,0,4,0,6,3,6,50,3,2,1,5,4,6,6,4,4,3,4,5,1,13,2,9,3,1,B03,7,9,1,8,2,1,,7,7,1,12,4,120.721084,24.222666,2
4052,66000,387130000C,(04)23274275,(04)23288582,2025,7,11,16,57,臺中市,南區,0,1,0,7,2,6,40,4,1,1,4,4,6,6,2,1,10,5,5,2,13,2,9,2,1,C03,7,9,1,10,2,11,12,7,7,1,12,4,120.681698,24.133885,2
4053,66000,387130000C,(04)23274275,(04)23288582,2025,7,11,16,58,臺中市,豐原區,0,1,0,6,2,6,50,4,1,1,4,4,6,6,4,4,10,5,5,2,3,3,10,3,1,B03,7,6,1,8,2,1,,84,84,1,13,4,120.733612,24.252079,2
4054,66000,387130000C,(04)23274275,(04)23288582,2025,7,11,17,1,臺中市,神岡區,0,0,0,5,,,30,,,,,,,,,,,,,,15,,,,,B03,,,1,,2,,,15,15,1,12,4,120.638792,24.281633,3
4055,66000,387130000C,(04)23274275,(04)23288582,2025,7,11,17,4,臺中市,神岡區,0,1,0,6,2,6,30,3,1,1,4,4,6,6,4,4,10,5,5,2,28,,,,,,,,,,,,,118,118,1,,,120.683599,24.247909,2
4056,66000,387130000C,(04)23274275,(04)23288582,2025,7,11,17,7,臺中市,太平區,0,1,0,7,2,6,50,3,2,1,5,4,6,6,3,1,5,2,5,1,16,3,10,3,1,B03,7,11,1,8,2,4,,45,45,1,6,4,120.73569,24.133454,2
4057,66000,387130000C,(04)23274275,(04)23288582,2025,7,11,17,8,臺中市,烏日區,0,1,0,7,2,6,70,3,1,1,5,4,6,6,1,1,10,5,5,2,16,3,10,3,1,B03,7,5,1,8,2,2,,11,11,1,6,4,120.598207,24.111284,2
4058,66000,387130000C,(04)23274275,(04)23288582,2025,7,11,17,11,臺中市,后里區,0,1,0,7,3,6,30,3,1,1,4,4,6,6,4,4,5,5,5,1,17,3,10,3,1,B03,7,6,1,8,2,8,,85,85,1,6,4,120.677009,24.310377,2
4059,66000,387130000C,(04)23274275,(04)23288582,2025,7,11,17,13,臺中市,太平區,0,0,0,7,,,50,,,,,,,,,,,,,,13,,,,,B03,,,1,,1,,,84,84,1,12,4,120.714016,24.149267,3
4060,66000,387130000C,(04)23274275,(04)23288582,2025,7,11,17,14,臺中市,豐原區,0,1,0,6,2,6,50,13,7,1,5,4,6,6,4,4,5,5,4,2,18,2,9,1,1,C03,7,9,1,10,2,16,14,84,84,1,12,4,120.742453,24.255555,2
4061,66000,387130000C,(04)23274275,(04)23288582,2025,7,11,17,17,臺中市,南區,0,1,0,6,2,6,50,4,1,1,4,4,6,6,1,1,10,5,5,2,16,3,10,3,1,B03,7,6,1,8,2,2,,11,11,1,12,4,120.657943,24.117891,2
4062,66000,387130000C,(04)23274275,(04)23288582,2025,7,11,17,17,臺中市,北屯區,0,0,0,6,,,50,,,,,,,,,,,,,,14,,,,,B03,,,1,,1,,,49,49,1,12,4,120.696501,24.180784,3
4063,66000,387130000C,(04)23274275,(04)23288582,2025,7,11,17,19,臺中市,西屯區,0,0,0,7,,,50,,,,,,,,,,,,,,13,,,,,B03,,,1,,1,,,58,58,1,12,4,120.588554,24.16984,3
4064,66000,387130000C,(04)23274275,(04)23288582,2025,7,11,17,19,臺中市,大肚區,0,0,0,6,,,50,,,,,,,,,,,,,,13,,,,,B03,,,1,,1,,,59,59,1,6,4,120.561851,24.124849,3
4065,66000,387130000C,(04)23274275,(04)23288582,2025,7,11,17,20,臺中市,北屯區,0,0,0,7,,,50,,,,,,,,,,,,,,14,,,,,C01,,,1,,1,,,49,49,1,13,4,120.695245,24.182821,3
4066,66000,387130000C,(04)23274275,(04)23288582,2025,7,11,17,20,臺中市,烏日區,0,0,0,7,,,50,,,,,,,,,,,,,,13,,,,,A42,,,1,,1,,,59,59,1,6,4,120.646312,24.064846,3
4067,66000,387130000C,(04)23274275,(04)23288582,2025,7,11,17,22,臺中市,太平區,0,1,0,6,2,6,50,4,1,1,5,4,6,6,1,1,10,5,5,2,15,3,10,3,1,B03,7,9,1,8,2,1,,84,84,1,13,4,120.708391,24.128395,2
4068,66000,387130000C,(04)23274275,(04)23288582,2025,7,11,17,24,臺中市,北區,0,1,0,6,3,6,30,4,1,1,5,4,6,6,4,4,1,4,5,2,17,3,10,3,1,B03,7,9,1,8,2,4,,13,13,1,12,4,120.696916,24.155283,2
4069,66000,387130000C,(04)23274275,(04)23288582,2025,7,11,17,25,臺中市,南屯區,0,0,0,7,,,50,,,,,,,,,,,,,,15,,,,,B01,,,1,,2,,,40,40,1,12,4,120.623497,24.149515,3
4070,66000,387130000C,(04)23274275,(04)23288582,2025,7,11,17,25,臺中市,神岡區,0,1,0,6,1,6,50,5,1,1,4,4,6,6,1,1,5,4,5,2,17,2,9,1,4,C03,7,15,1,10,2,14,,7,7,1,12,4,120.664207,24.258269,2
4071,66000,387130000C,(04)23274275,(04)23288582,2025,7,11,17,29,臺中市,豐原區,0,2,0,6,2,6,50,13,9,1,5,4,6,6,1,1,1,4,5,1,13,3,10,5,4,B03,7,9,1,8,2,5,,57,57,1,12,4,120.713096,24.245532,2
4072,66000,387130000C,(04)23274275,(04)23288582,2025,7,11,17,30,臺中市,南屯區,0,1,0,7,2,6,50,13,8,1,5,4,6,6,4,4,9,4,4,2,12,3,10,3,1,B03,7,5,1,8,2,2,,47,47,1,12,4,120.640993,24.150266,2
4073,66000,387130000C,(04)23274275,(04)23288582,2025,7,11,17,30,臺中市,太平區,0,1,0,7,2,6,30,3,1,1,5,4,6,6,4,4,5,5,5,2,16,3,10,3,1,B03,7,6,1,8,2,1,,12,12,1,6,4,120.703301,24.120665,2
4074,66000,387130000C,(04)23274275,(04)23288582,2025,7,11,17,31,臺中市,豐原區,0,0,0,6,2,6,50,13,9,1,5,4,6,6,4,4,9,5,5,1,12,3,10,3,1,B03,7,9,1,8,9,2,,7,7,1,12,4,120.718151,24.24956,3
4075,66000,387130000C,(04)23274275,(04)23288582,2025,7,11,17,32,臺中市,東區,0,0,0,7,,,50,,,,,,,,,,,,,,13,,,,,B03,,,1,,1,,,84,84,1,12,4,120.69734,24.142779,3
4076,66000,387130000C,(04)23274275,(04)23288582,2025,7,11,17,32,臺中市,北屯區,0,0,0,7,,,50,,,,,,,,,,,,,,16,,,,,B03,,,1,,2,,,44,44,1,6,4,120.695372,24.166849,4
4077,66000,387130000C,(04)23274275,(04)23288582,2025,7,11,17,32,臺中市,龍井區,0,0,0,7,,,60,,,,,,,,,,,,,,13,,,,,B03,,,1,,1,,,84,84,1,6,4,120.587177,24.185808,3
4078,66000,387130000C,(04)23274275,(04)23288582,2025,7,11,17,36,臺中市,烏日區,0,0,0,7,,,50,,,,,,,,,,,,,,13,,,,,B02,,,1,,1,,,78,78,1,6,4,120.614944,24.116539,3
4079,66000,387130000C,(04)23274275,(04)23288582,2025,7,11,17,37,臺中市,南屯區,0,0,0,5,,,60,,,,,,,,,,,,,,,,,,,B03,,,5,,9,,,7,7,1,12,4,120.60598,24.151232,3
4080,66000,387130000C,(04)23274275,(04)23288582,2025,7,11,17,39,臺中市,南屯區,0,0,0,7,,,50,,,,,,,,,,,,,,12,,,,,B03,,,1,,2,,,40,40,1,12,4,120.622791,24.146623,3
4081,66000,387130000C,(04)23274275,(04)23288582,2025,7,11,17,40,臺中市,北屯區,0,0,0,6,,,40,,,,,,,,,,,,,,17,,,,,B03,,,1,,1,,,8,8,1,6,4,120.704337,24.166386,3
4082,66000,387130000C,(04)23274275,(04)23288582,2025,7,11,17,41,臺中市,東區,0,0,0,7,,,50,,,,,,,,,,,,,,12,,,,,B03,,,1,,2,,,85,85,1,13,4,120.684216,24.135137,3
4083,66000,387130000C,(04)23274275,(04)23288582,2025,7,11,17,41,臺中市,北屯區,0,1,0,6,3,6,0,13,9,1,4,4,6,6,4,4,5,5,5,2,16,3,10,3,1,B03,7,1,1,8,2,1,,51,51,1,6,4,120.70667,24.166039,2
4084,66000,387130000C,(04)23274275,(04)23288582,2025,7,11,17,42,臺中市,豐原區,0,1,0,6,2,6,50,13,7,1,4,4,6,6,4,4,5,5,4,2,12,2,9,2,1,C04,7,8,1,10,2,14,,40,40,1,13,4,120.72242,24.249859,2
4085,66000,387130000C,(04)23274275,(04)23288582,2025,7,11,17,43,臺中市,南區,0,2,0,7,2,6,50,13,9,1,4,4,6,6,4,4,1,4,5,2,17,3,10,3,1,B03,7,7,1,8,2,5,,85,85,1,12,4,120.669962,24.122868,2
4086,66000,387130000C,(04)23274275,(04)23288582,2025,7,11,17,43,臺中市,大里區,0,0,0,7,,,50,,,,,,,,,,,,,,13,,,,,B03,,,1,,2,,,7,7,1,6,4,120.673024,24.101972,3
4087,66000,387130000C,(04)23274275,(04)23288582,2025,7,11,17,45,臺中市,烏日區,0,2,0,6,2,6,30,4,1,1,5,4,6,6,4,4,10,5,5,2,15,2,9,5,4,C03,7,9,1,10,2,11,,15,15,1,13,4,120.646342,24.076174,2
4088,66000,387130000C,(04)23274275,(04)23288582,2025,7,11,17,46,臺中市,中區,0,0,0,7,,,50,,,,,,,,,,,,,,,,,,,C03,,,1,,1,,,84,84,1,13,4,120.681189,24.138115,3
4089,66000,387130000C,(04)23274275,(04)23288582,2025,7,11,17,55,臺中市,北屯區,0,1,0,7,3,6,50,13,7,1,5,4,6,6,4,4,9,5,4,2,18,2,9,1,1,C03,7,9,1,10,2,16,,84,84,1,12,4,120.665396,24.184269,2
4090,66000,387130000C,(04)23274275,(04)23288582,2025,7,11,17,55,臺中市,太平區,0,0,0,7,,,50,,,,,,,,,,,,,,14,,,,,B01,,,1,,1,,,49,49,1,12,4,120.714101,24.149706,3
4091,66000,387130000C,(04)23274275,(04)23288582,2025,7,11,17,55,臺中市,大甲區,0,0,0,7,,,40,,,,,,,,,,,,,,,,,,,B03,,,1,,1,,,84,84,1,12,4,120.624503,24.350438,3
4092,66000,387130000C,(04)23274275,(04)23288582,2025,7,11,17,56,臺中市,東區,0,2,0,6,2,6,50,3,1,1,5,4,6,6,4,4,10,5,5,2,13,2,9,1,1,C03,7,9,1,10,2,11,,84,84,1,12,4,120.70696,24.13795,2
4093,66000,387130000C,(04)23274275,(04)23288582,2025,7,11,17,56,臺中市,南屯區,0,2,0,7,3,6,50,4,1,1,5,4,6,6,2,1,10,5,5,2,16,2,9,2,4,C02,7,6,1,9,2,11,,11,11,1,6,4,120.609707,24.138486,2
4094,66000,387130000C,(04)23274275,(04)23288582,2025,7,11,17,56,臺中市,霧峰區,0,1,0,7,2,6,30,11,9,1,3,4,6,6,4,4,10,5,5,1,18,2,9,2,1,C03,7,9,1,10,2,14,,84,84,1,13,4,120.740348,24.064059,2
4095,66000,387130000C,(04)23274275,(04)23288582,2025,7,11,17,57,臺中市,大雅區,0,0,0,6,,,60,,,,,,,,,,,,,,11,,,,,B12,,,1,,2,,,84,84,1,13,4,120.649977,24.212713,3
4096,66000,387130000C,(04)23274275,(04)23288582,2025,7,11,17,58,臺中市,大里區,0,0,0,6,,,50,,,,,,,,,,,,,,13,,,,,B03,,,1,,1,,,7,7,1,13,4,120.688247,24.102311,3
4097,66000,387130000C,(04)23274275,(04)23288582,2025,7,11,17,59,臺中市,西屯區,0,0,0,6,,,50,,,,,,,,,,,,,,15,,,,,B02,,,1,,1,,,39,39,1,12,4,120.620711,24.174673,3
4098,66000,387130000C,(04)23274275,(04)23288582,2025,7,11,18,0,臺中市,西屯區,0,0,0,7,,,30,,,,,,,,,,,,,,17,,,,,,,,,,,,,119,119,1,,,120.628562,24.185323,3
4099,66000,387130000C,(04)23274275,(04)23288582,2025,7,11,18,1,臺中市,大里區,0,0,0,6,,,50,,,,,,,,,,,,,,17,,,,,C03,,,1,,2,,,84,84,1,12,4,120.689054,24.119406,3
4100,66000,387130000C,(04)23274275,(04)23288582,2025,7,11,18,2,臺中市,北屯區,0,0,0,7,,,50,,,,,,,,,,,,,,13,,,,,B03,,,1,,1,,,7,7,1,6,4,120.698093,24.171135,3
4101,66000,387130000C,(04)23274275,(04)23288582,2025,7,11,18,6,臺中市,清水區,0,0,0,7,2,6,50,13,8,1,5,4,6,6,4,4,8,3,4,2,12,,,,,B03,,,1,,1,,,8,8,1,12,4,120.577732,24.27186,3
4102,66000,387130000C,(04)23274275,(04)23288582,2025,7,11,18,7,臺中市,西區,0,0,0,7,,,30,,,,,,,,,,,,,,,,,,,B03,,,1,8,1,,,8,8,1,13,4,120.662825,24.152394,3
4103,66000,387130000C,(04)23274275,(04)23288582,2025,7,11,18,8,臺中市,大雅區,0,0,0,6,,,0,,,,,,,,,,,,,,,,,,,C03,,,1,,2,,,1,1,1,13,4,120.656977,24.240758,3
4104,66000,387130000C,(04)23274275,(04)23288582,2025,7,11,18,13,臺中市,西區,0,0,0,6,,,50,,,,,,,,,,,,,,,,,,,B03,,,1,,2,,,59,59,1,12,4,120.659687,24.157317,3
4105,66000,387130000C,(04)23274275,(04)23288582,2025,7,11,18,13,臺中市,烏日區,0,0,0,7,,,50,,,,,,,,,,,,,,13,,,,,B03,,,1,,1,,,7,7,1,6,4,120.597876,24.110717,3
4106,66000,387130000C,(04)23274275,(04)23288582,2025,7,11,18,14,臺中市,烏日區,0,0,0,7,,,50,,,,,,,,,,,,,,13,,,,,B03,,,1,,1,,,59,59,1,13,4,120.603671,24.109889,3
4107,66000,387130000C,(04)23274275,(04)23288582,2025,7,11,18,15,臺中市,西屯區,0,0,0,5,,,40,,,,,,,,,,,,,,12,,,,,B03,,,1,,2,,,40,40,1,12,4,120.660245,24.173508,3
4108,66000,387130000C,(04)23274275,(04)23288582,2025,7,11,18,15,臺中市,大肚區,0,1,0,7,2,6,50,3,1,1,5,4,6,6,1,1,10,5,5,2,14,3,10,3,1,B03,7,2,3,19,2,7,,49,49,1,6,4,120.545032,24.15206,2
4109,66000,387130000C,(04)23274275,(04)23288582,2025,7,11,18,15,臺中市,外埔區,0,1,0,6,3,6,50,11,9,1,5,4,6,6,4,4,5,4,4,1,16,3,10,3,1,B03,7,1,1,8,2,8,,51,51,1,6,4,120.634842,24.341039,2
4110,66000,387130000C,(04)23274275,(04)23288582,2025,7,11,18,16,臺中市,西區,0,1,0,6,1,6,50,4,1,1,5,4,6,6,1,1,10,5,5,2,16,3,10,5,4,B03,7,6,1,8,2,2,,11,11,1,13,4,120.671994,24.135147,2
4111,66000,387130000C,(04)23274275,(04)23288582,2025,7,11,18,16,臺中市,北區,0,1,0,7,2,6,50,4,9,1,5,4,6,6,1,1,1,4,5,2,13,3,10,3,1,B03,7,9,1,8,2,1,,7,7,1,12,4,120.67519,24.173413,2
4112,66000,387130000C,(04)23274275,(04)23288582,2025,7,11,18,19,臺中市,北屯區,0,1,0,6,1,6,40,4,1,1,5,4,6,6,2,1,10,5,5,2,16,2,7,2,1,C03,7,6,1,10,2,14,,84,84,1,12,4,120.692835,24.168127,2
4113,66000,387130000C,(04)23274275,(04)23288582,2025,7,11,18,27,臺中市,東區,0,0,0,7,,,50,,,,,,,,,,,,,,13,,,,,B12,,,1,,1,,,7,7,1,13,4,120.707819,24.135984,3
4114,66000,387130000C,(04)23274275,(04)23288582,2025,7,11,18,29,臺中市,北屯區,0,0,0,7,,,50,,,,,,,,,,,,,,16,,,,,C03,,,2,,2,,,85,85,1,4,4,120.688179,24.175632,3
4115,66000,387130000C,(04)23274275,(04)23288582,2025,7,11,18,30,臺中市,東區,0,0,0,7,,,1,,,,,,,,,,,,,,17,,,,,C03,,,1,,1,,,84,84,1,12,4,120.692702,24.138376,3
4116,66000,387130000C,(04)23274275,(04)23288582,2025,7,11,18,32,臺中市,東區,0,0,0,7,,,50,,,,,,,,,,,,,,14,,,,,B03,,,1,,2,,,49,49,1,12,4,120.70569,24.142335,3
4117,66000,387130000C,(04)23274275,(04)23288582,2025,7,11,18,33,臺中市,北屯區,0,0,0,7,,,30,,,,,,,,,,,,,,14,,,,,B03,,,1,8,2,,,49,49,1,6,4,120.663608,24.197269,3
4118,66000,387130000C,(04)23274275,(04)23288582,2025,7,11,18,33,臺中市,太平區,0,0,0,7,,,50,,,,,,,,,,,,,,13,,,,,B03,,,1,,2,,,7,7,1,13,4,120.712548,24.157362,3
4119,66000,387130000C,(04)23274275,(04)23288582,2025,7,11,18,36,臺中市,清水區,0,0,0,7,,,40,,,,,,,,,,,,,,,,,,,B03,,,1,,2,,,49,49,1,12,4,120.540365,24.289011,3
4120,66000,387130000C,(04)23274275,(04)23288582,2025,7,11,18,37,臺中市,南屯區,0,0,0,7,,,50,,,,,,,,,,,,,,,,,,,B03,,,1,,1,,,84,84,1,12,4,120.622349,24.149124,3
4121,66000,387130000C,(04)23274275,(04)23288582,2025,7,11,18,38,臺中市,太平區,0,0,0,7,,,40,,,,,,,,,,,,,,17,,,,,B03,,,1,,2,,,8,8,1,12,4,120.720191,24.103322,3
4122,66000,387130000C,(04)23274275,(04)23288582,2025,7,11,18,41,臺中市,大里區,0,1,0,6,1,6,50,5,2,1,5,4,6,6,4,4,5,5,5,1,17,3,10,3,1,B12,7,14,1,8,2,4,,76,76,1,13,4,120.686035,24.112565,2
4123,66000,387130000C,(04)23274275,(04)23288582,2025,7,11,18,44,臺中市,大里區,0,0,0,7,,,30,,,,,,,,,,,,,,17,,,,,A12,,,1,,2,,,58,58,1,13,4,120.732871,24.088611,3
4124,66000,387130000C,(04)23274275,(04)23288582,2025,7,11,18,44,臺中市,大肚區,0,1,0,7,1,6,50,4,1,1,5,4,6,6,2,1,10,5,5,2,16,3,10,1,1,C03,7,11,2,19,2,12,,11,11,1,6,4,120.579256,24.168972,2
4125,66000,387130000C,(04)23274275,(04)23288582,2025,7,11,18,46,臺中市,東區,0,1,0,6,1,6,50,4,1,1,5,4,6,6,1,1,10,5,5,2,16,3,10,3,1,B03,7,5,1,8,2,2,,11,11,1,12,4,120.692533,24.138761,2
4126,66000,387130000C,(04)23274275,(04)23288582,2025,7,11,18,47,臺中市,北屯區,0,1,0,6,1,6,50,4,1,1,5,4,6,6,1,1,2,5,5,2,17,3,10,3,1,B03,7,6,1,8,2,1,,59,59,1,12,4,120.706947,24.189144,2
4127,66000,387130000C,(04)23274275,(04)23288582,2025,7,11,18,50,臺中市,豐原區,0,1,0,7,1,6,50,4,4,1,4,4,6,6,1,1,1,4,4,2,18,2,8,5,4,C03,7,9,1,10,2,16,,59,59,1,12,4,120.728295,24.275124,2
4128,66000,387130000C,(04)23274275,(04)23288582,2025,7,11,18,51,臺中市,豐原區,0,0,0,7,,,40,,,,,,,,,,,,,,17,,,,,B03,,,1,,2,,,84,84,1,12,4,120.725688,24.246075,3
4129,66000,387130000C,(04)23274275,(04)23288582,2025,7,11,18,54,臺中市,西區,0,0,0,7,,,50,,,,,,,,,,,,,,13,,,,,C03,,,1,,2,,,7,7,1,11,4,120.650146,24.144222,3
4130,66000,387130000C,(04)23274275,(04)23288582,2025,7,11,18,57,臺中市,烏日區,0,0,0,7,,,60,,,,,,,,,,,,,,13,,,,,B03,,,1,,9,,,7,7,1,6,4,120.652559,24.090441,3
4131,66000,387130000C,(04)23274275,(04)23288582,2025,7,11,18,59,臺中市,東區,0,1,0,7,1,6,50,5,1,1,5,4,6,6,2,1,5,4,5,2,12,3,10,3,1,B11,7,5,1,8,2,16,,20,20,1,13,4,120.705302,24.130285,2
4132,66000,387130000C,(04)23274275,(04)23288582,2025,7,11,19,3,臺中市,潭子區,0,0,0,7,,,50,,,,,,,,,,,,,,,,,,,B03,,,1,,2,,,43,43,1,13,4,120.706152,24.202327,3
4133,66000,387130000C,(04)23274275,(04)23288582,2025,7,11,19,6,臺中市,西屯區,0,1,0,7,1,6,50,4,1,1,5,4,6,6,1,1,8,4,4,1,16,3,10,5,4,B03,7,6,1,8,2,2,,11,11,1,13,4,120.64899,24.174838,2
4134,66000,387130000C,(04)23274275,(04)23288582,2025,7,11,19,9,臺中市,太平區,0,0,0,7,,,80,,,,,,,,,,,,,,,,,,,B03,,,1,,2,,,59,59,1,12,4,120.717489,24.15768,3
4135,66000,387130000C,(04)23274275,(04)23288582,2025,7,11,19,20,臺中市,西區,0,0,0,7,,,30,,,,,,,,,,,,,,,,,,,B03,,,1,,9,,,8,8,1,6,4,120.660878,24.146246,3
4136,66000,387130000C,(04)23274275,(04)23288582,2025,7,11,19,24,臺中市,沙鹿區,0,0,0,7,,,50,,,,,,,,,,,,,,13,,,,,B03,,,1,,11,,,7,7,1,6,4,120.560666,24.240793,3
4137,66000,387130000C,(04)23274275,(04)23288582,2025,7,11,19,24,臺中市,東勢區,0,0,0,7,,,50,,,,,,,,,,,,,,,,,,,B12,,,1,,2,,,7,7,1,13,4,120.83448,24.237381,3
4138,66000,387130000C,(04)23274275,(04)23288582,2025,7,11,19,27,臺中市,南屯區,0,0,0,7,,,30,,,,,,,,,,,,,,,,,,,C03,,,1,,2,,,84,84,1,12,4,120.645631,24.139789,3
4139,66000,387130000C,(04)23274275,(04)23288582,2025,7,11,19,31,臺中市,西屯區,0,1,0,7,1,6,50,4,2,1,5,4,6,6,4,4,9,5,4,2,13,2,9,2,1,C03,7,9,1,10,2,11,,7,7,1,12,4,120.657136,24.168347,2
4140,66000,387130000C,(04)23274275,(04)23288582,2025,7,11,19,34,臺中市,西屯區,0,0,0,6,,,50,,,,,,,,,,,,,,13,,,,,B03,,,1,,1,,,7,7,1,12,4,120.648317,24.167825,3
4141,66000,387130000C,(04)23274275,(04)23288582,2025,7,11,19,36,臺中市,太平區,0,0,0,7,,,80,,,,,,,,,,,,,,13,,,,,B03,,,1,,2,,,7,7,1,13,4,120.714272,24.148696,3
4142,66000,387130000C,(04)23274275,(04)23288582,2025,7,11,19,40,臺中市,西區,0,2,0,6,1,6,50,4,2,1,5,4,6,6,1,1,9,4,5,2,17,3,10,3,1,B03,7,14,1,8,2,2,,76,76,1,12,4,120.661351,24.15069,2
4143,66000,387130000C,(04)23274275,(04)23288582,2025,7,11,19,42,臺中市,南屯區,0,0,0,7,,,50,,,,,,,,,,,,,,14,,,,,B03,,,1,,2,,,49,49,1,6,4,120.649619,24.131396,4
4144,66000,387130000C,(04)23274275,(04)23288582,2025,7,11,19,46,臺中市,北屯區,0,0,0,6,,,80,,,,,,,,,,,,,,13,,,,,B03,,,1,,1,,,7,7,1,12,4,120.718875,24.161999,3
4145,66000,387130000C,(04)23274275,(04)23288582,2025,7,11,19,47,臺中市,大雅區,0,2,0,7,1,6,50,5,1,1,5,4,6,6,1,1,10,4,5,1,6,2,9,6,5,H01,8,18,7,21,2,17,,95,95,1,12,5,120.650183,24.227363,2
4146,66000,387130000C,(04)23274275,(04)23288582,2025,7,11,19,48,臺中市,北區,0,0,0,7,,,50,,,,,,,,,,,,,,17,,,,,B03,,,1,,1,,,7,7,1,13,4,120.677798,24.151516,3
4147,66000,387130000C,(04)23274275,(04)23288582,2025,7,11,19,48,臺中市,南屯區,0,0,0,7,,,50,,,,,,,,,,,,,,13,,,,,B03,,,1,,1,,,84,84,1,12,4,120.641575,24.134848,3