序號,縣市別代碼,機關代碼,市話,傳真,年,月,日,時,分,縣市,區,死亡數量,受傷數量,2-30,天候,道路照明設備,道路類別,道路速限,道路型態,事故位置,路面鋪裝,路面狀態,路面缺陷,障礙物,視距,號誌種類,號誌動作,分向設施,快車道或一般車道間,快慢車道間,路面邊線,事故類型及型態,受傷程度,主要傷處,保護裝備,行動電話或功能裝置,當事者區分(類別),車輛用途,當事者行動狀態,駕照狀態,駕照種類,飲酒情形,車輛撞擊部位最初,車輛撞擊部位其他,肇事因素個別,肇事因素主要,肇事逃逸,職業,共享經濟或外送平台,GPS座標X,GPS座標Y,事故類別
4148,66000,387130000C,(04)23274275,(04)23288582,2025,7,11,19,49,臺中市,太平區,0,0,0,7,,,50,,,,,,,,,,,,,,17,,,,,B03,,,1,,2,,,8,8,1,6,4,120.71852,24.149477,3
4149,66000,387130000C,(04)23274275,(04)23288582,2025,7,11,19,50,臺中市,神岡區,0,1,0,6,1,6,30,11,9,1,3,4,6,6,4,4,10,5,5,2,18,2,9,1,1,C03,7,9,1,10,2,16,,59,59,1,12,4,120.694903,24.234272,2
4150,66000,387130000C,(04)23274275,(04)23288582,2025,7,11,20,5,臺中市,太平區,0,0,0,7,,,50,,,,,,,,,,,,,,,,,,,B03,,,1,,2,,,40,40,1,12,4,120.714434,24.149567,3
4151,66000,387130000C,(04)23274275,(04)23288582,2025,7,11,20,11,臺中市,西屯區,0,1,0,6,1,6,50,13,9,1,5,4,6,6,4,4,1,4,1,1,16,3,10,3,1,B03,7,5,1,8,2,1,,47,47,1,12,4,120.644885,24.171035,2
4152,66000,387130000C,(04)23274275,(04)23288582,2025,7,11,20,11,臺中市,豐原區,0,1,0,6,1,6,50,4,1,1,5,4,6,6,1,1,10,5,5,2,16,3,10,3,1,B03,7,6,1,5,2,1,,11,11,1,13,4,120.71563,24.251408,2
4153,66000,387130000C,(04)23274275,(04)23288582,2025,7,11,20,18,臺中市,后里區,0,0,0,6,2,6,50,,,1,5,4,6,6,4,4,5,4,4,1,9,,,,,B03,,,1,,1,,,50,50,1,6,4,120.707613,24.311222,3
4154,66000,387130000C,(04)23274275,(04)23288582,2025,7,11,20,20,臺中市,南屯區,0,3,0,7,2,6,50,4,1,1,5,4,6,6,2,1,9,4,5,2,11,2,9,1,1,C03,7,6,1,10,2,11,,11,11,1,12,4,120.645077,24.129514,2
4155,66000,387130000C,(04)23274275,(04)23288582,2025,7,11,20,20,臺中市,大里區,0,0,0,6,,,50,,,,,,,,,,,,,,17,,,,,B03,,,1,,1,,,49,49,1,12,4,120.677937,24.103707,3
4156,66000,387130000C,(04)23274275,(04)23288582,2025,7,11,20,20,臺中市,大甲區,0,0,0,7,,,50,,,,,,,,,,,,,,,,,,,A05,,,1,,2,,,42,42,1,6,4,120.638239,24.408618,3
4157,66000,387130000C,(04)23274275,(04)23288582,2025,7,11,20,24,臺中市,龍井區,0,0,0,7,,,50,,,,,,,,,,,,,,13,,,,,B03,,,1,,2,,,59,59,1,6,4,120.523587,24.196561,3
4158,66000,387130000C,(04)23274275,(04)23288582,2025,7,11,20,27,臺中市,北區,0,1,0,6,1,6,50,5,1,1,5,4,6,6,1,1,10,5,5,2,16,3,10,5,4,B03,7,5,1,8,2,2,,11,11,1,13,4,120.680437,24.165448,2
4159,66000,387130000C,(04)23274275,(04)23288582,2025,7,11,20,45,臺中市,南屯區,0,1,0,6,2,6,50,5,2,1,5,4,6,6,2,1,1,4,5,2,16,3,10,3,1,B12,7,5,1,8,2,5,,11,11,1,13,4,120.633479,24.151101,2
4160,66000,387130000C,(04)23274275,(04)23288582,2025,7,11,20,48,臺中市,太平區,0,0,0,7,,,30,,,,,,,,,,,,,,,,,,,B03,,,1,,2,,,49,49,1,6,4,120.716918,24.127378,3
4161,66000,387130000C,(04)23274275,(04)23288582,2025,7,11,20,50,臺中市,南區,0,1,0,7,1,6,50,13,9,1,5,4,6,6,4,4,5,5,5,2,12,3,10,3,1,B03,7,11,1,8,2,4,8,45,45,1,12,4,120.676544,24.132771,2
4162,66000,387130000C,(04)23274275,(04)23288582,2025,7,11,20,52,臺中市,南屯區,0,0,0,7,,,50,,,,,,,,,,,,,,,,,,,A02,,,1,,1,,,59,59,1,12,4,120.638185,24.139825,4
4163,66000,387130000C,(04)23274275,(04)23288582,2025,7,11,20,53,臺中市,南屯區,0,1,0,7,1,6,40,13,9,1,5,4,6,6,4,4,9,5,5,2,17,3,10,5,4,B03,7,4,1,6,2,16,,1,1,1,6,4,120.619613,24.126021,2
4164,66000,387130000C,(04)23274275,(04)23288582,2025,7,11,20,54,臺中市,潭子區,0,2,0,6,1,6,40,13,8,1,5,4,6,6,4,4,1,4,4,1,2,2,9,2,1,C03,7,8,1,10,2,11,,84,84,1,13,4,120.699939,24.216479,2
4165,66000,387130000C,(04)23274275,(04)23288582,2025,7,11,20,57,臺中市,西區,0,0,0,7,,,50,,,,,,,,,,,,,,,,,,,B03,,,1,,1,,,35,35,1,12,4,120.671476,24.145893,3
4166,66000,387130000C,(04)23274275,(04)23288582,2025,7,11,21,1,臺中市,豐原區,0,0,0,6,2,6,50,13,8,1,5,4,6,6,4,4,5,5,4,2,14,3,10,3,1,B12,7,2,1,3,2,3,,49,49,1,12,4,120.714215,24.259524,3
4167,66000,387130000C,(04)23274275,(04)23288582,2025,7,11,21,5,臺中市,太平區,0,2,0,7,1,6,50,3,2,1,5,4,6,6,4,4,10,5,5,2,12,2,8,1,1,C03,7,9,1,10,2,12,,4,4,1,6,4,120.715612,24.148081,2
4168,66000,387130000C,(04)23274275,(04)23288582,2025,7,11,21,6,臺中市,大里區,0,0,0,6,,,50,,,,,,,,,,,,,,13,,,,,B03,,,1,,1,,,84,84,1,13,4,120.689533,24.108071,3
4169,66000,387130000C,(04)23274275,(04)23288582,2025,7,11,21,7,臺中市,南區,0,0,0,7,,,50,,,,,,,,,,,,,,13,,,,,B03,,,1,,2,,,7,7,1,12,4,120.674831,24.126877,3
4170,66000,387130000C,(04)23274275,(04)23288582,2025,7,11,21,9,臺中市,沙鹿區,0,0,0,7,,,60,,,,,,,,,,,,,,35,,,,,B03,,,1,,2,,,87,87,1,12,4,120.558273,24.210916,3
4171,66000,387130000C,(04)23274275,(04)23288582,2025,7,11,21,13,臺中市,東區,0,1,0,7,1,6,50,4,1,1,5,4,6,6,4,4,10,5,5,2,16,3,10,5,4,B03,7,6,1,8,2,8,,84,84,1,12,4,120.687323,24.141522,2
4172,66000,387130000C,(04)23274275,(04)23288582,2025,7,11,21,17,臺中市,梧棲區,0,1,0,6,1,6,50,13,11,1,5,4,6,6,1,1,5,2,4,1,13,3,10,1,1,C03,7,9,1,10,2,11,,58,58,1,12,4,120.537353,24.252209,2
4173,66000,387130000C,(04)23274275,(04)23288582,2025,7,11,21,18,臺中市,南區,0,2,0,7,1,6,50,13,7,1,5,4,6,6,4,4,2,4,2,2,13,2,9,1,1,C03,7,9,1,10,2,11,,39,39,1,13,4,120.658346,24.127652,2
4174,66000,387130000C,(04)23274275,(04)23288582,2025,7,11,21,20,臺中市,北屯區,0,1,0,7,3,6,30,11,9,1,3,1,6,6,4,4,10,5,5,2,18,2,9,1,1,C03,7,9,1,10,2,12,,84,84,1,12,4,120.708928,24.162833,2
4175,66000,387130000C,(04)23274275,(04)23288582,2025,7,11,21,21,臺中市,南屯區,0,0,0,7,,,50,,,,,,,,,,,,,,17,,,,,B03,,,1,,2,,,45,45,1,12,4,120.649987,24.149367,3
4176,66000,387130000C,(04)23274275,(04)23288582,2025,7,11,21,22,臺中市,北區,0,0,0,7,,,50,,,,,,,,,,,,,,,,,,,B03,,,1,,1,,,7,7,1,12,4,120.669737,24.173486,3
4177,66000,387130000C,(04)23274275,(04)23288582,2025,7,11,21,31,臺中市,中區,0,0,0,7,,,50,,,,,,,,,,,,,,14,,,,,B03,,,1,,9,,,49,49,2,12,4,120.681163,24.138949,3
4178,66000,387130000C,(04)23274275,(04)23288582,2025,7,11,21,32,臺中市,太平區,0,0,0,7,,,50,,,,,,,,,,,,,,,,,,,B03,,,1,,2,,,59,59,1,12,4,120.722378,24.112677,3
4179,66000,387130000C,(04)23274275,(04)23288582,2025,7,11,21,35,臺中市,龍井區,0,3,0,6,1,6,40,3,1,1,5,4,6,6,3,1,9,4,1,2,17,2,9,1,1,C03,7,1,1,10,2,13,,51,51,1,6,4,120.573743,24.188808,2
4180,66000,387130000C,(04)23274275,(04)23288582,2025,7,11,21,42,臺中市,潭子區,0,0,0,7,1,6,50,4,2,1,5,4,6,6,1,1,10,5,5,2,13,3,10,3,1,B03,7,9,1,8,7,1,,53,53,1,12,4,120.706818,24.207054,3
4181,66000,387130000C,(04)23274275,(04)23288582,2025,7,11,21,53,臺中市,大里區,0,1,0,6,1,6,50,13,9,1,5,4,6,6,4,4,5,5,5,1,17,2,9,1,1,C03,7,9,1,10,2,11,,84,84,1,12,4,120.686121,24.114836,2
4182,66000,387130000C,(04)23274275,(04)23288582,2025,7,11,21,53,臺中市,霧峰區,0,1,0,7,1,6,50,4,1,1,5,4,6,6,4,4,10,5,5,2,13,2,8,1,1,C03,7,9,1,10,2,11,,7,7,1,12,4,120.682782,24.065315,2
4183,66000,387130000C,(04)23274275,(04)23288582,2025,7,11,21,53,臺中市,太平區,0,2,0,7,2,6,50,13,9,1,5,4,6,6,1,1,5,4,5,1,12,3,10,5,4,B03,7,1,1,8,2,5,,84,84,1,6,4,120.710802,24.126647,2
4184,66000,387130000C,(04)23274275,(04)23288582,2025,7,11,22,4,臺中市,西屯區,0,0,0,7,,,50,,,,,,,,,,,,,,12,,,,,B01,,,1,,2,,,51,51,1,12,4,120.644912,24.178343,3
4185,66000,387130000C,(04)23274275,(04)23288582,2025,7,11,22,8,臺中市,南區,0,1,0,7,1,6,50,3,2,1,4,4,6,6,1,1,10,5,5,2,13,2,9,2,1,C03,7,9,1,10,2,11,,84,84,1,12,4,120.66542,24.116945,2
4186,66000,387130000C,(04)23274275,(04)23288582,2025,7,11,22,13,臺中市,后里區,0,0,0,7,,,40,,,,,,,,,,,,,,11,,,,,B03,,,1,,9,,,8,8,1,6,4,120.684718,24.314528,3
4187,66000,387130000C,(04)23274275,(04)23288582,2025,7,11,22,15,臺中市,豐原區,0,0,0,6,,,50,,,,,,,,,,,,,,,,,,,B03,,,1,,9,,,40,40,1,13,4,120.725656,24.233737,3
4188,66000,387130000C,(04)23274275,(04)23288582,2025,7,11,22,19,臺中市,中區,0,2,0,6,1,6,50,4,1,1,5,4,6,6,1,1,7,2,5,2,12,2,9,1,1,C03,7,6,1,10,2,14,,48,48,1,12,4,120.676494,24.142291,2
4189,66000,387130000C,(04)23274275,(04)23288582,2025,7,11,22,26,臺中市,中區,0,1,0,7,1,6,50,5,1,1,5,4,6,6,1,1,10,5,5,2,17,2,9,1,1,C03,7,4,3,19,2,12,,1,1,1,12,4,120.681714,24.144642,2
4190,66000,387130000C,(04)23274275,(04)23288582,2025,7,11,22,28,臺中市,西屯區,0,0,0,7,,,60,,,,,,,,,,,,,,13,,,,,B03,,,1,,1,,,59,59,1,12,4,120.646454,24.164454,3
4191,66000,387130000C,(04)23274275,(04)23288582,2025,7,11,22,35,臺中市,中區,0,0,0,7,,,50,,,,,,,,,,,,,,,,,,,C04,,,1,,1,,,36,36,1,6,4,120.678764,24.14721,3
4192,66000,387130000C,(04)23274275,(04)23288582,2025,7,11,22,35,臺中市,西屯區,0,1,0,5,1,6,50,11,9,1,4,4,6,6,4,4,1,4,5,1,18,2,9,1,1,C03,7,9,1,10,2,14,,84,84,1,5,4,120.60517,24.193248,2
4193,66000,387130000C,(04)23274275,(04)23288582,2025,7,11,22,37,臺中市,豐原區,0,0,0,6,,,50,,,,,,,,,,,,,,,,,,,B03,,,1,,9,,,84,84,2,13,4,120.720608,24.250177,3
4194,66000,387130000C,(04)23274275,(04)23288582,2025,7,11,22,40,臺中市,烏日區,0,0,0,7,,,40,,,,,,,,,,,,,,12,,,,,B03,,,1,,1,,,51,51,1,6,4,120.61004,24.11315,3
4195,66000,387130000C,(04)23274275,(04)23288582,2025,7,11,22,47,臺中市,南屯區,0,0,0,7,,,50,,,,,,,,,,,,,,13,,,,,B03,,,1,,1,,,84,84,1,12,4,120.651991,24.152518,3
4196,66000,387130000C,(04)23274275,(04)23288582,2025,7,11,23,0,臺中市,霧峰區,0,1,0,7,1,6,50,4,9,1,5,4,6,6,4,4,10,5,5,2,18,2,9,2,1,C03,7,5,1,10,2,14,,84,84,1,13,4,120.685688,24.055847,2
4197,66000,387130000C,(04)23274275,(04)23288582,2025,7,11,23,3,臺中市,南區,0,1,0,7,1,6,50,4,9,1,5,4,6,6,4,4,5,5,5,2,15,3,10,5,4,B03,7,9,1,8,2,2,,15,15,1,6,4,120.647466,24.121085,2
4198,66000,387130000C,(04)23274275,(04)23288582,2025,7,11,23,5,臺中市,霧峰區,0,0,0,7,,,40,,,,,,,,,,,,,,,,,,,C03,,,1,,2,,,84,84,1,12,4,120.685428,24.028913,3
4199,66000,387130000C,(04)23274275,(04)23288582,2025,7,11,23,25,臺中市,西屯區,0,0,0,7,,,30,,,,,,,,,,,,,,17,,,,,B03,,,1,,9,,,49,49,1,12,4,120.663542,24.173688,3
4200,66000,387130000C,(04)23274275,(04)23288582,2025,7,11,23,31,臺中市,中區,0,1,0,7,1,6,30,4,1,1,5,4,6,6,4,4,10,5,5,2,15,3,10,3,1,B12,7,9,1,8,2,1,,15,15,1,12,4,120.680788,24.13791,2
4201,66000,387130000C,(04)23274275,(04)23288582,2025,7,11,23,32,臺中市,大里區,0,0,0,7,,,50,,,,,,,,,,,,,,,,,,,B03,,,1,,2,,,51,51,1,12,4,120.695106,24.102627,3
4202,66000,387130000C,(04)23274275,(04)23288582,2025,7,11,23,38,臺中市,太平區,0,0,0,7,,,50,,,,,,,,,,,,,,17,,,,,B02,,,1,,2,,,58,58,1,6,4,120.710955,24.149611,3
4203,66000,387130000C,(04)23274275,(04)23288582,2025,7,11,23,40,臺中市,東區,0,0,0,6,,,50,,,,,,,,,,,,,,9,,,,,B03,,,1,,9,,,59,59,1,6,4,120.70807,24.141086,3
4204,66000,387130000C,(04)23274275,(04)23288582,2025,7,11,23,40,臺中市,北屯區,0,2,0,7,1,6,50,4,1,1,5,4,6,6,1,1,10,5,5,2,17,2,9,1,1,C03,7,6,5,10,2,11,,11,11,1,12,4,120.694594,24.174574,2
4205,66000,387130000C,(04)23274275,(04)23288582,2025,7,11,23,48,臺中市,北屯區,0,1,0,7,2,6,50,3,2,1,5,4,6,6,4,4,10,5,5,2,12,3,10,3,1,B02,7,9,1,8,2,5,,59,59,1,12,4,120.693179,24.176231,2
4206,66000,387130000C,(04)23274275,(04)23288582,2025,7,12,0,4,臺中市,豐原區,0,0,0,7,,,30,,,,,,,,,,,,,,14,,,,,B03,,,1,,1,,,49,49,1,12,4,120.70735,24.254081,3
4207,66000,387130000C,(04)23274275,(04)23288582,2025,7,12,0,7,臺中市,西屯區,0,1,0,7,1,6,50,4,19,1,5,4,6,6,2,1,10,5,5,2,3,3,10,3,4,B03,7,5,3,19,2,8,,22,22,1,12,4,120.638004,24.180727,2
4208,66000,387130000C,(04)23274275,(04)23288582,2025,7,12,0,21,臺中市,南屯區,0,3,0,7,1,6,60,4,1,1,5,4,6,6,1,3,7,2,5,2,15,2,9,3,1,B03,7,9,1,8,2,5,,15,15,1,12,4,120.635741,24.133088,2
4209,66000,387130000C,(04)23274275,(04)23288582,2025,7,12,0,23,臺中市,中區,0,0,0,7,,,30,,,,,,,,,,,,,,14,,,,,B12,,,1,,1,,,49,49,1,12,4,120.680355,24.138303,3
4210,66000,387130000C,(04)23274275,(04)23288582,2025,7,12,0,46,臺中市,東區,0,0,0,7,,,50,,,,,,,,,,,,,,,,,,,B03,,,1,,9,,,35,35,1,6,4,120.687838,24.140098,3
4211,66000,387130000C,(04)23274275,(04)23288582,2025,7,12,1,6,臺中市,東區,0,0,0,7,,,50,,,,,,,,,,,,,,9,,,,,B03,,,1,,2,,,51,51,1,6,4,120.7079,24.146807,3
4212,66000,387130000C,(04)23274275,(04)23288582,2025,7,12,1,20,臺中市,北屯區,0,0,0,7,,,50,,,,,,,,,,,,,,9,,,,,B03,,,1,,9,,,77,77,1,6,4,120.681545,24.171111,3
4213,66000,387130000C,(04)23274275,(04)23288582,2025,7,12,1,49,臺中市,東勢區,0,0,0,7,,,50,,,,,,,,,,,,,,,,,,,B03,,,3,,2,,,55,55,1,12,4,120.786599,24.311463,3
4214,66000,387130000C,(04)23274275,(04)23288582,2025,7,12,1,56,臺中市,南屯區,0,0,0,7,,,50,,,,,,,,,,,,,,13,,,,,B03,,,1,,1,,,7,7,1,12,4,120.643826,24.146854,3
4215,66000,387130000C,(04)23274275,(04)23288582,2025,7,12,2,0,臺中市,西屯區,0,0,0,7,,,30,,,,,,,,,,,,,,15,,,,,B03,,,1,,1,,,15,15,1,12,4,120.660199,24.196065,3
4216,66000,387130000C,(04)23274275,(04)23288582,2025,7,12,2,8,臺中市,北區,0,1,0,7,1,6,50,4,1,1,5,4,6,6,1,1,10,5,5,2,16,3,10,1,1,C03,7,6,1,10,2,12,,39,39,1,12,4,120.676937,24.171304,2
4217,66000,387130000C,(04)23274275,(04)23288582,2025,7,12,2,27,臺中市,北區,0,0,0,7,1,6,50,13,9,1,5,4,6,6,4,4,5,5,5,2,17,3,10,3,1,C03,7,5,1,10,3,11,,59,59,1,12,4,120.695673,24.153342,3
4218,66000,387130000C,(04)23274275,(04)23288582,2025,7,12,2,30,臺中市,大安區,0,0,0,7,,,30,,,,,,,,,,,,,,,,,,,A11,,,1,,2,,,49,49,1,6,4,120.576026,24.344964,3
4219,66000,387130000C,(04)23274275,(04)23288582,2025,7,12,2,37,臺中市,豐原區,0,0,0,7,,,30,,,,,,,,,,,,,,17,,,,,B03,,,1,,2,,,84,84,1,13,4,120.73435,24.249306,3
4220,66000,387130000C,(04)23274275,(04)23288582,2025,7,12,3,10,臺中市,北區,0,0,0,7,,,50,,,,,,,,,,,,,,17,,,,,B03,,,1,,1,,,59,59,1,12,4,120.69681,24.154763,3
4221,66000,387130000C,(04)23274275,(04)23288582,2025,7,12,5,42,臺中市,烏日區,0,1,0,7,3,6,60,13,14,1,5,4,6,6,4,4,5,4,5,1,12,2,9,1,1,C03,7,9,1,10,2,11,,59,59,1,6,4,120.654944,24.056649,2
4222,66000,387130000C,(04)23274275,(04)23288582,2025,7,12,6,9,臺中市,大雅區,0,0,0,7,,,0,,,,,,,,,,,,,,17,,,,,B03,,,1,,2,,,78,78,1,13,4,120.656622,24.220574,3
4223,66000,387130000C,(04)23274275,(04)23288582,2025,7,12,6,14,臺中市,北屯區,0,1,0,7,2,6,50,3,1,1,5,4,6,6,4,4,10,5,5,2,16,3,10,3,1,B03,7,6,1,8,2,4,,13,13,1,12,4,120.66634,24.191752,2
4224,66000,387130000C,(04)23274275,(04)23288582,2025,7,12,6,31,臺中市,太平區,0,1,0,7,2,6,30,11,9,1,4,4,6,6,4,4,10,5,5,1,18,2,9,5,4,F01,7,9,7,21,2,16,,59,59,1,6,4,120.783439,24.155394,2
4225,66000,387130000C,(04)23274275,(04)23288582,2025,7,12,6,32,臺中市,大肚區,0,0,0,7,,,60,,,,,,,,,,,,,,13,,,,,B03,,,5,,2,,,7,7,1,6,4,120.58248,24.171473,3
4226,66000,387130000C,(04)23274275,(04)23288582,2025,7,12,6,45,臺中市,北屯區,0,0,0,7,,,50,,,,,,,,,,,,,,17,,,,,B03,,,1,,1,,,39,39,1,12,4,120.73042,24.177167,3
4227,66000,387130000C,(04)23274275,(04)23288582,2025,7,12,6,55,臺中市,西屯區,0,1,0,7,2,6,50,13,9,1,5,4,6,6,4,4,5,4,5,2,17,2,9,1,1,C03,7,9,1,10,2,11,,59,59,1,13,4,120.644616,24.171467,2
4228,66000,387130000C,(04)23274275,(04)23288582,2025,7,12,7,5,臺中市,新社區,0,0,0,7,,,40,,,,,,,,,,,,,,19,,,,,B03,,,1,,1,,,59,59,1,13,4,120.888732,24.115134,3
4229,66000,387130000C,(04)23274275,(04)23288582,2025,7,12,7,10,臺中市,大里區,0,1,0,7,2,6,50,13,9,1,5,4,6,6,4,4,9,5,5,1,17,3,10,5,4,B01,7,1,1,4,2,16,,51,51,1,12,4,120.687307,24.088416,2
4230,66000,387130000C,(04)23274275,(04)23288582,2025,7,12,7,12,臺中市,東區,0,2,0,7,3,6,50,3,2,1,5,4,6,6,4,4,9,5,5,2,16,2,9,2,1,C03,7,11,1,10,2,11,,84,84,1,12,4,120.695692,24.144664,2
4231,66000,387130000C,(04)23274275,(04)23288582,2025,7,12,7,13,臺中市,龍井區,0,1,0,7,2,6,30,11,9,1,5,4,6,6,4,4,10,5,5,1,11,2,9,2,1,C03,7,9,1,10,2,11,,41,41,1,6,4,120.575245,24.189842,2
4232,66000,387130000C,(04)23274275,(04)23288582,2025,7,12,7,17,臺中市,霧峰區,0,1,0,7,3,6,40,13,9,1,5,4,6,6,4,4,10,5,5,2,28,2,9,1,1,C03,7,9,1,10,2,11,,87,87,1,13,4,120.660386,24.080556,2
4233,66000,387130000C,(04)23274275,(04)23288582,2025,7,12,7,26,臺中市,潭子區,0,0,0,7,,,30,,,,,,,,,,,,,,17,,,,,B12,,,1,,9,,,49,49,2,13,4,120.699985,24.188536,3
4234,66000,387130000C,(04)23274275,(04)23288582,2025,7,12,7,26,臺中市,太平區,0,0,0,7,,,50,,,,,,,,,,,,,,,,,,,B03,,,1,,2,,,84,84,1,12,4,120.744249,24.158988,3
4235,66000,387130000C,(04)23274275,(04)23288582,2025,7,12,7,27,臺中市,西區,0,0,0,7,,,30,,,,,,,,,,,,,,,,,,,C03,,,1,,11,,,78,78,2,12,4,120.667251,24.139297,3
4236,66000,387130000C,(04)23274275,(04)23288582,2025,7,12,7,30,臺中市,東區,0,1,0,7,2,6,50,4,1,1,5,4,6,6,1,1,9,4,4,2,17,3,10,3,1,B03,7,6,1,8,2,8,,11,11,1,12,4,120.700103,24.138881,2
4237,66000,387130000C,(04)23274275,(04)23288582,2025,7,12,7,31,臺中市,西屯區,0,1,0,7,2,6,40,13,8,1,5,4,6,6,4,4,1,4,4,2,16,3,10,5,4,B03,7,1,3,19,9,8,,51,51,1,12,4,120.655099,24.176111,2
4238,66000,387130000C,(04)23274275,(04)23288582,2025,7,12,7,35,臺中市,西屯區,0,0,0,7,,,30,,,,,,,,,,,,,,17,,,,,B03,,,1,,2,,,8,8,1,13,4,120.590109,24.176533,3
4239,66000,387130000C,(04)23274275,(04)23288582,2025,7,12,7,44,臺中市,北屯區,0,0,0,7,,,50,,,,,,,,,,,,,,13,,,,,B03,,,1,,1,,,59,59,1,6,4,120.675543,24.187666,3
4240,66000,387130000C,(04)23274275,(04)23288582,2025,7,12,7,47,臺中市,龍井區,0,0,0,7,,,50,,,,,,,,,,,,,,,,,,,B03,,,1,,2,,,49,49,1,12,4,120.546604,24.196364,3
4241,66000,387130000C,(04)23274275,(04)23288582,2025,7,12,7,48,臺中市,大里區,0,1,0,7,3,6,50,3,2,1,5,4,6,6,4,4,9,5,5,1,17,2,9,1,1,C03,7,1,3,19,2,14,,51,51,1,12,4,120.707711,24.086994,2
4242,66000,387130000C,(04)23274275,(04)23288582,2025,7,12,7,51,臺中市,太平區,0,0,0,7,,,50,,,,,,,,,,,,,,13,,,,,B12,,,1,,1,,,84,84,1,12,4,120.731523,24.140326,3
4243,66000,387130000C,(04)23274275,(04)23288582,2025,7,12,8,25,臺中市,神岡區,0,0,0,7,,,50,,,,,,,,,,,,,,14,,,,,B12,,,1,,2,,,82,82,1,13,4,120.696418,24.254456,3
4244,66000,387130000C,(04)23274275,(04)23288582,2025,7,12,8,26,臺中市,大雅區,0,0,0,7,,,60,,,,,,,,,,,,,,,,,,,B03,,,1,,1,,,7,7,1,13,4,120.646582,24.222703,3
4245,66000,387130000C,(04)23274275,(04)23288582,2025,7,12,8,26,臺中市,東勢區,0,1,0,7,2,6,50,5,1,1,5,4,6,6,4,4,10,5,5,2,12,2,9,1,1,C03,7,9,1,10,2,12,,85,85,1,12,4,120.833462,24.252176,2
4246,66000,387130000C,(04)23274275,(04)23288582,2025,7,12,8,27,臺中市,神岡區,0,2,0,7,2,6,30,4,1,5,5,4,6,6,4,4,10,5,5,2,16,3,10,5,4,C03,7,6,1,10,2,14,,48,48,1,12,4,120.682498,24.243192,2
4247,66000,387130000C,(04)23274275,(04)23288582,2025,7,12,8,30,臺中市,太平區,0,1,0,7,2,6,30,13,9,1,5,4,6,6,4,4,10,5,5,2,17,3,10,3,1,B03,7,1,1,8,2,8,,51,51,1,12,4,120.734487,24.155475,2
4248,66000,387130000C,(04)23274275,(04)23288582,2025,7,12,8,30,臺中市,東勢區,0,1,0,7,2,6,50,13,9,1,5,4,6,6,4,4,5,5,5,1,13,2,8,1,1,C03,7,9,1,10,2,11,,7,7,1,12,4,120.828135,24.257891,2
4249,66000,387130000C,(04)23274275,(04)23288582,2025,7,12,8,31,臺中市,后里區,0,2,0,7,2,6,50,5,1,1,5,4,6,6,1,1,5,4,4,1,15,2,9,1,1,C03,7,1,1,10,2,12,,51,51,1,6,4,120.709633,24.311051,2
4250,66000,387130000C,(04)23274275,(04)23288582,2025,7,12,8,35,臺中市,北屯區,0,0,0,7,,,40,,,,,,,,,,,,,,14,,,,,B03,,,1,,2,,,50,50,1,13,4,120.684212,24.175866,3
4251,66000,387130000C,(04)23274275,(04)23288582,2025,7,12,8,40,臺中市,沙鹿區,0,1,0,7,2,9,0,18,21,4,5,4,6,6,4,4,10,5,5,2,17,2,9,1,1,C03,7,15,1,10,2,11,,82,82,1,12,4,120.563492,24.206423,2
4252,66000,387130000C,(04)23274275,(04)23288582,2025,7,12,8,52,臺中市,外埔區,0,2,0,7,2,6,50,3,1,1,5,4,6,6,4,4,10,5,5,2,16,2,9,1,1,C03,7,11,1,10,2,14,,45,45,1,12,4,120.636811,24.343024,2
4253,66000,387130000C,(04)23274275,(04)23288582,2025,7,12,8,56,臺中市,南區,0,1,0,7,2,6,50,4,1,1,5,4,6,6,2,1,10,5,5,2,15,3,10,3,1,B03,7,9,1,8,2,1,,21,21,1,13,4,120.670073,24.117162,2
4254,66000,387130000C,(04)23274275,(04)23288582,2025,7,12,8,56,臺中市,北屯區,0,1,0,7,2,6,30,4,1,1,5,4,6,6,4,4,10,5,5,2,16,2,9,6,4,F01,7,5,7,21,2,14,,12,12,1,12,4,120.670349,24.186854,2
4255,66000,387130000C,(04)23274275,(04)23288582,2025,7,12,8,58,臺中市,大雅區,0,0,0,7,,,30,,,,,,,,,,,,,,14,,,,,B03,,,1,,1,,,49,49,1,13,4,120.625587,24.240745,3
4256,66000,387130000C,(04)23274275,(04)23288582,2025,7,12,8,59,臺中市,豐原區,0,1,0,7,2,6,50,4,1,1,5,4,6,6,3,1,1,4,5,2,14,3,10,5,4,B03,7,2,1,8,2,3,,49,49,1,12,4,120.708916,24.251037,2
4257,66000,387130000C,(04)23274275,(04)23288582,2025,7,12,9,7,臺中市,潭子區,0,0,0,7,,,30,,,,,,,,,,,,,,9,,,,,B11,,,1,,1,,,82,82,1,13,4,120.710145,24.229365,3
4258,66000,387130000C,(04)23274275,(04)23288582,2025,7,12,9,9,臺中市,西屯區,0,1,0,7,1,6,50,13,9,1,5,4,6,6,4,4,5,4,5,2,17,3,10,3,1,B03,7,5,1,8,1,2,,84,84,1,12,4,120.644367,24.200442,2
4259,66000,387130000C,(04)23274275,(04)23288582,2025,7,12,9,10,臺中市,龍井區,0,1,0,7,3,6,50,13,9,1,5,4,6,6,4,4,5,4,5,1,17,3,10,2,4,C03,7,1,3,19,2,14,,51,51,1,6,4,120.523611,24.199695,2