序號,縣市別代碼,機關代碼,市話,傳真,年,月,日,時,分,縣市,區,死亡數量,受傷數量,2-30,天候,道路照明設備,道路類別,道路速限,道路型態,事故位置,路面鋪裝,路面狀態,路面缺陷,障礙物,視距,號誌種類,號誌動作,分向設施,快車道或一般車道間,快慢車道間,路面邊線,事故類型及型態,受傷程度,主要傷處,保護裝備,行動電話或功能裝置,當事者區分(類別),車輛用途,當事者行動狀態,駕照狀態,駕照種類,飲酒情形,車輛撞擊部位最初,車輛撞擊部位其他,肇事因素個別,肇事因素主要,肇事逃逸,職業,共享經濟或外送平台,GPS座標X,GPS座標Y,事故類別
4260,66000,387130000C,(04)23274275,(04)23288582,2025,7,12,9,20,臺中市,南區,0,1,0,7,2,6,50,4,1,1,5,4,6,6,2,1,10,5,5,2,17,2,9,1,1,C03,7,1,1,10,2,14,,51,51,1,12,4,120.66392,24.116833,2
4261,66000,387130000C,(04)23274275,(04)23288582,2025,7,12,9,23,臺中市,南區,0,2,0,7,3,6,50,3,1,1,5,4,6,6,1,1,10,5,5,2,17,2,9,2,1,F03,7,5,7,21,2,11,,84,84,1,12,4,120.679432,24.122685,2
4262,66000,387130000C,(04)23274275,(04)23288582,2025,7,12,9,27,臺中市,東區,0,0,0,7,,,50,,,,,,,,,,,,,,17,,,,,A12,,,1,,1,,,78,78,1,12,4,120.700709,24.13031,3
4263,66000,387130000C,(04)23274275,(04)23288582,2025,7,12,9,29,臺中市,北區,0,1,0,7,2,6,50,3,2,1,5,4,6,6,4,4,9,5,5,2,17,3,10,1,1,C03,7,5,1,10,2,13,,84,84,1,13,4,120.675326,24.164399,2
4264,66000,387130000C,(04)23274275,(04)23288582,2025,7,12,9,33,臺中市,烏日區,0,0,0,7,,,50,,,,,,,,,,,,,,,,,,,B03,,,1,,2,,,7,7,1,13,4,120.618368,24.102739,3
4265,66000,387130000C,(04)23274275,(04)23288582,2025,7,12,9,34,臺中市,北區,0,0,0,7,,,40,,,,,,,,,,,,,,17,,,,,C03,,,1,,2,,,59,59,1,12,4,120.694591,24.156856,3
4266,66000,387130000C,(04)23274275,(04)23288582,2025,7,12,9,50,臺中市,大里區,0,1,0,7,2,6,40,13,9,1,5,4,6,6,4,4,10,5,5,2,16,2,9,4,1,F01,7,15,7,21,2,11,,84,84,1,12,4,120.677589,24.101592,2
4267,66000,387130000C,(04)23274275,(04)23288582,2025,7,12,9,52,臺中市,大里區,0,1,0,6,2,6,50,4,1,1,5,4,6,6,4,4,10,5,5,2,15,3,10,5,4,B03,7,9,1,8,2,5,,15,15,1,12,4,120.688062,24.08604,2
4268,66000,387130000C,(04)23274275,(04)23288582,2025,7,12,9,53,臺中市,東區,0,1,0,7,2,6,50,4,2,1,5,4,6,6,2,1,5,5,5,2,12,3,10,3,1,B03,7,4,1,8,2,2,,1,1,1,12,4,120.693151,24.134755,2
4269,66000,387130000C,(04)23274275,(04)23288582,2025,7,12,9,55,臺中市,梧棲區,0,1,0,7,2,6,50,3,1,1,5,4,6,6,4,4,10,5,5,2,17,3,10,1,1,C03,7,5,1,10,2,16,,14,14,1,12,4,120.557717,24.257518,2
4270,66000,387130000C,(04)23274275,(04)23288582,2025,7,12,10,6,臺中市,豐原區,0,0,0,7,,,60,,,,,,,,,,,,,,13,,,,,B03,,,1,,1,,,62,62,1,12,4,120.703406,24.242172,3
4271,66000,387130000C,(04)23274275,(04)23288582,2025,7,12,10,12,臺中市,中區,0,0,0,7,,,50,,,,,,,,,,,,,,,,,,,B03,,,1,,1,,,84,84,1,12,4,120.682394,24.135625,3
4272,66000,387130000C,(04)23274275,(04)23288582,2025,7,12,10,12,臺中市,北區,0,2,0,7,2,6,50,4,1,1,5,4,6,6,2,1,10,5,5,2,17,2,9,1,1,C03,7,6,1,10,2,13,,11,11,1,13,4,120.694326,24.155623,2
4273,66000,387130000C,(04)23274275,(04)23288582,2025,7,12,10,15,臺中市,北屯區,0,0,0,7,,,50,,,,,,,,,,,,,,13,,,,,B03,,,1,,1,,,84,84,1,6,4,120.723091,24.162035,3
4274,66000,387130000C,(04)23274275,(04)23288582,2025,7,12,10,15,臺中市,太平區,0,1,0,7,2,6,50,4,1,1,5,4,6,6,2,1,2,4,5,2,16,3,10,3,1,B03,7,5,1,8,2,6,,47,47,1,12,4,120.711167,24.149676,2
4275,66000,387130000C,(04)23274275,(04)23288582,2025,7,12,10,22,臺中市,霧峰區,0,1,0,7,3,6,50,4,1,1,5,4,6,6,1,1,10,5,5,2,16,3,10,5,4,B03,7,5,1,8,2,5,,11,11,1,13,4,120.699052,24.077985,2
4276,66000,387130000C,(04)23274275,(04)23288582,2025,7,12,10,25,臺中市,西屯區,0,0,0,7,,,50,,,,,,,,,,,,,,12,,,,,B03,,,1,,2,,,40,40,1,13,4,120.637023,24.172144,3
4277,66000,387130000C,(04)23274275,(04)23288582,2025,7,12,10,28,臺中市,西區,0,1,0,7,2,6,50,4,1,1,5,4,6,6,1,1,10,5,5,2,17,2,9,1,1,C03,7,9,1,10,2,11,,87,87,1,12,4,120.657229,24.133942,2
4278,66000,387130000C,(04)23274275,(04)23288582,2025,7,12,10,28,臺中市,豐原區,0,1,0,7,2,6,50,4,1,1,5,4,6,6,3,1,5,5,4,2,15,3,10,5,4,B03,7,9,1,8,2,5,,24,24,1,12,4,120.720837,24.250632,2
4279,66000,387130000C,(04)23274275,(04)23288582,2025,7,12,10,35,臺中市,太平區,0,1,0,7,2,6,30,3,1,1,5,4,6,6,4,4,10,5,5,2,16,3,10,3,1,B03,7,6,1,8,2,1,,14,14,1,13,4,120.701195,24.11243,2
4280,66000,387130000C,(04)23274275,(04)23288582,2025,7,12,10,36,臺中市,烏日區,0,0,0,7,2,6,40,13,9,1,5,4,6,6,4,4,10,5,5,2,14,3,10,3,1,B03,7,2,1,6,2,7,,49,49,1,6,4,120.635505,24.104012,3
4281,66000,387130000C,(04)23274275,(04)23288582,2025,7,12,10,37,臺中市,北屯區,0,1,0,7,2,6,50,3,1,1,5,4,6,6,4,4,5,5,5,2,12,3,10,1,1,C03,7,6,1,10,2,14,,85,85,1,12,4,120.685598,24.190475,2
4282,66000,387130000C,(04)23274275,(04)23288582,2025,7,12,10,39,臺中市,北屯區,0,0,0,7,,,50,,,,,,,,,,,,,,17,,,,,B03,,,1,8,1,,,87,87,1,12,4,120.668302,24.178569,3
4283,66000,387130000C,(04)23274275,(04)23288582,2025,7,12,10,42,臺中市,大雅區,0,1,0,7,2,6,60,13,7,1,5,4,6,6,4,4,1,4,4,1,16,2,9,2,1,C03,7,9,1,10,2,12,,84,84,1,13,4,120.646866,24.222041,2
4284,66000,387130000C,(04)23274275,(04)23288582,2025,7,12,10,42,臺中市,梧棲區,0,0,0,7,,,50,,,,,,,,,,,,,,13,,,,,B03,,,1,,1,,,58,58,1,12,4,120.534935,24.250744,3
4285,66000,387130000C,(04)23274275,(04)23288582,2025,7,12,10,43,臺中市,西屯區,0,1,0,7,2,6,30,4,1,1,5,4,6,6,4,4,10,5,5,2,15,2,9,5,4,C03,7,9,1,10,2,14,,15,15,1,13,4,120.617135,24.187506,2
4286,66000,387130000C,(04)23274275,(04)23288582,2025,7,12,10,45,臺中市,大雅區,0,2,0,7,3,6,50,4,2,1,5,4,6,6,1,1,1,3,4,1,30,2,9,1,4,C03,7,9,1,10,2,14,,84,84,1,13,4,120.662591,24.219157,2
4287,66000,387130000C,(04)23274275,(04)23288582,2025,7,12,10,45,臺中市,南屯區,0,0,0,7,,3,80,,,,,,,,,,,,,,12,,,,,A41,,,1,,2,,,85,85,1,12,4,120.621618,24.134699,3
4288,66000,387130000C,(04)23274275,(04)23288582,2025,7,12,10,48,臺中市,沙鹿區,0,0,0,7,,,50,,,,,,,,,,,,,,13,,,,,A04,,,1,,2,,,84,84,1,6,4,120.62161,24.241862,3
4289,66000,387130000C,(04)23274275,(04)23288582,2025,7,12,10,51,臺中市,西區,0,1,0,7,1,6,50,13,9,1,5,4,6,6,4,4,5,5,5,2,17,3,10,5,4,B03,7,2,1,8,2,3,,85,85,1,12,4,120.662116,24.137881,2
4290,66000,387130000C,(04)23274275,(04)23288582,2025,7,12,10,52,臺中市,中區,0,0,0,7,,,50,,,,,,,,,,,,,,,,,,,C03,,,1,,1,,,48,48,1,13,4,120.67578,24.144289,3
4291,66000,387130000C,(04)23274275,(04)23288582,2025,7,12,10,53,臺中市,豐原區,0,1,0,7,2,6,15,13,13,1,5,4,6,6,4,4,10,5,5,1,18,2,9,5,4,F01,7,15,7,21,2,16,,59,59,1,12,3,120.711747,24.237707,2
4292,66000,387130000C,(04)23274275,(04)23288582,2025,7,12,10,54,臺中市,神岡區,0,0,0,7,,,60,,,,,,,,,,,,,,12,,,,,B03,,,1,,1,,,7,7,1,13,4,120.694221,24.232355,3
4293,66000,387130000C,(04)23274275,(04)23288582,2025,7,12,10,55,臺中市,龍井區,0,0,0,7,,,40,,,,,,,,,,,,,,,,,,,B03,,,3,,1,,,49,49,1,6,4,120.52507,24.19629,3
4294,66000,387130000C,(04)23274275,(04)23288582,2025,7,12,10,58,臺中市,南屯區,0,0,0,7,,,50,,,,,,,,,,,,,,,,,,,B01,,,1,,1,,,59,59,1,12,4,120.644606,24.139514,3
4295,66000,387130000C,(04)23274275,(04)23288582,2025,7,12,10,58,臺中市,西屯區,0,0,0,7,,,0,,,,,,,,,,,,,,,,,,,B03,,,1,,2,,,50,50,1,12,4,120.651843,24.179558,3
4296,66000,387130000C,(04)23274275,(04)23288582,2025,7,12,11,0,臺中市,后里區,0,0,0,7,3,6,50,13,14,1,5,4,6,6,4,4,5,5,5,1,17,3,10,3,1,B12,7,3,1,8,2,6,,50,50,1,6,4,120.742858,24.322071,3
4297,66000,387130000C,(04)23274275,(04)23288582,2025,7,12,11,5,臺中市,南屯區,0,0,0,7,,3,80,,,,,,,,,,,,,,13,,,,,B03,,,1,,1,,,7,7,1,13,4,120.622898,24.13993,3
4298,66000,387130000C,(04)23274275,(04)23288582,2025,7,12,11,6,臺中市,南區,0,1,0,7,2,6,50,13,9,1,5,4,6,6,4,4,9,5,5,2,13,2,9,2,1,C03,7,9,1,10,2,11,,7,7,1,13,4,120.655301,24.124002,2
4299,66000,387130000C,(04)23274275,(04)23288582,2025,7,12,11,8,臺中市,大甲區,0,1,0,7,3,6,50,3,1,1,5,4,6,6,4,4,10,5,5,2,17,3,10,3,1,B03,7,2,1,8,2,3,,49,49,1,6,4,120.627158,24.350277,2
4300,66000,387130000C,(04)23274275,(04)23288582,2025,7,12,11,9,臺中市,西屯區,0,0,0,7,,,40,,,,,,,,,,,,,,13,,,,,C03,,,1,,1,,,7,7,1,13,4,120.660795,24.164092,3
4301,66000,387130000C,(04)23274275,(04)23288582,2025,7,12,11,10,臺中市,潭子區,0,0,0,7,,,30,,,,,,,,,,,,,,,,,,,B03,,,1,,2,,,59,59,1,12,4,120.729864,24.215802,3
4302,66000,387130000C,(04)23274275,(04)23288582,2025,7,12,11,10,臺中市,西屯區,0,0,0,7,,,50,,,,,,,,,,,,,,13,,,,,B03,,,1,,1,,,51,51,1,12,4,120.665062,24.16682,3
4303,66000,387130000C,(04)23274275,(04)23288582,2025,7,12,11,18,臺中市,西區,0,1,0,7,2,6,50,4,1,1,5,4,6,6,1,1,1,4,4,2,12,3,10,3,1,B03,7,5,1,15,2,2,,11,11,1,12,4,120.656751,24.147783,2
4304,66000,387130000C,(04)23274275,(04)23288582,2025,7,12,11,20,臺中市,太平區,0,0,0,7,,,50,,,,,,,,,,,,,,,,,,,B03,,,5,,2,,,56,56,1,12,4,120.715908,24.149105,3
4305,66000,387130000C,(04)23274275,(04)23288582,2025,7,12,11,27,臺中市,北區,0,1,0,7,2,6,50,13,9,1,5,4,6,6,4,4,9,4,5,2,17,3,10,3,1,B03,7,9,1,8,2,5,,84,84,1,12,4,120.679958,24.159742,2
4306,66000,387130000C,(04)23274275,(04)23288582,2025,7,12,11,27,臺中市,北屯區,0,0,0,7,,,50,,,,,,,,,,,,,,13,,,,,B03,,,1,,1,,,84,84,1,6,4,120.67686,24.192111,3
4307,66000,387130000C,(04)23274275,(04)23288582,2025,7,12,11,30,臺中市,大里區,0,0,0,7,,,30,,,,,,,,,,,,,,13,,,,,C03,,,1,,2,,,84,84,1,6,4,120.677116,24.098784,4
4308,66000,387130000C,(04)23274275,(04)23288582,2025,7,12,11,31,臺中市,北區,0,0,0,7,,,50,,,,,,,,,,,,,,13,,,,,A02,,,1,,2,,,7,7,1,13,4,120.685905,24.153613,3
4309,66000,387130000C,(04)23274275,(04)23288582,2025,7,12,11,31,臺中市,西屯區,0,0,0,7,,,50,,,,,,,,,,,,,,12,,,,,B03,,,1,,2,,,8,8,1,13,4,120.619501,24.179972,3
4310,66000,387130000C,(04)23274275,(04)23288582,2025,7,12,11,35,臺中市,北屯區,0,0,0,7,,,50,,,,,,,,,,,,,,9,,,,,B03,,,1,,2,,,47,47,1,6,4,120.694259,24.16491,3
4311,66000,387130000C,(04)23274275,(04)23288582,2025,7,12,11,36,臺中市,東區,0,1,0,7,3,6,50,4,1,1,5,4,6,6,1,1,10,5,5,2,15,2,8,2,1,C03,7,9,1,10,2,11,,21,21,1,12,4,120.695511,24.14471,2
4312,66000,387130000C,(04)23274275,(04)23288582,2025,7,12,11,38,臺中市,東區,0,0,0,7,,,50,,,,,,,,,,,,,,17,,,,,B03,,,1,,1,,,40,40,1,12,4,120.683726,24.134986,3
4313,66000,387130000C,(04)23274275,(04)23288582,2025,7,12,11,40,臺中市,北屯區,0,1,0,7,3,6,50,3,1,1,5,4,6,6,4,4,10,5,5,2,16,3,10,3,1,B03,7,5,1,8,2,1,,59,59,1,13,4,120.725541,24.166773,2
4314,66000,387130000C,(04)23274275,(04)23288582,2025,7,12,11,40,臺中市,太平區,0,1,0,7,2,6,30,3,1,1,5,4,6,4,4,4,10,5,5,2,16,3,10,3,1,B03,7,5,1,8,2,8,,14,14,1,12,4,120.735076,24.142369,2
4315,66000,387130000C,(04)23274275,(04)23288582,2025,7,12,11,41,臺中市,豐原區,0,1,0,7,2,6,50,13,7,1,5,4,6,6,4,4,5,4,4,2,16,2,9,1,1,C03,7,11,1,10,2,11,,26,26,1,12,4,120.71406,24.250907,2
4316,66000,387130000C,(04)23274275,(04)23288582,2025,7,12,11,45,臺中市,西區,0,1,0,7,2,6,50,3,1,1,5,4,6,6,4,4,10,5,5,2,18,2,9,1,1,C04,7,6,1,10,2,14,,84,84,1,13,4,120.672433,24.14183,2
4317,66000,387130000C,(04)23274275,(04)23288582,2025,7,12,11,48,臺中市,西屯區,0,0,0,7,,,50,,,,,,,,,,,,,,14,,,,,B03,,,1,1,1,,,49,49,1,13,4,120.652395,24.168158,3
4318,66000,387130000C,(04)23274275,(04)23288582,2025,7,12,11,51,臺中市,北區,0,1,0,7,2,6,50,4,1,1,5,4,6,6,2,1,10,4,5,2,17,2,9,1,1,C03,7,6,1,10,2,14,,48,48,1,12,4,120.6783,24.167009,2
4319,66000,387130000C,(04)23274275,(04)23288582,2025,7,12,11,55,臺中市,中區,0,1,0,7,3,6,50,13,9,1,5,4,6,6,4,4,5,4,5,2,12,2,9,1,1,C03,7,8,1,10,2,14,,42,42,1,6,4,120.685051,24.142619,2
4320,66000,387130000C,(04)23274275,(04)23288582,2025,7,12,11,56,臺中市,東區,0,0,0,7,,,,,,,,,,,,,,,,,13,,,,,,,,,,,,,119,119,1,,,120.690333,24.128853,4
4321,66000,387130000C,(04)23274275,(04)23288582,2025,7,12,11,57,臺中市,太平區,0,2,0,7,2,6,50,4,1,1,5,4,6,6,1,1,10,5,5,2,13,2,9,2,1,C03,7,9,1,10,1,11,,7,7,1,13,4,120.709502,24.127674,2
4322,66000,387130000C,(04)23274275,(04)23288582,2025,7,12,12,0,臺中市,中區,0,0,0,7,,,50,,,,,,,,,,,,,,,,,,,A41,,,1,,1,,,7,7,1,12,4,120.684819,24.13746,3
4323,66000,387130000C,(04)23274275,(04)23288582,2025,7,12,12,0,臺中市,龍井區,0,1,0,7,2,6,50,13,9,1,5,4,6,6,4,4,10,5,5,2,16,2,8,2,1,C03,7,11,1,10,2,14,,8,8,1,10,4,120.584458,24.182473,2
4324,66000,387130000C,(04)23274275,(04)23288582,2025,7,12,12,2,臺中市,西屯區,0,0,0,7,,,50,,,,,,,,,,,,,,13,,,,,B03,,,1,,1,,,7,7,1,13,4,120.609035,24.184209,4
4325,66000,387130000C,(04)23274275,(04)23288582,2025,7,12,12,2,臺中市,沙鹿區,0,0,0,7,,,60,,,,,,,,,,,,,,,,,,,B03,,,1,,2,,,59,59,1,13,4,120.571762,24.24296,3
4326,66000,387130000C,(04)23274275,(04)23288582,2025,7,12,12,5,臺中市,北屯區,0,0,0,7,,,30,,,,,,,,,,,,,,17,,,,,B03,,,1,,1,,,14,14,1,6,4,120.7067,24.17011,4
4327,66000,387130000C,(04)23274275,(04)23288582,2025,7,12,12,5,臺中市,大里區,0,0,0,7,,,50,,,,,,,,,,,,,,16,,,,,B03,,,1,,2,,,12,12,1,12,4,120.70008,24.109014,3
4328,66000,387130000C,(04)23274275,(04)23288582,2025,7,12,12,9,臺中市,西屯區,0,0,0,7,,,50,,,,,,,,,,,,,,13,,,,,B03,,,1,,2,,,7,7,1,13,4,120.660612,24.169327,3
4329,66000,387130000C,(04)23274275,(04)23288582,2025,7,12,12,10,臺中市,北區,0,1,0,7,2,6,50,13,9,1,5,4,6,6,4,4,3,2,4,2,13,3,10,3,1,B12,7,9,1,8,2,1,,7,7,1,12,4,120.67243,24.168846,2
4330,66000,387130000C,(04)23274275,(04)23288582,2025,7,12,12,10,臺中市,西屯區,0,1,0,7,2,6,30,13,9,1,5,4,6,6,4,4,10,5,5,2,17,3,10,5,4,B03,7,1,1,8,2,5,,51,51,1,12,4,120.650973,24.169993,2
4331,66000,387130000C,(04)23274275,(04)23288582,2025,7,12,12,13,臺中市,北屯區,0,0,0,7,,,50,,,,,,,,,,,,,,13,,,,,B03,,,1,,1,,,82,82,1,6,4,120.718086,24.159937,3
4332,66000,387130000C,(04)23274275,(04)23288582,2025,7,12,12,13,臺中市,豐原區,0,0,0,6,2,6,50,13,9,1,5,4,6,6,4,4,5,5,5,2,12,3,10,1,1,C03,7,9,1,10,9,12,,8,8,1,12,4,120.715164,24.251814,3
4333,66000,387130000C,(04)23274275,(04)23288582,2025,7,12,12,15,臺中市,南屯區,0,0,0,7,,,50,,,,,,,,,,,,,,13,,,,,B03,,,1,,1,,,7,7,1,13,4,120.653053,24.138904,3
4334,66000,387130000C,(04)23274275,(04)23288582,2025,7,12,12,15,臺中市,北屯區,0,1,0,7,3,6,50,5,1,1,5,4,6,6,2,1,10,5,5,2,16,2,9,2,1,C03,7,6,1,10,2,11,,11,11,1,12,2,120.696492,24.179845,2
4335,66000,387130000C,(04)23274275,(04)23288582,2025,7,12,12,15,臺中市,太平區,0,1,0,6,2,6,30,13,9,1,5,4,6,6,4,4,10,5,5,2,17,2,9,1,1,F03,7,9,7,21,2,11,,84,84,1,12,4,120.728502,24.103846,2
4336,66000,387130000C,(04)23274275,(04)23288582,2025,7,12,12,17,臺中市,霧峰區,0,0,0,7,,,0,,,,,,,,,,,,,,17,,,,,B03,,,1,,2,,,49,49,1,12,4,120.712853,24.077013,3
4337,66000,387130000C,(04)23274275,(04)23288582,2025,7,12,12,17,臺中市,太平區,0,0,0,7,,,50,,,,,,,,,,,,,,17,,,,,D02,,,1,,2,,,84,84,1,10,4,120.704402,24.111471,3
4338,66000,387130000C,(04)23274275,(04)23288582,2025,7,12,12,18,臺中市,大安區,0,1,0,7,3,6,50,13,9,1,5,4,6,6,4,4,10,5,5,2,18,2,9,1,1,C03,7,6,1,10,2,14,,7,7,1,6,4,120.605096,24.373322,2
4339,66000,387130000C,(04)23274275,(04)23288582,2025,7,12,12,20,臺中市,太平區,0,1,0,7,2,6,50,4,1,1,5,4,6,6,2,1,5,4,5,1,13,2,1,3,1,B12,7,9,1,8,2,1,,84,84,1,12,4,120.722543,24.13402,2
4340,66000,387130000C,(04)23274275,(04)23288582,2025,7,12,12,28,臺中市,北區,0,0,0,7,,,50,,,,,,,,,,,,,,17,,,,,C03,,,1,,2,,,85,85,1,13,4,120.67752,24.151171,3
4341,66000,387130000C,(04)23274275,(04)23288582,2025,7,12,12,30,臺中市,南屯區,0,1,0,7,2,6,50,4,2,1,5,4,6,6,1,1,9,4,1,2,13,2,9,1,1,C03,7,9,1,10,2,11,,58,58,1,12,4,120.633105,24.123636,2
4342,66000,387130000C,(04)23274275,(04)23288582,2025,7,12,12,30,臺中市,太平區,0,0,0,7,,,50,,,,,,,,,,,,,,,,,,,B03,,,1,,2,,,84,84,1,12,4,120.725773,24.156261,3
4343,66000,387130000C,(04)23274275,(04)23288582,2025,7,12,12,30,臺中市,豐原區,0,0,0,7,,,50,,,,,,,,,,,,,,17,,,,,B03,,,1,,2,,,50,50,1,12,4,120.72461,24.260622,3
4344,66000,387130000C,(04)23274275,(04)23288582,2025,7,12,12,30,臺中市,豐原區,0,2,0,6,2,6,50,4,1,1,5,4,6,6,1,1,10,5,5,2,16,2,9,1,1,C03,7,6,1,10,2,14,,11,11,1,13,4,120.716464,24.260541,2
4345,66000,387130000C,(04)23274275,(04)23288582,2025,7,12,12,33,臺中市,大肚區,0,2,0,7,3,6,40,4,2,1,5,4,6,6,2,1,1,4,4,1,13,2,8,2,1,C03,7,9,1,10,2,11,,7,7,1,6,4,120.544021,24.162033,2
4346,66000,387130000C,(04)23274275,(04)23288582,2025,7,12,12,36,臺中市,南屯區,0,2,0,7,2,6,50,3,1,1,5,4,6,6,4,4,10,5,5,2,16,2,9,2,1,C03,7,6,1,10,2,11,,14,14,1,13,4,120.638031,24.139535,2
4347,66000,387130000C,(04)23274275,(04)23288582,2025,7,12,12,37,臺中市,西屯區,0,2,0,7,1,6,60,13,7,1,5,4,6,6,4,4,1,4,1,2,13,3,10,3,1,B03,7,9,1,8,1,1,,59,59,1,12,4,120.646697,24.164264,2
4348,66000,387130000C,(04)23274275,(04)23288582,2025,7,12,12,41,臺中市,沙鹿區,0,0,0,7,,,40,,,,,,,,,,,,,,,,,,,B03,,,1,,1,,,7,7,1,12,4,120.571307,24.233849,3
4349,66000,387130000C,(04)23274275,(04)23288582,2025,7,12,12,43,臺中市,大雅區,0,0,0,7,,,30,,,,,,,,,,,,,,,,,,,B03,,,1,,2,,,56,56,1,13,4,120.65402,24.221856,3
4350,66000,387130000C,(04)23274275,(04)23288582,2025,7,12,12,45,臺中市,大肚區,0,1,0,7,2,6,50,11,9,1,5,4,6,6,4,4,4,4,5,1,18,2,9,1,1,C03,7,9,1,10,2,12,,6,6,1,6,4,120.552248,24.159802,2
4351,66000,387130000C,(04)23274275,(04)23288582,2025,7,12,13,1,臺中市,北區,0,1,0,7,2,6,50,4,1,1,5,4,6,6,2,1,2,4,4,2,17,3,10,3,1,B12,7,6,1,8,2,2,,20,20,1,12,4,120.685564,24.155909,2
4352,66000,387130000C,(04)23274275,(04)23288582,2025,7,12,13,4,臺中市,北屯區,0,0,0,7,,,40,,,,,,,,,,,,,,13,,,,,B03,,,1,,1,,,7,7,1,12,4,120.679781,24.200882,3
4353,66000,387130000C,(04)23274275,(04)23288582,2025,7,12,13,10,臺中市,西屯區,0,0,0,7,,,50,,,,,,,,,,,,,,13,,,,,B03,,,1,,1,,,59,59,1,13,4,120.664099,24.172612,3
4354,66000,387130000C,(04)23274275,(04)23288582,2025,7,12,13,16,臺中市,南屯區,0,0,0,7,,,50,,,,,,,,,,,,,,,,,,,B13,,,1,,2,,,73,73,1,6,4,120.635102,24.136469,3
4355,66000,387130000C,(04)23274275,(04)23288582,2025,7,12,13,20,臺中市,北屯區,0,0,0,7,,,50,,,,,,,,,,,,,,12,,,,,B03,,,1,,2,,,8,8,1,6,4,120.691633,24.171161,3
4356,66000,387130000C,(04)23274275,(04)23288582,2025,7,12,13,20,臺中市,沙鹿區,0,0,0,7,,,50,,,,,,,,,,,,,,17,,,,,B03,,,1,,2,,,84,84,1,12,4,120.565701,24.207595,3
4357,66000,387130000C,(04)23274275,(04)23288582,2025,7,12,13,27,臺中市,北區,0,2,0,7,2,6,50,4,1,1,5,4,6,6,2,1,10,5,5,2,17,2,9,1,1,C03,7,7,1,10,2,12,,42,42,1,13,4,120.67059,24.163063,2
4358,66000,387130000C,(04)23274275,(04)23288582,2025,7,12,13,32,臺中市,東區,0,0,0,7,,,,,,,,,,,,,,,,,17,,,,,,,,,,,,,86,86,1,,,120.684053,24.133466,3
4359,66000,387130000C,(04)23274275,(04)23288582,2025,7,12,13,33,臺中市,西區,0,1,0,7,3,6,50,13,9,1,5,4,6,6,4,4,5,4,5,2,17,3,10,3,1,B03,7,9,1,8,2,5,,34,34,1,12,4,120.649914,24.144705,2
4360,66000,387130000C,(04)23274275,(04)23288582,2025,7,12,13,35,臺中市,豐原區,0,1,0,7,2,6,50,13,7,1,4,4,6,6,1,1,5,4,4,2,18,2,9,1,1,C03,7,9,1,10,2,16,,54,54,1,12,4,120.714165,24.239496,2
4361,66000,387130000C,(04)23274275,(04)23288582,2025,7,12,13,38,臺中市,潭子區,0,1,0,7,3,6,60,4,1,1,5,4,6,6,1,1,3,4,5,1,17,3,10,3,1,B02,7,5,1,8,2,2,,47,47,1,12,4,120.702513,24.194427,2
4362,66000,387130000C,(04)23274275,(04)23288582,2025,7,12,13,39,臺中市,豐原區,0,2,0,7,2,6,50,4,1,1,5,4,6,6,4,4,10,5,5,2,16,2,9,4,1,F01,7,6,7,21,2,14,,85,85,1,13,4,120.727029,24.260985,2
4363,66000,387130000C,(04)23274275,(04)23288582,2025,7,12,13,41,臺中市,北區,0,1,0,7,2,6,50,13,9,1,5,4,6,6,4,4,5,5,5,2,17,2,9,1,1,C03,7,9,3,19,2,11,,4,4,1,13,4,120.681065,24.166811,2
4364,66000,387130000C,(04)23274275,(04)23288582,2025,7,12,13,43,臺中市,大甲區,0,0,0,7,,,60,,,,,,,,,,,,,,,,,,,B03,,,1,,1,,,84,84,1,12,4,120.616915,24.348942,3
4365,66000,387130000C,(04)23274275,(04)23288582,2025,7,12,13,44,臺中市,西區,0,0,0,7,,,40,,,,,,,,,,,,,,12,,,,,B03,,,1,,2,,,8,8,1,12,4,120.657511,24.137855,3
4366,66000,387130000C,(04)23274275,(04)23288582,2025,7,12,13,44,臺中市,西屯區,0,0,0,7,,,50,,,,,,,,,,,,,,12,,,,,B03,,,1,,1,,,35,35,1,13,4,120.625002,24.182084,3
4367,66000,387130000C,(04)23274275,(04)23288582,2025,7,12,13,47,臺中市,西屯區,0,0,0,7,,,50,,,,,,,,,,,,,,13,,,,,B03,,,1,,1,,,59,59,1,13,4,120.648214,24.173773,3
4368,66000,387130000C,(04)23274275,(04)23288582,2025,7,12,13,51,臺中市,西屯區,0,1,0,7,2,6,50,4,1,1,5,4,6,6,1,1,10,5,5,2,16,3,10,5,4,C04,7,6,1,10,2,11,14,11,11,1,12,4,120.667123,24.173226,2
4369,66000,387130000C,(04)23274275,(04)23288582,2025,7,12,13,52,臺中市,北區,0,1,0,7,2,6,50,3,1,1,5,4,6,6,4,4,9,5,5,2,17,2,9,1,1,C03,7,6,1,11,2,14,,48,48,1,12,4,120.670757,24.163315,2
4370,66000,387130000C,(04)23274275,(04)23288582,2025,7,12,13,54,臺中市,西屯區,0,1,0,7,2,6,40,4,1,1,5,4,6,6,1,1,10,5,5,2,16,3,10,5,4,B03,7,1,1,8,2,8,,51,51,1,13,4,120.666755,24.175127,2