序號,縣市別代碼,機關代碼,市話,傳真,年,月,日,時,分,縣市,區,死亡數量,受傷數量,2-30,天候,道路照明設備,道路類別,道路速限,道路型態,事故位置,路面鋪裝,路面狀態,路面缺陷,障礙物,視距,號誌種類,號誌動作,分向設施,快車道或一般車道間,快慢車道間,路面邊線,事故類型及型態,受傷程度,主要傷處,保護裝備,行動電話或功能裝置,當事者區分(類別),車輛用途,當事者行動狀態,駕照狀態,駕照種類,飲酒情形,車輛撞擊部位最初,車輛撞擊部位其他,肇事因素個別,肇事因素主要,肇事逃逸,職業,共享經濟或外送平台,GPS座標X,GPS座標Y,事故類別
4711,66000,387130000C,(04)23274275,(04)23288582,2025,7,13,16,48,臺中市,大肚區,0,1,0,7,2,6,50,4,2,1,5,4,6,6,4,4,10,5,5,2,18,2,9,5,4,C03,7,6,1,10,2,14,,84,84,1,6,4,120.584199,24.112872,2
4712,66000,387130000C,(04)23274275,(04)23288582,2025,7,13,16,55,臺中市,神岡區,0,1,0,7,2,6,50,4,1,1,5,4,6,6,1,1,10,5,5,2,16,3,10,5,4,B03,7,6,1,8,2,8,,11,11,1,12,4,120.657015,24.264366,2
4713,66000,387130000C,(04)23274275,(04)23288582,2025,7,13,16,56,臺中市,龍井區,0,1,0,7,2,6,50,3,2,1,5,4,6,6,4,4,5,5,5,1,16,2,9,5,4,C03,7,9,1,10,2,11,,7,7,1,6,4,120.582026,24.185765,2
4714,66000,387130000C,(04)23274275,(04)23288582,2025,7,13,17,10,臺中市,烏日區,0,0,0,7,,,30,,,,,,,,,,,,,,13,,,,,B03,,,1,,1,,,7,7,1,6,4,120.618098,24.110831,3
4715,66000,387130000C,(04)23274275,(04)23288582,2025,7,13,17,13,臺中市,西區,0,0,0,7,,,50,,,,,,,,,,,,,,,,,,,C03,,,1,,1,,,7,7,1,6,4,120.663225,24.150847,3
4716,66000,387130000C,(04)23274275,(04)23288582,2025,7,13,17,13,臺中市,東區,0,0,0,7,,,50,,,,,,,,,,,,,,13,,,,,B03,,,1,,1,,,7,7,1,12,4,120.703636,24.140394,3
4717,66000,387130000C,(04)23274275,(04)23288582,2025,7,13,17,13,臺中市,南屯區,0,1,0,7,2,6,50,4,1,1,5,4,6,6,1,1,5,5,5,2,16,3,10,3,1,B03,7,6,1,8,2,2,,11,11,1,6,4,120.620854,24.13999,2
4718,66000,387130000C,(04)23274275,(04)23288582,2025,7,13,17,14,臺中市,大里區,0,0,0,7,,,50,,,,,,,,,,,,,,13,,,,,C03,,,1,,2,,,7,7,1,13,4,120.692226,24.100532,3
4719,66000,387130000C,(04)23274275,(04)23288582,2025,7,13,17,18,臺中市,潭子區,0,2,0,7,3,6,50,4,1,1,5,4,6,6,1,1,5,4,4,2,17,3,10,3,1,B03,7,6,1,8,2,2,,84,84,1,13,4,120.691208,24.215976,2
4720,66000,387130000C,(04)23274275,(04)23288582,2025,7,13,17,18,臺中市,北屯區,0,0,0,7,,,40,,,,,,,,,,,,,,,,,,,B02,,,1,,2,,,58,58,1,6,4,120.686047,24.176543,3
4721,66000,387130000C,(04)23274275,(04)23288582,2025,7,13,17,23,臺中市,后里區,0,1,0,7,2,6,50,8,9,1,5,4,6,6,4,4,10,5,5,2,22,2,3,3,1,B03,7,9,1,8,2,5,,59,59,1,12,4,120.724554,24.30963,2
4722,66000,387130000C,(04)23274275,(04)23288582,2025,7,13,17,27,臺中市,南屯區,0,2,0,7,2,6,40,13,8,1,5,4,6,6,4,4,9,4,4,2,12,2,9,1,1,C03,7,9,1,10,2,14,,7,7,1,12,4,120.635602,24.150512,2
4723,66000,387130000C,(04)23274275,(04)23288582,2025,7,13,17,27,臺中市,梧棲區,0,1,0,7,3,6,50,5,1,1,5,4,6,6,1,1,10,5,5,2,16,3,10,3,1,B03,7,5,1,8,2,5,,11,11,1,6,4,120.562019,24.255752,2
4724,66000,387130000C,(04)23274275,(04)23288582,2025,7,13,17,28,臺中市,東區,0,0,0,7,,,50,,,,,,,,,,,,,,13,,,,,B03,,,1,,1,,,7,7,1,12,4,120.689341,24.134424,3
4725,66000,387130000C,(04)23274275,(04)23288582,2025,7,13,17,30,臺中市,西屯區,0,0,0,7,,,40,,,,,,,,,,,,,,,,,,,B03,,,1,,1,,,47,47,1,12,4,120.64005,24.168623,3
4726,66000,387130000C,(04)23274275,(04)23288582,2025,7,13,17,30,臺中市,西屯區,0,0,0,7,,,35,,,,,,,,,,,,,,18,,,,,C03,,,1,,2,,,59,59,1,13,4,120.62849,24.172873,3
4727,66000,387130000C,(04)23274275,(04)23288582,2025,7,13,17,30,臺中市,西屯區,0,1,0,7,2,6,50,4,2,1,5,4,6,5,1,1,5,5,5,2,13,3,10,3,1,B03,7,9,1,8,1,1,,7,7,1,12,4,120.658216,24.164869,2
4728,66000,387130000C,(04)23274275,(04)23288582,2025,7,13,17,30,臺中市,龍井區,0,0,0,7,,,30,,,,,,,,,,,,,,,,,,,B03,,,1,,11,,,87,87,1,12,4,120.579351,24.185209,3
4729,66000,387130000C,(04)23274275,(04)23288582,2025,7,13,17,35,臺中市,西區,0,0,0,7,,,50,,,,,,,,,,,,,,17,,,,,B03,,,1,,2,,,8,8,1,12,4,120.668354,24.141529,3
4730,66000,387130000C,(04)23274275,(04)23288582,2025,7,13,17,36,臺中市,東區,0,0,0,7,,,30,,,,,,,,,,,,,,,,,,,B03,,,1,,2,,,49,49,1,13,4,120.69142,24.144122,3
4731,66000,387130000C,(04)23274275,(04)23288582,2025,7,13,17,44,臺中市,北屯區,0,1,0,7,2,6,50,3,1,1,5,4,6,6,2,1,1,4,5,2,16,3,10,3,1,B03,7,5,1,8,2,5,,84,84,1,12,4,120.661134,24.190596,2
4732,66000,387130000C,(04)23274275,(04)23288582,2025,7,13,17,45,臺中市,潭子區,0,2,0,7,3,6,50,4,1,1,5,4,6,6,3,3,10,5,5,2,15,2,7,2,1,C03,7,9,1,10,2,12,,24,24,1,13,4,120.701795,24.192054,2
4733,66000,387130000C,(04)23274275,(04)23288582,2025,7,13,17,47,臺中市,大安區,0,1,0,7,3,6,50,3,1,1,5,4,6,6,4,4,10,5,5,2,18,2,9,1,1,F03,7,9,7,21,2,12,,7,7,1,6,4,120.591558,24.351558,2
4734,66000,387130000C,(04)23274275,(04)23288582,2025,7,13,17,49,臺中市,神岡區,0,1,0,7,2,6,30,4,1,1,5,4,6,6,4,4,10,5,5,1,15,3,10,5,4,B03,7,9,1,8,2,4,,24,24,1,13,4,120.683325,24.276257,2
4735,66000,387130000C,(04)23274275,(04)23288582,2025,7,13,17,50,臺中市,東區,0,0,0,7,,,50,,,,,,,,,,,,,,,,,,,B03,,,1,,1,,,84,84,1,12,4,120.684947,24.13522,3
4736,66000,387130000C,(04)23274275,(04)23288582,2025,7,13,17,50,臺中市,南區,0,0,0,7,,,50,,,,,,,,,,,,,,,,,,,B03,,,1,,2,,,45,45,1,6,4,120.662281,24.117521,3
4737,66000,387130000C,(04)23274275,(04)23288582,2025,7,13,17,50,臺中市,西屯區,0,3,0,7,2,6,30,3,1,1,5,4,6,6,4,4,1,4,3,2,16,2,9,1,4,C03,7,5,1,10,2,14,12,13,13,1,12,4,120.601863,24.183046,2
4738,66000,387130000C,(04)23274275,(04)23288582,2025,7,13,17,50,臺中市,豐原區,0,1,0,7,2,6,50,13,8,1,5,4,6,6,4,4,1,5,4,1,12,3,10,5,4,B03,7,7,1,7,2,5,,40,40,1,6,4,120.750601,24.26939,2
4739,66000,387130000C,(04)23274275,(04)23288582,2025,7,13,17,51,臺中市,西屯區,0,0,0,7,,,40,,,,,,,,,,,,,,,,,,,C03,,,1,,1,,,7,7,1,12,4,120.655993,24.159588,3
4740,66000,387130000C,(04)23274275,(04)23288582,2025,7,13,18,7,臺中市,南屯區,0,0,0,7,,,50,,,,,,,,,,,,,,13,,,,,B03,,,1,,1,,,84,84,1,6,4,120.647215,24.150814,3
4741,66000,387130000C,(04)23274275,(04)23288582,2025,7,13,18,9,臺中市,大雅區,0,0,0,7,,,50,,,,,,,,,,,,,,,,,,,C03,,,1,,2,,,6,6,1,13,4,120.66574,24.216152,3
4742,66000,387130000C,(04)23274275,(04)23288582,2025,7,13,18,20,臺中市,龍井區,0,1,0,7,2,6,40,3,2,1,5,4,6,6,2,1,10,5,1,1,17,3,10,5,4,C03,7,9,1,10,2,14,,8,8,1,12,4,120.579293,24.192887,2
4743,66000,387130000C,(04)23274275,(04)23288582,2025,7,13,18,20,臺中市,豐原區,0,1,0,7,1,6,20,13,13,1,5,4,6,6,4,4,9,5,5,1,18,2,9,4,1,F02,7,9,7,21,2,15,,54,54,1,13,4,120.752788,24.275531,2
4744,66000,387130000C,(04)23274275,(04)23288582,2025,7,13,18,24,臺中市,大里區,0,1,0,7,3,6,40,4,1,1,5,4,6,6,1,1,10,5,5,2,16,3,10,5,4,B03,7,6,1,8,2,8,,48,48,1,13,4,120.70262,24.093355,2
4745,66000,387130000C,(04)23274275,(04)23288582,2025,7,13,18,26,臺中市,中區,0,0,0,7,,,30,,,,,,,,,,,,,,15,,,,,F03,,,1,,1,,,12,12,1,12,4,120.678454,24.145499,3
4746,66000,387130000C,(04)23274275,(04)23288582,2025,7,13,18,30,臺中市,梧棲區,0,0,0,7,,,50,,,,,,,,,,,,,,14,,,,,B03,,,1,,1,,,49,49,1,6,4,120.532093,24.256186,3
4747,66000,387130000C,(04)23274275,(04)23288582,2025,7,13,18,32,臺中市,西區,0,1,0,7,2,6,50,13,9,1,5,4,6,6,4,4,5,4,5,2,17,2,9,1,1,C03,7,1,1,10,2,11,,51,51,1,13,4,120.661838,24.147008,2
4748,66000,387130000C,(04)23274275,(04)23288582,2025,7,13,18,33,臺中市,西屯區,0,0,0,7,,,50,,,,,,,,,,,,,,17,,,,,C03,,,1,,1,,,87,87,1,13,4,120.647825,24.157787,3
4749,66000,387130000C,(04)23274275,(04)23288582,2025,7,13,18,37,臺中市,南屯區,0,0,0,7,,,,,,,,,,,,,,,,,,,,,,F01,,,,,,,,84,84,1,,,120.651951,24.15072,3
4750,66000,387130000C,(04)23274275,(04)23288582,2025,7,13,18,40,臺中市,東區,0,0,0,7,,,50,,,,,,,,,,,,,,13,,,,,B03,,,1,,2,,,84,84,1,12,4,120.699572,24.128799,3
4751,66000,387130000C,(04)23274275,(04)23288582,2025,7,13,18,42,臺中市,潭子區,0,1,0,7,2,6,50,4,1,1,5,4,6,6,4,4,10,5,5,2,17,3,10,3,1,B03,7,11,1,8,2,5,,45,45,1,12,4,120.691993,24.219315,2
4752,66000,387130000C,(04)23274275,(04)23288582,2025,7,13,18,49,臺中市,大里區,0,0,0,6,,,50,,,,,,,,,,,,,,17,,,,,B03,,,1,,2,,,45,45,1,12,4,120.689242,24.100282,3
4753,66000,387130000C,(04)23274275,(04)23288582,2025,7,13,18,50,臺中市,霧峰區,0,0,0,6,,,,,,,,,,,,,,,,,18,,,,,,,,,,,,,119,119,1,,,120.696055,24.065586,3
4754,66000,387130000C,(04)23274275,(04)23288582,2025,7,13,18,56,臺中市,霧峰區,0,2,0,7,3,6,40,13,9,1,5,4,6,6,4,4,1,5,5,1,13,2,9,2,1,C01,7,9,1,9,2,11,,84,84,1,13,4,120.663723,24.078987,2
4755,66000,387130000C,(04)23274275,(04)23288582,2025,7,13,18,56,臺中市,大里區,0,0,0,7,,,30,,,,,,,,,,,,,,,,,,,B12,,,1,,11,,,49,49,1,6,4,120.692318,24.085031,3
4756,66000,387130000C,(04)23274275,(04)23288582,2025,7,13,18,57,臺中市,豐原區,0,1,0,7,1,6,0,18,21,1,4,4,6,6,4,4,10,5,5,2,18,2,9,6,1,F02,7,9,7,21,2,12,,84,84,1,12,4,120.713813,24.245282,2
4757,66000,387130000C,(04)23274275,(04)23288582,2025,7,13,18,59,臺中市,西屯區,0,0,0,6,,,50,,,,,,,,,,,,,,,,,,,C03,,,1,,2,,,47,47,1,13,4,120.646483,24.175161,3
4758,66000,387130000C,(04)23274275,(04)23288582,2025,7,13,19,1,臺中市,北區,0,2,0,7,1,6,50,3,1,1,5,4,6,6,1,1,1,4,5,2,16,2,9,1,1,C03,7,6,1,10,2,12,,11,11,1,12,4,120.669247,24.166837,2
4759,66000,387130000C,(04)23274275,(04)23288582,2025,7,13,19,10,臺中市,北屯區,0,1,0,7,1,6,50,13,8,1,5,4,6,6,4,4,5,4,4,2,13,2,3,3,1,B03,7,9,1,8,2,1,,84,84,1,13,4,120.708615,24.173869,2
4760,66000,387130000C,(04)23274275,(04)23288582,2025,7,13,19,11,臺中市,西屯區,0,3,0,7,1,6,40,13,8,1,5,4,6,6,4,4,1,4,1,1,16,2,9,1,1,C03,7,5,3,19,2,12,,47,47,1,12,4,120.601052,24.18277,2
4761,66000,387130000C,(04)23274275,(04)23288582,2025,7,13,19,15,臺中市,西屯區,0,0,0,7,,,0,,,,,,,,,,,,,,14,,,,,B03,,,1,,1,,,49,49,1,12,4,120.640094,24.169212,3
4762,66000,387130000C,(04)23274275,(04)23288582,2025,7,13,19,17,臺中市,太平區,0,0,0,7,,,30,,,,,,,,,,,,,,14,,,,,B03,,,1,,2,,,49,49,1,12,4,120.727861,24.106853,3
4763,66000,387130000C,(04)23274275,(04)23288582,2025,7,13,19,20,臺中市,南屯區,0,0,0,7,,,50,,,,,,,,,,,,,,14,,,,,B03,,,1,,2,,,49,49,1,12,4,120.63426,24.146121,3
4764,66000,387130000C,(04)23274275,(04)23288582,2025,7,13,19,20,臺中市,西屯區,0,0,0,7,,,30,,,,,,,,,,,,,,,,,,,B03,,,1,,9,,,78,78,1,12,4,120.643575,24.177761,3
4765,66000,387130000C,(04)23274275,(04)23288582,2025,7,13,19,23,臺中市,西區,0,0,0,7,,,60,,,,,,,,,,,,,,,,,,,B03,,,1,,2,,,40,40,1,6,4,120.659778,24.156883,3
4766,66000,387130000C,(04)23274275,(04)23288582,2025,7,13,19,28,臺中市,西屯區,0,2,0,7,1,6,50,4,1,1,5,4,6,6,1,1,5,4,4,2,15,2,9,1,1,C03,7,9,1,10,2,11,,21,21,1,12,4,120.66318,24.176289,2
4767,66000,387130000C,(04)23274275,(04)23288582,2025,7,13,19,32,臺中市,后里區,0,1,0,7,3,6,30,13,9,1,5,4,6,6,4,4,10,5,5,2,20,2,9,3,1,B03,7,9,1,8,4,1,,53,53,1,6,4,120.653917,24.314286,2
4768,66000,387130000C,(04)23274275,(04)23288582,2025,7,13,19,33,臺中市,西區,0,0,0,7,,,50,,,,,,,,,,,,,,,,,,,,,,,,,,,86,86,1,,,120.665249,24.144395,3
4769,66000,387130000C,(04)23274275,(04)23288582,2025,7,13,19,33,臺中市,梧棲區,0,1,0,7,1,6,70,4,1,1,5,4,6,6,1,1,10,5,5,2,16,3,10,3,1,B03,7,6,1,8,2,2,,26,26,1,6,4,120.524932,24.254029,2
4770,66000,387130000C,(04)23274275,(04)23288582,2025,7,13,19,47,臺中市,清水區,0,2,0,7,3,6,70,4,1,1,5,4,6,6,1,1,1,4,4,1,16,3,10,3,1,B03,7,6,1,8,2,6,,11,11,1,12,4,120.573102,24.276601,2
4771,66000,387130000C,(04)23274275,(04)23288582,2025,7,13,19,50,臺中市,烏日區,0,0,0,7,,,50,,,,,,,,,,,,,,17,,,,,C03,,,1,,9,,,7,7,1,6,4,120.615452,24.108491,3
4772,66000,387130000C,(04)23274275,(04)23288582,2025,7,13,19,50,臺中市,沙鹿區,0,0,0,7,,,50,,,,,,,,,,,,,,13,,,,,B03,,,1,,2,,,7,7,1,6,4,120.562203,24.24508,3
4773,66000,387130000C,(04)23274275,(04)23288582,2025,7,13,19,51,臺中市,西屯區,0,1,0,7,1,6,50,4,1,1,5,4,6,6,2,1,5,5,5,2,16,3,10,5,4,B02,7,6,1,8,2,8,,48,48,1,13,4,120.650236,24.172053,2
4774,66000,387130000C,(04)23274275,(04)23288582,2025,7,13,19,55,臺中市,西屯區,0,1,0,6,2,6,50,13,9,1,5,4,6,6,4,4,10,4,1,2,17,2,9,1,1,C03,7,9,1,10,2,14,,87,87,1,13,4,120.625668,24.172948,2
4775,66000,387130000C,(04)23274275,(04)23288582,2025,7,13,19,58,臺中市,北區,0,0,0,7,,,50,,,,,,,,,,,,,,,,,,,B03,,,1,,1,,,58,58,1,12,4,120.68254,24.146556,3
4776,66000,387130000C,(04)23274275,(04)23288582,2025,7,13,20,10,臺中市,南屯區,0,1,0,7,2,6,50,4,1,1,5,4,6,6,2,1,9,4,5,2,13,2,9,1,1,C03,7,9,1,10,2,11,,7,7,1,12,4,120.612558,24.13844,2
4777,66000,387130000C,(04)23274275,(04)23288582,2025,7,13,20,19,臺中市,南屯區,0,0,0,7,,,50,,,,,,,,,,,,,,12,,,,,B03,,,1,,2,,,59,59,1,12,4,120.641058,24.14133,3
4778,66000,387130000C,(04)23274275,(04)23288582,2025,7,13,20,30,臺中市,大甲區,0,0,0,7,,,50,,,,,,,,,,,,,,,,,,,C03,,,1,,2,,,82,82,1,6,4,120.620935,24.346732,4
4779,66000,387130000C,(04)23274275,(04)23288582,2025,7,13,20,49,臺中市,北區,0,0,0,7,,,50,,,,,,,,,,,,,,17,,,,,B03,,,1,,1,,,34,34,1,13,4,120.667025,24.159194,3
4780,66000,387130000C,(04)23274275,(04)23288582,2025,7,13,20,54,臺中市,潭子區,0,0,0,7,,,60,,,,,,,,,,,,,,17,,,,,B03,,,1,,2,,,8,8,1,12,4,120.705438,24.209669,3
4781,66000,387130000C,(04)23274275,(04)23288582,2025,7,13,20,55,臺中市,中區,0,1,0,7,1,6,50,4,1,1,5,4,6,6,1,1,10,4,5,2,12,3,10,3,1,B03,7,5,1,8,2,5,,84,84,1,12,4,120.678021,24.14097,2
4782,66000,387130000C,(04)23274275,(04)23288582,2025,7,13,21,3,臺中市,烏日區,0,2,0,7,1,6,50,4,1,1,5,4,6,6,1,1,10,5,5,2,16,2,9,1,1,C03,7,6,3,19,2,14,,48,48,1,6,4,120.64661,24.110408,2
4783,66000,387130000C,(04)23274275,(04)23288582,2025,7,13,21,13,臺中市,沙鹿區,0,1,0,7,1,6,60,4,1,1,5,4,6,6,2,1,10,5,5,2,17,2,1,3,1,B03,7,5,1,8,2,2,6,47,47,1,6,4,120.564289,24.206475,2
4784,66000,387130000C,(04)23274275,(04)23288582,2025,7,13,21,30,臺中市,大雅區,0,0,0,7,,,60,,,,,,,,,,,,,,,,,,,B03,,,1,,2,,,7,7,1,13,4,120.650019,24.211626,3
4785,66000,387130000C,(04)23274275,(04)23288582,2025,7,13,21,31,臺中市,中區,0,1,0,6,2,6,50,5,1,1,5,4,6,6,1,1,10,5,5,2,17,3,10,3,1,B03,7,5,1,8,2,5,,87,87,1,12,4,120.679308,24.147981,2
4786,66000,387130000C,(04)23274275,(04)23288582,2025,7,13,21,34,臺中市,北區,0,1,0,7,1,6,40,13,7,1,5,4,6,6,4,4,5,5,4,2,16,3,10,3,1,B03,7,11,1,8,2,7,,45,45,1,12,4,120.689621,24.1589,2
4787,66000,387130000C,(04)23274275,(04)23288582,2025,7,13,21,38,臺中市,中區,0,0,0,6,,,50,,,,,,,,,,,,,,17,,,,,B01,,,1,,1,,,49,49,1,12,4,120.676824,24.14296,3
4788,66000,387130000C,(04)23274275,(04)23288582,2025,7,13,21,50,臺中市,南屯區,0,0,0,7,,,50,,,,,,,,,,,,,,,,,,,B03,,,1,,1,,,84,84,1,12,4,120.651728,24.139903,3
4789,66000,387130000C,(04)23274275,(04)23288582,2025,7,13,21,52,臺中市,大里區,0,0,0,7,,,50,,,,,,,,,,,,,,17,,,,,F01,,,7,,2,,,8,8,1,12,4,120.704237,24.106401,3
4790,66000,387130000C,(04)23274275,(04)23288582,2025,7,13,21,56,臺中市,西區,0,0,0,7,,,50,,,,,,,,,,,,,,,,,,,B03,,,1,,2,,,49,49,1,6,4,120.663895,24.146653,3
4791,66000,387130000C,(04)23274275,(04)23288582,2025,7,13,22,11,臺中市,外埔區,0,2,0,7,1,6,50,13,8,1,5,4,6,6,4,4,1,3,4,2,13,2,8,3,1,B03,7,9,1,8,2,1,,7,7,1,6,4,120.644569,24.335214,2
4792,66000,387130000C,(04)23274275,(04)23288582,2025,7,13,22,13,臺中市,北屯區,0,2,0,7,2,6,50,4,1,1,5,4,6,6,1,1,10,5,5,2,17,2,9,3,1,B02,7,9,1,8,2,1,,21,21,1,12,4,120.721767,24.181832,2
4793,66000,387130000C,(04)23274275,(04)23288582,2025,7,13,22,15,臺中市,霧峰區,0,1,0,6,1,6,50,4,1,1,5,4,6,6,1,1,10,5,5,2,17,2,9,1,1,C03,7,6,1,10,2,14,,48,48,1,13,4,120.698159,24.06066,2
4794,66000,387130000C,(04)23274275,(04)23288582,2025,7,13,22,25,臺中市,沙鹿區,0,1,0,7,3,6,30,13,9,1,5,4,6,6,4,4,10,5,5,1,19,2,8,2,1,C03,7,9,1,10,2,11,,59,59,1,12,4,120.602117,24.232239,2
4795,66000,387130000C,(04)23274275,(04)23288582,2025,7,13,22,27,臺中市,西屯區,0,0,0,7,,,50,,,,,,,,,,,,,,13,,,,,B03,,,1,,2,,,84,84,1,12,4,120.629776,24.190443,3
4796,66000,387130000C,(04)23274275,(04)23288582,2025,7,13,22,51,臺中市,北屯區,0,1,0,7,1,6,50,4,1,1,5,4,6,6,3,1,10,5,5,2,17,2,9,2,1,C03,7,9,1,10,2,12,,24,24,1,6,4,120.68966,24.186877,2
4797,66000,387130000C,(04)23274275,(04)23288582,2025,7,13,23,0,臺中市,北區,0,2,0,7,1,6,50,4,1,1,5,4,6,6,4,4,5,5,5,2,15,3,10,3,1,B01,7,9,1,4,2,4,,20,20,1,12,4,120.673655,24.158449,2
4798,66000,387130000C,(04)23274275,(04)23288582,2025,7,13,23,2,臺中市,西屯區,0,0,0,7,,,50,,,,,,,,,,,,,,17,,,,,C03,,,1,,1,,,45,45,1,12,4,120.644688,24.174862,4
4799,66000,387130000C,(04)23274275,(04)23288582,2025,7,13,23,27,臺中市,中區,0,1,0,6,2,6,50,4,1,1,5,4,6,6,1,1,10,5,5,2,17,3,10,3,1,B03,7,5,1,8,2,5,,11,11,1,12,4,120.682905,24.140778,2
4800,66000,387130000C,(04)23274275,(04)23288582,2025,7,13,23,28,臺中市,南屯區,0,1,0,7,1,6,50,4,2,1,5,4,6,6,1,1,9,5,5,2,17,2,1,3,1,B03,7,9,1,8,2,1,,84,84,1,13,4,120.646707,24.150896,2
4801,66000,387130000C,(04)23274275,(04)23288582,2025,7,13,23,33,臺中市,太平區,0,1,0,7,1,6,50,4,2,1,5,4,6,6,1,1,5,2,5,2,12,3,10,5,4,B03,7,9,1,8,2,8,,58,58,1,12,4,120.70519,24.148437,2
4802,66000,387130000C,(04)23274275,(04)23288582,2025,7,13,23,37,臺中市,西屯區,0,0,0,7,,,70,,,,,,,,,,,,,,13,,,,,B03,,,1,,2,,,59,59,1,13,4,120.624585,24.178536,3
4803,66000,387130000C,(04)23274275,(04)23288582,2025,7,13,23,45,臺中市,西屯區,0,0,0,7,,,50,,,,,,,,,,,,,,13,,,,,B03,,,1,,1,,,59,59,1,13,4,120.64631,24.164107,3
4804,66000,387130000C,(04)23274275,(04)23288582,2025,7,14,0,8,臺中市,西區,0,0,0,6,,,50,,,,,,,,,,,,,,,,,,,B03,,,1,,1,,,11,11,1,12,4,120.661674,24.136559,3
4805,66000,387130000C,(04)23274275,(04)23288582,2025,7,14,0,8,臺中市,南屯區,0,0,0,7,,,50,,,,,,,,,,,,,,,,,,,B03,,,1,,2,,,84,84,2,13,4,120.610209,24.135934,3
4806,66000,387130000C,(04)23274275,(04)23288582,2025,7,14,0,15,臺中市,北區,0,0,0,7,,,50,,,,,,,,,,,,,,13,,,,,B03,,,1,,2,,,59,59,1,13,4,120.664128,24.162377,3
4807,66000,387130000C,(04)23274275,(04)23288582,2025,7,14,0,25,臺中市,大雅區,0,0,0,7,,,30,,,,,,,,,,,,,,,,,,,B03,,,1,,2,,,12,12,1,13,4,120.639596,24.213874,3
4808,66000,387130000C,(04)23274275,(04)23288582,2025,7,14,0,25,臺中市,沙鹿區,0,0,0,7,1,6,30,13,9,1,5,4,6,6,4,4,10,5,5,2,14,,,,,B03,,,1,,1,,,49,49,1,12,4,120.572516,24.244961,3
4809,66000,387130000C,(04)23274275,(04)23288582,2025,7,14,0,57,臺中市,北區,0,0,0,7,,,50,,,,,,,,,,,,,,,,,,,B03,,,1,,2,,,7,7,1,12,4,120.682353,24.164977,3
4810,66000,387130000C,(04)23274275,(04)23288582,2025,7,14,2,57,臺中市,中區,0,0,0,6,,,50,,,,,,,,,,,,,,,,,,,B03,,,1,,1,,,84,84,1,12,4,120.679076,24.143024,3
4811,66000,387130000C,(04)23274275,(04)23288582,2025,7,14,3,8,臺中市,潭子區,0,0,0,7,,,60,,,,,,,,,,,,,,,,,,,B03,,,1,,2,,,55,55,1,13,4,120.703548,24.201428,3
4812,66000,387130000C,(04)23274275,(04)23288582,2025,7,14,3,8,臺中市,西區,0,0,0,6,,,50,,,,,,,,,,,,,,,,,,,B01,,,1,,1,,,84,84,1,12,4,120.672553,24.151101,3
4813,66000,387130000C,(04)23274275,(04)23288582,2025,7,14,4,17,臺中市,西屯區,0,1,0,7,1,6,30,4,1,1,5,4,6,6,4,4,10,5,5,2,15,3,10,5,4,B03,7,9,1,8,2,2,,12,12,1,13,4,120.644934,24.175421,2
4814,66000,387130000C,(04)23274275,(04)23288582,2025,7,14,6,9,臺中市,中區,0,0,0,7,,,50,,,,,,,,,,,,,,,,,,,A04,,,1,,1,,,8,8,1,13,4,120.680572,24.141737,3
4815,66000,387130000C,(04)23274275,(04)23288582,2025,7,14,6,16,臺中市,南區,0,0,0,7,,,50,,,,,,,,,,,,,,,,,,,B03,,,1,,2,,,39,39,1,6,4,120.669757,24.126869,3
4816,66000,387130000C,(04)23274275,(04)23288582,2025,7,14,6,36,臺中市,北區,0,0,0,7,,,50,,,,,,,,,,,,,,15,,,,,B03,,,1,,2,,,24,24,1,13,4,120.697336,24.158387,3
4817,66000,387130000C,(04)23274275,(04)23288582,2025,7,14,6,51,臺中市,太平區,0,1,0,7,2,6,50,3,1,1,5,4,6,6,2,1,10,5,5,2,16,3,10,1,1,C03,7,6,1,10,2,11,,39,39,1,12,4,120.730257,24.150506,2
4818,66000,387130000C,(04)23274275,(04)23288582,2025,7,14,7,6,臺中市,梧棲區,0,0,0,7,,,60,,,,,,,,,,,,,,16,,,,,B03,,,1,,2,,,87,87,1,6,4,120.534183,24.2461,3
4819,66000,387130000C,(04)23274275,(04)23288582,2025,7,14,7,10,臺中市,西區,0,0,0,7,,,50,,,,,,,,,,,,,,,,,,,B03,,,1,,1,,,84,84,1,6,4,120.673493,24.136647,3
4820,66000,387130000C,(04)23274275,(04)23288582,2025,7,14,7,13,臺中市,梧棲區,0,1,0,7,3,6,40,13,8,1,5,4,6,6,4,4,1,4,1,1,13,3,10,3,1,B03,7,12,1,8,2,3,,84,84,1,6,4,120.526839,24.253798,2
4821,66000,387130000C,(04)23274275,(04)23288582,2025,7,14,7,15,臺中市,西屯區,0,1,0,7,2,6,50,4,1,1,5,4,6,6,2,1,10,5,5,2,18,2,9,2,4,C03,7,9,5,19,2,16,,84,84,1,12,4,120.647384,24.159428,2
4822,66000,387130000C,(04)23274275,(04)23288582,2025,7,14,7,17,臺中市,西屯區,0,1,0,7,2,6,50,3,1,1,5,4,6,6,4,4,10,5,5,2,15,2,9,2,1,C03,7,9,1,10,2,14,,6,6,1,13,4,120.650297,24.163835,2
4823,66000,387130000C,(04)23274275,(04)23288582,2025,7,14,7,20,臺中市,西區,0,0,0,7,,,,,,,,,,,,,,,,,17,,,,,,,,,,,,,119,119,1,,,120.655656,24.144947,3