序號,縣市別代碼,機關代碼,市話,傳真,年,月,日,時,分,縣市,區,死亡數量,受傷數量,2-30,天候,道路照明設備,道路類別,道路速限,道路型態,事故位置,路面鋪裝,路面狀態,路面缺陷,障礙物,視距,號誌種類,號誌動作,分向設施,快車道或一般車道間,快慢車道間,路面邊線,事故類型及型態,受傷程度,主要傷處,保護裝備,行動電話或功能裝置,當事者區分(類別),車輛用途,當事者行動狀態,駕照狀態,駕照種類,飲酒情形,車輛撞擊部位最初,車輛撞擊部位其他,肇事因素個別,肇事因素主要,肇事逃逸,職業,共享經濟或外送平台,GPS座標X,GPS座標Y,事故類別
5271,66000,387130000C,(04)23274275,(04)23288582,2025,7,15,8,50,臺中市,西屯區,0,0,0,7,,,30,,,,,,,,,,,,,,14,,,,,B12,,,1,,2,,,49,49,1,13,4,120.617731,24.180198,3
5272,66000,387130000C,(04)23274275,(04)23288582,2025,7,15,8,51,臺中市,烏日區,0,0,0,7,,,60,,,,,,,,,,,,,,14,,,,,B12,,,1,,1,,,49,49,1,6,4,120.654988,24.056637,3
5273,66000,387130000C,(04)23274275,(04)23288582,2025,7,15,8,55,臺中市,龍井區,0,1,0,6,2,6,50,3,1,1,4,4,6,6,4,4,10,5,5,2,17,2,9,1,1,C03,7,9,1,10,2,16,,7,7,1,6,4,120.591212,24.180322,2
5274,66000,387130000C,(04)23274275,(04)23288582,2025,7,15,9,0,臺中市,南屯區,0,1,0,6,3,6,50,13,8,1,4,4,6,6,4,4,9,5,4,2,16,3,10,3,1,B03,7,6,1,8,2,2,,20,20,1,12,4,120.644666,24.153599,2
5275,66000,387130000C,(04)23274275,(04)23288582,2025,7,15,9,0,臺中市,清水區,0,0,0,7,,,70,,,,,,,,,,,,,,17,,,,,B03,,,1,,2,,,7,7,1,12,4,120.556067,24.294855,3
5276,66000,387130000C,(04)23274275,(04)23288582,2025,7,15,9,2,臺中市,大雅區,0,1,0,5,1,6,30,18,9,5,4,4,6,6,4,4,10,5,5,1,10,3,10,3,1,B12,7,1,1,8,2,8,,51,51,1,13,4,120.659633,24.21551,2
5277,66000,387130000C,(04)23274275,(04)23288582,2025,7,15,9,7,臺中市,南區,0,2,0,5,2,6,40,3,1,1,4,4,6,6,4,4,1,3,4,2,13,2,9,2,1,C03,7,9,1,10,2,12,,84,84,1,12,4,120.647842,24.119331,2
5278,66000,387130000C,(04)23274275,(04)23288582,2025,7,15,9,8,臺中市,神岡區,0,0,0,5,,,50,,,,,,,,,,,,,,17,,,,,B02,,,1,,2,,,8,8,1,12,4,120.699042,24.248984,3
5279,66000,387130000C,(04)23274275,(04)23288582,2025,7,15,9,11,臺中市,西屯區,0,1,0,6,2,6,50,4,1,1,4,4,6,6,2,1,10,5,5,2,18,2,9,1,1,C03,7,9,1,10,2,12,,82,82,1,13,4,120.619877,24.182747,2
5280,66000,387130000C,(04)23274275,(04)23288582,2025,7,15,9,12,臺中市,南區,0,0,0,7,,,30,,,,,,,,,,,,,,12,,,,,B03,,,1,,9,,,84,84,1,12,4,120.655545,24.13362,3
5281,66000,387130000C,(04)23274275,(04)23288582,2025,7,15,9,12,臺中市,大里區,0,1,0,5,3,6,50,4,1,1,4,4,6,6,1,1,10,5,5,2,15,2,9,2,1,C03,7,9,1,10,2,11,,21,21,1,13,4,120.700162,24.104268,2
5282,66000,387130000C,(04)23274275,(04)23288582,2025,7,15,9,13,臺中市,西屯區,0,1,0,6,2,6,30,3,1,1,4,4,6,6,4,4,10,5,5,2,18,2,9,2,1,C03,7,9,1,10,2,16,,59,59,1,12,4,120.641005,24.175471,2
5283,66000,387130000C,(04)23274275,(04)23288582,2025,7,15,9,15,臺中市,北屯區,0,0,0,5,,,50,,,,,,,,,,,,,,13,,,,,C03,,,1,,1,,,7,7,1,12,4,120.693022,24.163367,3
5284,66000,387130000C,(04)23274275,(04)23288582,2025,7,15,9,16,臺中市,西區,0,1,0,6,3,6,50,13,8,1,4,4,6,6,4,4,1,4,4,2,18,2,9,1,1,C03,7,7,1,10,2,12,,40,40,1,6,4,120.657246,24.148382,2
5285,66000,387130000C,(04)23274275,(04)23288582,2025,7,15,9,17,臺中市,北屯區,0,1,0,6,2,6,50,13,9,1,4,4,6,6,4,4,3,3,5,2,13,2,9,1,1,C03,7,9,1,10,2,11,,7,7,1,12,4,120.693166,24.16346,2
5286,66000,387130000C,(04)23274275,(04)23288582,2025,7,15,9,17,臺中市,霧峰區,0,2,0,6,3,6,50,13,7,1,5,4,6,6,1,1,5,2,4,1,13,2,9,1,1,C03,7,9,1,10,2,11,,7,7,1,12,4,120.684808,24.047016,2
5287,66000,387130000C,(04)23274275,(04)23288582,2025,7,15,9,20,臺中市,西區,0,0,0,7,,,50,,,,,,,,,,,,,,,,,,,B03,,,1,8,1,,,47,47,1,13,4,120.656508,24.140324,3
5288,66000,387130000C,(04)23274275,(04)23288582,2025,7,15,9,26,臺中市,南屯區,0,0,0,7,,,50,,,,,,,,,,,,,,,,,,,B12,,,1,,1,,,21,21,1,13,4,120.609842,24.155176,3
5289,66000,387130000C,(04)23274275,(04)23288582,2025,7,15,9,28,臺中市,北區,0,0,0,7,,,50,,,,,,,,,,,,,,17,,,,,B03,,,1,,9,,,85,85,1,13,4,120.676206,24.173348,3
5290,66000,387130000C,(04)23274275,(04)23288582,2025,7,15,9,32,臺中市,南屯區,0,0,0,7,,,50,,,,,,,,,,,,,,,,,,,B03,,,1,,9,,,59,59,1,12,4,120.650223,24.142324,3
5291,66000,387130000C,(04)23274275,(04)23288582,2025,7,15,9,32,臺中市,豐原區,0,3,0,7,3,6,50,13,9,1,5,4,6,6,4,4,5,5,5,2,13,3,10,5,4,B03,7,9,1,8,2,5,,56,56,1,13,4,120.717557,24.246548,2
5292,66000,387130000C,(04)23274275,(04)23288582,2025,7,15,9,37,臺中市,西區,0,1,0,6,3,6,50,4,1,1,5,4,6,6,1,1,10,5,5,2,16,3,10,3,1,B03,7,6,1,8,2,6,,11,11,1,6,4,120.65218,24.147741,2
5293,66000,387130000C,(04)23274275,(04)23288582,2025,7,15,9,38,臺中市,大雅區,0,1,0,5,2,6,40,13,8,1,4,4,6,6,4,4,1,4,4,1,18,2,9,2,1,C03,7,9,1,10,2,14,,84,84,1,13,4,120.646816,24.222111,2
5294,66000,387130000C,(04)23274275,(04)23288582,2025,7,15,9,43,臺中市,豐原區,0,2,0,6,2,6,50,4,1,1,4,4,6,5,1,1,5,2,4,2,16,2,8,1,1,C03,7,6,1,10,2,12,,11,11,1,13,2,120.708986,24.245519,2
5295,66000,387130000C,(04)23274275,(04)23288582,2025,7,15,9,45,臺中市,南屯區,0,0,0,7,,,50,,,,,,,,,,,,,,13,,,,,B03,,,1,,1,,,7,7,1,12,4,120.638391,24.151464,3
5296,66000,387130000C,(04)23274275,(04)23288582,2025,7,15,9,48,臺中市,東區,0,0,0,7,,,50,,,,,,,,,,,,,,35,,,,,B12,,,1,,1,,,50,50,1,12,4,120.692231,24.13424,3
5297,66000,387130000C,(04)23274275,(04)23288582,2025,7,15,9,48,臺中市,北屯區,0,1,0,6,3,6,50,4,1,1,5,4,6,6,2,1,10,5,5,2,13,2,8,1,1,C04,7,5,1,10,2,11,,84,84,1,12,4,120.685303,24.170844,2
5298,66000,387130000C,(04)23274275,(04)23288582,2025,7,15,9,51,臺中市,清水區,0,0,0,5,,,50,,,,,,,,,,,,,,,,,,,B03,,,1,,2,,,11,11,1,12,4,120.577768,24.27687,3
5299,66000,387130000C,(04)23274275,(04)23288582,2025,7,15,9,55,臺中市,沙鹿區,0,0,0,5,,,50,,,,,,,,,,,,,,13,,,,,B03,,,1,,1,,,7,7,1,12,4,120.560164,24.237822,3
5300,66000,387130000C,(04)23274275,(04)23288582,2025,7,15,9,56,臺中市,南區,0,0,0,7,1,6,,13,8,1,5,4,6,6,4,4,9,4,4,2,30,,,,,,,,,,,,,119,119,1,,,120.649822,24.119621,3
5301,66000,387130000C,(04)23274275,(04)23288582,2025,7,15,9,56,臺中市,北屯區,0,0,0,6,,,50,,,,,,,,,,,,,,12,,,,,B03,,,1,,1,,,50,50,1,12,4,120.719273,24.176154,3
5302,66000,387130000C,(04)23274275,(04)23288582,2025,7,15,10,1,臺中市,西屯區,0,1,0,7,2,6,40,4,2,1,5,4,6,6,2,1,9,5,4,2,18,2,9,2,4,C03,7,9,1,10,2,16,,84,84,1,12,4,120.638334,24.155906,2
5303,66000,387130000C,(04)23274275,(04)23288582,2025,7,15,10,10,臺中市,豐原區,0,1,0,7,2,6,30,3,1,1,5,4,5,6,4,4,10,5,5,2,17,3,10,3,1,B03,7,1,1,8,2,1,,51,51,1,13,4,120.751405,24.271935,2
5304,66000,387130000C,(04)23274275,(04)23288582,2025,7,15,10,14,臺中市,東區,0,0,0,7,,,50,,,,,,,,,,,,,,14,,,,,B03,,,1,,2,,,49,49,1,13,4,120.704008,24.136343,3
5305,66000,387130000C,(04)23274275,(04)23288582,2025,7,15,10,15,臺中市,東區,0,1,0,6,2,6,50,5,2,1,5,4,6,6,1,1,10,5,5,2,14,3,10,3,1,B03,7,2,1,8,2,7,,49,49,1,13,4,120.701083,24.144645,2
5306,66000,387130000C,(04)23274275,(04)23288582,2025,7,15,10,15,臺中市,南區,0,0,0,7,,,30,,,,,,,,,,,,,,17,,,,,,,,,,,,,85,85,1,,,120.680633,24.126959,3
5307,66000,387130000C,(04)23274275,(04)23288582,2025,7,15,10,15,臺中市,西屯區,0,0,0,7,,,50,,,,,,,,,,,,,,,,,,,A11,,,1,4,2,,,7,7,1,12,4,120.596911,24.167388,3
5308,66000,387130000C,(04)23274275,(04)23288582,2025,7,15,10,20,臺中市,南區,0,0,0,7,,6,50,,,,,,,,,,,,,,13,,,,,B12,,,1,,2,,,84,84,1,12,4,120.655747,24.115108,3
5309,66000,387130000C,(04)23274275,(04)23288582,2025,7,15,10,27,臺中市,北區,0,0,0,7,,,40,,,,,,,,,,,,,,17,,,,,B03,,,1,,1,,,84,84,1,13,4,120.680489,24.157225,3
5310,66000,387130000C,(04)23274275,(04)23288582,2025,7,15,10,30,臺中市,東區,0,0,0,7,1,6,50,13,9,1,5,4,6,6,4,4,10,5,5,2,11,3,10,3,1,B03,7,15,1,8,2,1,,51,51,1,12,4,120.703233,24.13413,3
5311,66000,387130000C,(04)23274275,(04)23288582,2025,7,15,10,35,臺中市,東區,0,0,0,7,,,30,,,,,,,,,,,,,,13,,,,,B12,,,1,,1,,,84,84,1,12,4,120.695683,24.125807,3
5312,66000,387130000C,(04)23274275,(04)23288582,2025,7,15,10,35,臺中市,大肚區,0,0,0,7,,,50,,,,,,,,,,,,,,13,,,,,A11,,,1,,2,,,82,82,1,6,4,120.577037,24.119511,3
5313,66000,387130000C,(04)23274275,(04)23288582,2025,7,15,10,36,臺中市,霧峰區,0,0,0,7,,,50,,,,,,,,,,,,,,12,,,,,B03,,,1,,1,,,84,84,1,6,4,120.663591,24.062247,3
5314,66000,387130000C,(04)23274275,(04)23288582,2025,7,15,10,40,臺中市,南屯區,0,1,0,6,3,6,50,13,9,1,5,4,6,6,4,4,5,4,5,2,17,3,10,3,1,B03,7,15,1,8,2,2,,84,84,1,12,4,120.617429,24.145532,2
5315,66000,387130000C,(04)23274275,(04)23288582,2025,7,15,10,45,臺中市,太平區,0,0,0,7,,,30,,,,,,,,,,,,,,17,,,,,B12,,,1,,2,,,14,14,1,12,4,120.711321,24.122597,3
5316,66000,387130000C,(04)23274275,(04)23288582,2025,7,15,10,45,臺中市,梧棲區,0,0,0,5,,,40,,,,,,,,,,,,,,17,,,,,B12,,,1,,1,,,50,50,1,6,4,120.528814,24.221632,3
5317,66000,387130000C,(04)23274275,(04)23288582,2025,7,15,10,47,臺中市,清水區,0,0,0,5,,,50,,,,,,,,,,,,,,,,,,,B03,,,1,,2,,,7,7,1,12,4,120.563183,24.263782,3
5318,66000,387130000C,(04)23274275,(04)23288582,2025,7,15,10,47,臺中市,豐原區,0,1,0,7,3,6,50,13,7,1,5,4,6,6,4,4,9,5,4,2,17,3,10,5,4,B03,7,1,3,19,4,4,,51,51,1,12,4,120.713491,24.239392,2
5319,66000,387130000C,(04)23274275,(04)23288582,2025,7,15,10,48,臺中市,大雅區,0,0,0,7,,,,,,,,,,,,,,,,,35,,,,,,,,,,,,,86,86,1,,,120.657166,24.252304,3
5320,66000,387130000C,(04)23274275,(04)23288582,2025,7,15,10,50,臺中市,南區,0,2,0,5,2,6,30,4,1,1,4,4,6,6,4,4,10,5,5,2,15,2,9,2,1,C02,7,9,1,9,2,11,,15,15,1,13,4,120.682848,24.130741,2
5321,66000,387130000C,(04)23274275,(04)23288582,2025,7,15,10,50,臺中市,霧峰區,0,1,0,7,2,6,30,13,9,1,5,4,6,6,4,4,10,5,5,1,18,2,9,5,4,F06,7,9,7,21,2,12,,84,84,1,13,4,120.672019,24.038768,2
5322,66000,387130000C,(04)23274275,(04)23288582,2025,7,15,10,52,臺中市,西屯區,0,1,0,5,2,6,50,3,1,1,4,4,6,6,4,4,10,5,5,2,16,3,10,3,1,B03,7,5,1,8,2,5,,47,47,1,13,4,120.636815,24.179053,2
5323,66000,387130000C,(04)23274275,(04)23288582,2025,7,15,10,55,臺中市,北區,0,0,0,7,,,50,,,,,,,,,,,,,,17,,,,,B03,,,1,,2,,,59,59,1,12,4,120.670388,24.162018,3
5324,66000,387130000C,(04)23274275,(04)23288582,2025,7,15,10,55,臺中市,西屯區,0,0,0,7,,,50,,,,,,,,,,,,,,21,,,,,A41,,,1,,2,,,49,49,1,12,4,120.643978,24.187219,3
5325,66000,387130000C,(04)23274275,(04)23288582,2025,7,15,10,55,臺中市,豐原區,0,0,0,7,,,50,,,,,,,,,,,,,,17,,,,,B03,,,1,,2,,,50,50,1,13,4,120.719608,24.253487,3
5326,66000,387130000C,(04)23274275,(04)23288582,2025,7,15,10,56,臺中市,太平區,0,1,0,7,3,6,50,13,9,1,5,4,6,6,4,4,5,5,5,1,12,3,10,1,1,C03,7,9,1,10,2,16,,85,85,1,12,4,120.712882,24.157108,2
5327,66000,387130000C,(04)23274275,(04)23288582,2025,7,15,11,0,臺中市,西屯區,0,0,0,7,,,50,,,,,,,,,,,,,,,,,,,C03,,,1,,1,,,62,62,1,12,4,120.604215,24.186387,3
5328,66000,387130000C,(04)23274275,(04)23288582,2025,7,15,11,3,臺中市,太平區,0,2,0,7,2,6,50,4,1,1,5,4,6,6,2,1,10,5,5,2,13,2,9,1,1,C03,7,9,1,10,2,11,14,7,7,1,12,4,120.711579,24.149917,2
5329,66000,387130000C,(04)23274275,(04)23288582,2025,7,15,11,3,臺中市,烏日區,0,2,0,7,3,6,50,4,2,1,5,4,6,6,4,4,5,5,5,1,16,3,10,3,1,B03,7,1,1,8,2,8,,51,51,1,6,4,120.63975,24.105023,2
5330,66000,387130000C,(04)23274275,(04)23288582,2025,7,15,11,4,臺中市,烏日區,0,0,0,7,,,50,,,,,,,,,,,,,,13,,,,,B02,,,1,,2,,,47,47,1,6,4,120.625741,24.110485,3
5331,66000,387130000C,(04)23274275,(04)23288582,2025,7,15,11,5,臺中市,南屯區,0,0,0,7,,,50,,,,,,,,,,,,,,12,,,,,B01,,,1,,1,,,84,84,1,12,4,120.652199,24.144286,3
5332,66000,387130000C,(04)23274275,(04)23288582,2025,7,15,11,6,臺中市,潭子區,0,0,0,7,,,50,,,,,,,,,,,,,,17,,,,,B12,,,1,,2,,,78,78,1,12,4,120.703536,24.206966,3
5333,66000,387130000C,(04)23274275,(04)23288582,2025,7,15,11,9,臺中市,北屯區,0,2,0,6,2,6,50,3,2,1,5,4,6,6,1,1,4,5,5,2,16,3,10,3,1,B03,7,5,1,8,2,2,,84,84,1,12,4,120.706684,24.167254,2
5334,66000,387130000C,(04)23274275,(04)23288582,2025,7,15,11,9,臺中市,石岡區,0,0,0,7,,,70,,,,,,,,,,,,,,,,,,,B03,,,1,,1,,,7,7,1,12,4,120.772886,24.274957,3
5335,66000,387130000C,(04)23274275,(04)23288582,2025,7,15,11,10,臺中市,大雅區,0,1,0,7,3,6,50,13,9,1,5,4,6,6,4,4,8,5,5,2,17,2,9,5,4,C03,7,11,1,10,2,12,,45,45,1,13,4,120.667973,24.216674,2
5336,66000,387130000C,(04)23274275,(04)23288582,2025,7,15,11,13,臺中市,南屯區,0,2,0,7,2,6,50,3,1,1,5,4,6,6,4,4,5,4,5,2,16,2,8,2,1,C03,7,6,3,19,2,11,,34,34,1,12,4,120.634569,24.14615,2
5337,66000,387130000C,(04)23274275,(04)23288582,2025,7,15,11,13,臺中市,西屯區,0,0,0,7,,,50,,,,,,,,,,,,,,13,,,,,B03,,,1,,1,,,59,59,1,12,4,120.637481,24.170724,3
5338,66000,387130000C,(04)23274275,(04)23288582,2025,7,15,11,15,臺中市,西屯區,0,2,0,7,2,6,30,3,9,1,5,4,6,6,4,4,10,5,5,2,16,2,9,2,1,C03,7,6,1,10,2,14,,14,14,1,12,4,120.643209,24.196963,2
5339,66000,387130000C,(04)23274275,(04)23288582,2025,7,15,11,23,臺中市,太平區,0,0,0,7,,,30,,,,,,,,,,,,,,25,,,,,B12,,,1,,11,,,78,78,1,13,4,120.705911,24.151021,3
5340,66000,387130000C,(04)23274275,(04)23288582,2025,7,15,11,23,臺中市,大肚區,0,1,0,7,2,6,30,3,1,1,5,4,6,6,4,4,10,5,5,2,16,3,10,3,1,B03,7,6,1,8,2,1,,14,14,1,6,4,120.580337,24.170791,2
5341,66000,387130000C,(04)23274275,(04)23288582,2025,7,15,11,25,臺中市,大里區,0,0,0,7,,,50,,,,,,,,,,,,,,,,,,,B12,,,1,,2,,,84,84,1,6,4,120.709828,24.103279,3
5342,66000,387130000C,(04)23274275,(04)23288582,2025,7,15,11,28,臺中市,新社區,0,0,0,7,,,50,,,,,,,,,,,,,,,,,,,B03,,,1,,2,,,51,51,1,12,4,120.807743,24.242188,3
5343,66000,387130000C,(04)23274275,(04)23288582,2025,7,15,11,35,臺中市,沙鹿區,0,0,0,7,,,40,,,,,,,,,,,,,,17,,,,,B03,,,1,,2,,,51,51,1,6,4,120.5677,24.20541,3
5344,66000,387130000C,(04)23274275,(04)23288582,2025,7,15,11,37,臺中市,太平區,0,1,0,6,3,6,50,11,9,1,5,4,6,6,4,4,5,5,5,1,19,2,9,1,1,C03,7,9,1,10,2,12,14,84,84,1,12,4,120.790399,24.100125,2
5345,66000,387130000C,(04)23274275,(04)23288582,2025,7,15,11,39,臺中市,豐原區,0,1,0,7,2,6,50,4,9,1,5,4,6,6,3,1,1,2,4,1,18,2,9,2,4,C03,7,9,1,10,2,14,,82,82,1,13,4,120.713925,24.243507,2
5346,66000,387130000C,(04)23274275,(04)23288582,2025,7,15,11,42,臺中市,西區,0,2,0,7,2,6,50,4,1,1,5,4,6,6,1,1,10,5,5,2,16,2,9,2,1,C03,7,6,1,10,2,12,,11,11,1,12,4,120.655113,24.146705,2
5347,66000,387130000C,(04)23274275,(04)23288582,2025,7,15,11,44,臺中市,石岡區,0,1,0,7,2,6,50,13,9,1,4,4,6,6,4,4,8,5,5,2,12,3,10,3,1,B12,2,4,1,8,2,2,,1,1,1,12,4,120.813562,24.257454,2
5348,66000,387130000C,(04)23274275,(04)23288582,2025,7,15,11,48,臺中市,梧棲區,1,0,0,7,2,6,50,4,1,1,5,4,6,6,4,4,10,5,5,2,15,1,9,1,1,C03,7,11,1,10,9,14,,12,12,1,12,4,120.532239,24.260334,1
5349,66000,387130000C,(04)23274275,(04)23288582,2025,7,15,11,53,臺中市,北區,0,0,0,7,2,6,50,13,9,1,5,4,6,6,4,,1,4,5,2,17,3,10,6,5,B03,8,13,7,21,10,8,,77,77,1,12,4,120.671608,24.173284,3
5350,66000,387130000C,(04)23274275,(04)23288582,2025,7,15,11,54,臺中市,東區,0,0,0,7,,,50,,,,,,,,,,,,,,17,,,,,C03,,,5,,2,,,7,7,1,13,4,120.696008,24.134907,3
5351,66000,387130000C,(04)23274275,(04)23288582,2025,7,15,11,57,臺中市,西區,0,0,0,7,,,50,,,,,,,,,,,,,,,,,,,B03,,,1,8,2,,,34,34,1,13,4,120.671427,24.140511,3
5352,66000,387130000C,(04)23274275,(04)23288582,2025,7,15,12,1,臺中市,大雅區,0,1,0,7,1,6,50,3,9,1,5,4,6,6,2,1,4,1,5,1,13,2,7,1,1,C02,7,1,1,9,2,11,,84,84,1,13,4,120.647245,24.224411,2
5353,66000,387130000C,(04)23274275,(04)23288582,2025,7,15,12,4,臺中市,西屯區,0,1,0,7,2,6,40,13,8,1,5,4,6,6,4,4,9,5,4,2,17,2,9,1,1,C03,7,9,1,10,2,11,,58,58,1,13,4,120.588771,24.171218,2
5354,66000,387130000C,(04)23274275,(04)23288582,2025,7,15,12,4,臺中市,西屯區,0,1,0,7,2,6,40,13,11,1,5,4,6,6,4,4,1,5,2,2,17,3,10,2,1,C03,7,12,1,10,2,16,,84,84,1,12,4,120.634073,24.176098,2
5355,66000,387130000C,(04)23274275,(04)23288582,2025,7,15,12,4,臺中市,后里區,0,0,0,7,2,6,40,13,14,1,5,4,6,6,4,4,4,4,4,1,12,3,10,3,1,B03,7,7,1,8,2,2,,8,8,1,12,4,120.719043,24.309323,3
5356,66000,387130000C,(04)23274275,(04)23288582,2025,7,15,12,5,臺中市,烏日區,0,2,0,7,3,6,30,3,1,1,5,4,6,6,4,4,10,5,5,1,11,2,8,1,1,C03,7,5,1,10,2,11,,47,47,1,7,4,120.608753,24.121502,2
5357,66000,387130000C,(04)23274275,(04)23288582,2025,7,15,12,7,臺中市,西屯區,0,1,0,7,2,6,30,4,1,1,5,4,6,6,4,4,10,5,5,2,15,2,9,2,1,C03,7,9,1,10,2,11,,12,12,1,12,4,120.605422,24.186557,2
5358,66000,387130000C,(04)23274275,(04)23288582,2025,7,15,12,7,臺中市,龍井區,0,0,0,7,,,40,,,,,,,,,,,,,,,,,,,B03,,,1,,2,,,50,50,1,6,4,120.551707,24.21381,3
5359,66000,387130000C,(04)23274275,(04)23288582,2025,7,15,12,7,臺中市,清水區,0,1,0,7,2,6,50,3,1,1,5,4,6,6,1,1,8,3,4,1,12,3,10,3,1,B03,7,5,1,8,2,2,,84,84,1,12,4,120.595293,24.3006,2
5360,66000,387130000C,(04)23274275,(04)23288582,2025,7,15,12,8,臺中市,東區,0,0,0,7,,6,40,,,,,,,,,,,,,,17,,,,,B12,,,1,,11,,,84,84,2,12,4,120.709924,24.149684,3
5361,66000,387130000C,(04)23274275,(04)23288582,2025,7,15,12,14,臺中市,豐原區,0,0,0,7,,,40,,,,,,,,,,,,,,17,,,,,B03,,,1,,9,,,84,84,1,12,4,120.724473,24.247285,3
5362,66000,387130000C,(04)23274275,(04)23288582,2025,7,15,12,15,臺中市,大雅區,0,1,0,7,3,6,30,4,1,1,5,4,6,6,4,4,10,5,5,2,17,,,,,,,21,,,,,,86,86,2,,,120.64899,24.228525,2
5363,66000,387130000C,(04)23274275,(04)23288582,2025,7,15,12,15,臺中市,東勢區,0,1,0,7,3,6,50,13,9,1,5,4,6,6,4,4,5,4,5,1,17,2,9,2,1,C03,7,8,1,10,2,14,,40,40,1,12,4,120.807449,24.303422,2
5364,66000,387130000C,(04)23274275,(04)23288582,2025,7,15,12,16,臺中市,大肚區,0,1,0,7,3,6,70,13,7,1,5,4,6,6,4,4,1,4,4,1,13,2,8,3,1,B12,7,9,1,10,2,5,,7,7,1,6,4,120.552206,24.136112,2
5365,66000,387130000C,(04)23274275,(04)23288582,2025,7,15,12,17,臺中市,西屯區,0,0,0,7,,,50,,,,,,,,,,,,,,14,,,,,B03,,,1,,2,,,50,50,1,13,4,120.596812,24.200755,3
5366,66000,387130000C,(04)23274275,(04)23288582,2025,7,15,12,18,臺中市,西屯區,0,0,0,7,,,70,,,,,,,,,,,,,,12,,,,,C03,,,1,,2,,,78,78,1,12,4,120.637979,24.180788,4
5367,66000,387130000C,(04)23274275,(04)23288582,2025,7,15,12,20,臺中市,大雅區,0,0,0,7,,,50,,,,,,,,,,,,,,13,,,,,B03,,,1,,1,,,84,84,1,13,4,120.635498,24.234007,3
5368,66000,387130000C,(04)23274275,(04)23288582,2025,7,15,12,22,臺中市,潭子區,0,0,0,7,,,50,,,,,,,,,,,,,,,,,,,,,,,,,,,86,86,1,,,120.707857,24.206786,3
5369,66000,387130000C,(04)23274275,(04)23288582,2025,7,15,12,22,臺中市,南屯區,0,0,0,7,,,0,,,,,,,,,,,,,,12,,,,,B11,,,1,,1,,,51,51,1,13,4,120.640632,24.134693,3
5370,66000,387130000C,(04)23274275,(04)23288582,2025,7,15,12,24,臺中市,南屯區,0,0,0,7,,,60,,,,,,,,,,,,,,17,,,,,B03,,,1,,2,,,50,50,1,12,4,120.637129,24.136057,3
5371,66000,387130000C,(04)23274275,(04)23288582,2025,7,15,12,26,臺中市,龍井區,0,2,0,7,2,6,70,4,1,1,5,4,6,6,1,1,10,5,5,2,16,3,10,3,1,B12,7,5,1,8,2,2,,11,11,1,6,4,120.522099,24.216425,2
5372,66000,387130000C,(04)23274275,(04)23288582,2025,7,15,12,33,臺中市,神岡區,0,1,0,7,2,6,40,13,8,1,5,4,6,6,4,4,9,5,4,2,17,2,9,1,1,C03,7,9,5,19,2,12,,59,59,1,12,4,120.656583,24.251377,2
5373,66000,387130000C,(04)23274275,(04)23288582,2025,7,15,12,42,臺中市,西屯區,0,1,0,7,2,6,50,13,9,1,5,4,6,6,4,4,1,4,5,2,12,3,10,2,1,C03,7,9,1,10,2,12,,8,8,1,12,4,120.651035,24.164632,2
5374,66000,387130000C,(04)23274275,(04)23288582,2025,7,15,12,42,臺中市,梧棲區,0,1,0,7,3,6,30,4,1,1,5,4,6,6,4,4,10,5,5,2,15,2,9,1,1,C03,7,9,1,10,2,12,,15,15,1,6,4,120.541182,24.226101,2
5375,66000,387130000C,(04)23274275,(04)23288582,2025,7,15,12,44,臺中市,北區,0,1,0,7,3,6,50,13,9,1,5,4,6,6,4,4,5,5,5,2,17,2,9,5,4,C03,7,9,1,10,2,12,,54,54,1,13,4,120.675703,24.145584,2
5376,66000,387130000C,(04)23274275,(04)23288582,2025,7,15,12,45,臺中市,北區,0,3,0,7,2,6,50,4,9,1,5,4,6,6,2,1,5,4,5,2,13,2,9,1,1,C03,7,9,1,10,2,11,,7,7,1,13,4,120.675749,24.145946,2
5377,66000,387130000C,(04)23274275,(04)23288582,2025,7,15,12,45,臺中市,北屯區,0,0,0,7,,,50,,,,,,,,,,,,,,13,,,,,C03,,,1,,1,,,84,84,1,12,4,120.691287,24.170528,4
5378,66000,387130000C,(04)23274275,(04)23288582,2025,7,15,12,47,臺中市,西區,0,2,0,7,3,6,50,13,9,1,5,4,6,6,4,4,1,4,5,2,12,2,3,3,1,B03,7,5,1,8,2,2,,84,84,1,6,4,120.662171,24.140232,2
5379,66000,387130000C,(04)23274275,(04)23288582,2025,7,15,12,50,臺中市,西區,0,0,0,7,,,50,,,,,,,,,,,,,,,,,,,B03,,,1,,1,,,22,22,1,6,4,120.664295,24.147887,3
5380,66000,387130000C,(04)23274275,(04)23288582,2025,7,15,12,50,臺中市,西區,0,0,0,7,,,40,,,,,,,,,,,,,,13,,,,,B03,,,1,,2,,,7,7,1,12,4,120.670488,24.151252,3
5381,66000,387130000C,(04)23274275,(04)23288582,2025,7,15,12,55,臺中市,龍井區,0,0,0,7,,,50,,,,,,,,,,,,,,12,,,,,B03,,,1,,1,,,8,8,1,6,4,120.575728,24.176075,4
5382,66000,387130000C,(04)23274275,(04)23288582,2025,7,15,13,0,臺中市,東區,0,1,0,7,2,6,50,3,1,1,5,4,6,6,4,4,5,5,5,2,16,3,10,3,1,B03,7,6,1,8,2,1,,14,14,1,13,4,120.702141,24.142107,2