序號,縣市別代碼,機關代碼,市話,傳真,年,月,日,時,分,縣市,區,死亡數量,受傷數量,2-30,天候,道路照明設備,道路類別,道路速限,道路型態,事故位置,路面鋪裝,路面狀態,路面缺陷,障礙物,視距,號誌種類,號誌動作,分向設施,快車道或一般車道間,快慢車道間,路面邊線,事故類型及型態,受傷程度,主要傷處,保護裝備,行動電話或功能裝置,當事者區分(類別),車輛用途,當事者行動狀態,駕照狀態,駕照種類,飲酒情形,車輛撞擊部位最初,車輛撞擊部位其他,肇事因素個別,肇事因素主要,肇事逃逸,職業,共享經濟或外送平台,GPS座標X,GPS座標Y,事故類別
5383,66000,387130000C,(04)23274275,(04)23288582,2025,7,15,13,0,臺中市,南屯區,0,0,0,7,,,50,,,,,,,,,,,,,,13,,,,,B03,,,1,,1,,,50,50,1,12,4,120.649727,24.145347,3
5384,66000,387130000C,(04)23274275,(04)23288582,2025,7,15,13,0,臺中市,西屯區,0,0,0,7,,,50,,,,,,,,,,,,,,14,,,,,B12,,,1,,2,,,49,49,1,13,4,120.637921,24.181024,3
5385,66000,387130000C,(04)23274275,(04)23288582,2025,7,15,13,0,臺中市,西屯區,0,0,0,7,,,40,,,,,,,,,,,,,,14,,,,,B03,,,1,,1,,,50,50,1,12,4,120.611811,24.184632,3
5386,66000,387130000C,(04)23274275,(04)23288582,2025,7,15,13,0,臺中市,西屯區,0,0,0,7,,,50,,,,,,,,,,,,,,,,,,,B03,,,1,,1,,,87,87,1,12,4,120.660968,24.163378,3
5387,66000,387130000C,(04)23274275,(04)23288582,2025,7,15,13,1,臺中市,梧棲區,0,0,0,7,,,50,,,,,,,,,,,,,,13,,,,,B03,,,1,,1,,,7,7,1,6,4,120.529885,24.265158,3
5388,66000,387130000C,(04)23274275,(04)23288582,2025,7,15,13,2,臺中市,南屯區,0,0,0,7,,,50,,,,,,,,,,,,,,14,,,,,B03,,,1,,1,,,50,50,1,13,4,120.591059,24.148566,3
5389,66000,387130000C,(04)23274275,(04)23288582,2025,7,15,13,2,臺中市,北屯區,0,0,0,7,,,50,,,,,,,,,,,,,,13,,,,,B02,,,1,,1,,,84,84,1,12,4,120.721238,24.179054,3
5390,66000,387130000C,(04)23274275,(04)23288582,2025,7,15,13,4,臺中市,西屯區,0,1,0,7,2,6,40,13,7,1,5,4,6,6,4,4,7,4,4,2,12,2,7,5,4,C03,7,1,1,10,2,14,,51,51,1,12,4,120.665451,24.167775,2
5391,66000,387130000C,(04)23274275,(04)23288582,2025,7,15,13,5,臺中市,沙鹿區,0,0,0,7,,,50,,,,,,,,,,,,,,,,,,,B03,,,1,,9,,,85,85,1,6,4,120.559062,24.236084,3
5392,66000,387130000C,(04)23274275,(04)23288582,2025,7,15,13,16,臺中市,南區,0,1,0,7,3,6,50,4,1,1,5,4,6,6,1,1,10,5,5,2,13,3,10,3,1,B03,7,9,1,8,2,1,,84,84,1,12,4,120.661894,24.132334,2
5393,66000,387130000C,(04)23274275,(04)23288582,2025,7,15,13,18,臺中市,西屯區,0,0,0,7,,,60,,,,,,,,,,,,,,13,,,,,B02,,,1,,1,,,7,7,1,12,4,120.621887,24.179813,3
5394,66000,387130000C,(04)23274275,(04)23288582,2025,7,15,13,20,臺中市,南屯區,0,0,0,7,,,60,,,,,,,,,,,,,,16,,,,,B03,,,1,,1,,,11,11,1,12,4,120.642648,24.151143,3
5395,66000,387130000C,(04)23274275,(04)23288582,2025,7,15,13,25,臺中市,北屯區,0,1,0,7,3,6,30,4,1,1,5,4,6,6,4,4,10,5,5,2,15,2,8,1,1,C03,7,9,1,10,2,14,11,15,15,1,12,4,120.702862,24.168946,2
5396,66000,387130000C,(04)23274275,(04)23288582,2025,7,15,13,25,臺中市,后里區,0,1,0,7,2,6,50,3,1,1,5,4,6,6,1,1,5,4,4,1,16,3,10,3,1,B02,7,5,1,8,2,6,,11,11,1,12,4,120.716762,24.309645,2
5397,66000,387130000C,(04)23274275,(04)23288582,2025,7,15,13,31,臺中市,豐原區,0,1,0,7,3,6,30,13,9,1,5,4,6,6,4,4,10,5,5,1,30,2,9,1,2,C03,7,9,1,10,2,11,,84,84,1,12,4,120.725467,24.274161,2
5398,66000,387130000C,(04)23274275,(04)23288582,2025,7,15,14,0,臺中市,太平區,0,2,0,7,2,6,50,13,9,1,5,4,6,6,4,4,10,5,5,2,17,2,9,1,1,C03,7,1,1,10,2,13,,51,51,1,12,4,120.719581,24.129664,2
5399,66000,387130000C,(04)23274275,(04)23288582,2025,7,15,14,7,臺中市,西屯區,0,0,0,7,,,40,,,,,,,,,,,,,,14,,,,,B12,,,1,,1,,,82,82,1,12,4,120.641506,24.168138,3
5400,66000,387130000C,(04)23274275,(04)23288582,2025,7,15,14,8,臺中市,沙鹿區,0,0,0,7,,,50,,,,,,,,,,,,,,17,,,,,B12,,,1,,2,,,7,7,1,6,4,120.570443,24.213473,3
5401,66000,387130000C,(04)23274275,(04)23288582,2025,7,15,14,15,臺中市,潭子區,0,1,0,7,2,6,40,3,2,1,5,4,6,6,4,4,10,5,5,2,18,2,9,5,4,C03,7,5,1,10,2,15,,84,84,1,12,4,120.721017,24.222718,2
5402,66000,387130000C,(04)23274275,(04)23288582,2025,7,15,14,15,臺中市,豐原區,0,0,0,7,,,40,,,,,,,,,,,,,,14,,,,,B03,,,1,,9,,,49,49,2,13,4,120.71903,24.250952,3
5403,66000,387130000C,(04)23274275,(04)23288582,2025,7,15,14,16,臺中市,南屯區,0,0,0,7,,,50,,,,,,,,,,,,,,17,,,,,B12,,,1,,9,,,51,51,2,6,4,120.625551,24.140164,3
5404,66000,387130000C,(04)23274275,(04)23288582,2025,7,15,14,17,臺中市,東區,0,1,0,7,2,6,50,4,1,1,5,4,6,6,2,1,10,5,5,2,16,3,10,1,1,C03,7,5,1,10,2,13,,11,11,1,12,4,120.689207,24.140982,2
5405,66000,387130000C,(04)23274275,(04)23288582,2025,7,15,14,20,臺中市,大甲區,0,0,0,7,,,40,,,,,,,,,,,,,,,,,,,C03,,,1,,1,,,6,6,1,12,4,120.617483,24.343599,4
5406,66000,387130000C,(04)23274275,(04)23288582,2025,7,15,14,24,臺中市,東區,0,0,0,7,,,50,,,,,,,,,,,,,,12,,,,,B01,,,1,,1,,,65,65,1,13,4,120.687323,24.141522,3
5407,66000,387130000C,(04)23274275,(04)23288582,2025,7,15,14,28,臺中市,南區,0,2,0,7,2,6,50,4,4,1,5,4,6,6,1,1,9,4,4,2,13,2,8,2,1,C03,7,9,1,9,2,11,,7,7,1,13,4,120.656736,24.11387,2
5408,66000,387130000C,(04)23274275,(04)23288582,2025,7,15,14,29,臺中市,西屯區,0,0,0,7,,,30,,,,,,,,,,,,,,,,,,,B11,,,1,4,9,,,87,87,1,13,4,120.645622,24.179016,3
5409,66000,387130000C,(04)23274275,(04)23288582,2025,7,15,14,31,臺中市,東區,0,1,0,7,2,6,50,13,7,1,5,4,6,6,4,4,5,5,4,2,17,3,10,3,1,B03,7,9,1,8,2,15,,85,85,1,12,4,120.689639,24.132999,2
5410,66000,387130000C,(04)23274275,(04)23288582,2025,7,15,14,31,臺中市,霧峰區,0,1,0,7,3,6,50,4,1,1,5,4,6,6,4,4,5,5,5,2,15,2,8,1,1,C03,7,9,1,10,2,11,,12,12,1,12,4,120.69763,24.062701,2
5411,66000,387130000C,(04)23274275,(04)23288582,2025,7,15,14,37,臺中市,清水區,0,1,0,7,3,6,50,4,2,1,5,4,6,6,2,1,1,4,4,2,16,3,10,2,1,C03,7,11,1,10,2,14,,45,45,1,12,4,120.574806,24.267533,2
5412,66000,387130000C,(04)23274275,(04)23288582,2025,7,15,14,39,臺中市,中區,0,1,0,7,2,6,30,4,1,1,5,4,6,6,4,4,10,5,5,2,15,3,10,5,1,B03,7,9,1,8,2,2,,13,13,1,6,4,120.683719,24.140077,2
5413,66000,387130000C,(04)23274275,(04)23288582,2025,7,15,14,40,臺中市,北屯區,0,0,0,7,,,40,,,,,,,,,,,,,,12,,,,,C03,,,1,,2,,,40,40,1,12,4,120.693322,24.165033,3
5414,66000,387130000C,(04)23274275,(04)23288582,2025,7,15,14,40,臺中市,大里區,0,0,0,7,3,6,50,11,7,1,5,4,6,6,4,4,5,4,4,2,13,,,,,B03,,,1,,2,,,59,59,1,12,4,120.685327,24.095227,3
5415,66000,387130000C,(04)23274275,(04)23288582,2025,7,15,14,41,臺中市,神岡區,0,0,0,7,,,50,,,,,,,,,,,,,,17,,,,,B03,,,1,,2,,,84,84,1,12,4,120.684397,24.245809,3
5416,66000,387130000C,(04)23274275,(04)23288582,2025,7,15,14,45,臺中市,神岡區,0,1,0,7,2,6,50,3,1,1,5,4,6,6,1,1,10,5,5,2,3,3,10,3,1,B12,7,6,1,8,2,8,,10,10,1,12,4,120.671102,24.25632,2
5417,66000,387130000C,(04)23274275,(04)23288582,2025,7,15,14,47,臺中市,北區,0,0,0,7,,,50,,,,,,,,,,,,,,13,,,,,B03,,,1,,2,,,59,59,1,13,4,120.677369,24.155172,3
5418,66000,387130000C,(04)23274275,(04)23288582,2025,7,15,14,50,臺中市,北屯區,0,0,0,7,,,50,,,,,,,,,,,,,,16,,,,,B03,,,1,,2,,,14,14,1,13,4,120.695482,24.165253,3
5419,66000,387130000C,(04)23274275,(04)23288582,2025,7,15,14,50,臺中市,大里區,0,0,0,7,,,50,,,,,,,,,,,,,,14,,,,,B03,,,1,,1,,,49,49,1,13,4,120.676651,24.100662,3
5420,66000,387130000C,(04)23274275,(04)23288582,2025,7,15,14,58,臺中市,南屯區,0,0,0,7,,,50,,,,,,,,,,,,,,17,,,,,B03,,,1,,2,,,84,84,1,6,4,120.615208,24.147349,3
5421,66000,387130000C,(04)23274275,(04)23288582,2025,7,15,15,5,臺中市,南屯區,0,0,0,7,,,50,,,,,,,,,,,,,,14,,,,,B03,,,1,,1,,,49,49,1,12,4,120.650908,24.149918,3
5422,66000,387130000C,(04)23274275,(04)23288582,2025,7,15,15,7,臺中市,北區,0,0,0,7,,,50,,,,,,,,,,,,,,17,,,,,B02,,,1,,2,,,59,59,1,12,4,120.68434,24.151603,3
5423,66000,387130000C,(04)23274275,(04)23288582,2025,7,15,15,10,臺中市,霧峰區,0,0,0,7,2,3,70,13,9,1,5,4,6,6,4,4,1,4,5,1,12,,,,,B03,,,1,,2,,,40,40,1,12,4,120.664131,24.079934,3
5424,66000,387130000C,(04)23274275,(04)23288582,2025,7,15,15,11,臺中市,西屯區,0,0,0,7,,,30,,,,,,,,,,,,,,11,,,,,C03,,,1,,1,,,41,41,1,12,4,120.627131,24.187117,3
5425,66000,387130000C,(04)23274275,(04)23288582,2025,7,15,15,13,臺中市,西屯區,0,1,0,7,2,6,50,13,9,1,5,4,6,6,4,4,5,5,5,2,9,3,10,3,1,A04,7,9,1,2,2,16,,84,84,1,12,4,120.643846,24.176323,2
5426,66000,387130000C,(04)23274275,(04)23288582,2025,7,15,15,15,臺中市,北屯區,0,1,0,7,2,6,50,13,9,1,5,4,6,6,4,4,9,4,5,2,18,2,9,6,1,F02,7,9,7,21,2,12,,82,82,1,12,4,120.682525,24.192802,2
5427,66000,387130000C,(04)23274275,(04)23288582,2025,7,15,15,15,臺中市,霧峰區,0,0,0,7,2,6,50,13,14,1,5,4,6,6,4,4,5,5,5,1,17,,,,,B03,,,1,,2,,,84,84,1,6,4,120.669407,24.061403,3
5428,66000,387130000C,(04)23274275,(04)23288582,2025,7,15,15,20,臺中市,神岡區,0,1,0,7,2,6,30,13,9,1,5,4,6,6,4,4,10,5,5,1,17,2,9,2,1,C03,7,9,1,10,2,11,,84,84,1,6,2,120.69945,24.27459,2
5429,66000,387130000C,(04)23274275,(04)23288582,2025,7,15,15,22,臺中市,大甲區,0,0,0,7,,,50,,,,,,,,,,,,,,,,,,,A12,,,1,,2,,,49,49,1,6,4,120.636859,24.368224,3
5430,66000,387130000C,(04)23274275,(04)23288582,2025,7,15,15,27,臺中市,北區,0,0,0,7,,,50,,,,,,,,,,,,,,17,,,,,,,,,,,,,86,86,1,,,120.697447,24.15666,3
5431,66000,387130000C,(04)23274275,(04)23288582,2025,7,15,15,36,臺中市,南區,0,1,0,7,2,6,50,13,9,1,5,4,6,6,4,4,1,4,5,2,17,3,10,3,1,B03,7,15,1,8,2,2,,85,85,1,12,4,120.66999,24.119723,2
5432,66000,387130000C,(04)23274275,(04)23288582,2025,7,15,15,38,臺中市,北區,0,0,0,7,,,50,,,,,,,,,,,,,,13,,,,,B12,,,1,,1,,,84,84,1,12,4,120.68516,24.159146,3
5433,66000,387130000C,(04)23274275,(04)23288582,2025,7,15,15,45,臺中市,神岡區,0,0,0,7,2,6,50,13,9,1,5,4,6,6,4,4,1,4,5,1,17,3,10,3,1,A04,7,9,1,1,2,15,,85,85,1,12,4,120.697267,24.24845,3
5434,66000,387130000C,(04)23274275,(04)23288582,2025,7,15,15,46,臺中市,大甲區,0,0,0,7,,,40,,,,,,,,,,,,,,,,,,,B03,,,1,,2,,,49,49,1,12,4,120.645103,24.407015,3
5435,66000,387130000C,(04)23274275,(04)23288582,2025,7,15,15,53,臺中市,西區,0,1,0,7,3,6,50,4,1,1,5,4,6,6,4,4,10,5,5,2,14,3,10,3,1,B01,7,2,1,4,2,3,,49,49,1,6,4,120.662369,24.157003,2
5436,66000,387130000C,(04)23274275,(04)23288582,2025,7,15,15,56,臺中市,東區,0,0,0,7,,,50,,,,,,,,,,,,,,17,,,,,C03,,,1,,9,,,50,50,1,12,4,120.689227,24.140609,3
5437,66000,387130000C,(04)23274275,(04)23288582,2025,7,15,15,58,臺中市,南屯區,0,0,0,7,,6,40,,,,,,,,,,,,,,,,,,,A11,,,1,,9,,,84,84,1,13,4,120.610608,24.132083,3
5438,66000,387130000C,(04)23274275,(04)23288582,2025,7,15,16,0,臺中市,豐原區,0,0,0,7,,,30,,,,,,,,,,,,,,14,,,,,B03,,,1,,2,,,49,49,1,13,4,120.724716,24.227077,3
5439,66000,387130000C,(04)23274275,(04)23288582,2025,7,15,16,3,臺中市,東勢區,0,0,0,7,,,40,,,,,,,,,,,,,,,,,,,B03,,,1,,1,,,14,14,1,12,4,120.83163,24.252373,3
5440,66000,387130000C,(04)23274275,(04)23288582,2025,7,15,16,5,臺中市,西屯區,0,1,0,7,2,6,50,3,1,1,5,4,6,6,4,4,5,4,5,2,16,3,10,5,4,B01,7,6,1,4,2,16,,48,48,1,13,4,120.645519,24.184901,2
5441,66000,387130000C,(04)23274275,(04)23288582,2025,7,15,16,5,臺中市,清水區,0,1,0,7,3,6,50,3,1,1,5,4,6,6,4,4,5,5,5,1,16,3,10,3,1,B03,7,5,1,8,2,5,,14,14,1,12,4,120.57217,24.269552,2
5442,66000,387130000C,(04)23274275,(04)23288582,2025,7,15,16,8,臺中市,北區,0,1,0,7,2,6,50,11,9,1,5,4,6,6,4,4,3,4,5,2,17,2,9,1,1,C03,7,9,1,10,2,11,,8,8,1,12,4,120.683102,24.145608,2
5443,66000,387130000C,(04)23274275,(04)23288582,2025,7,15,16,10,臺中市,北區,0,2,0,7,3,6,50,4,1,1,5,4,6,6,4,4,10,5,5,2,16,2,9,6,1,F01,7,6,7,21,2,11,,20,20,1,12,4,120.670474,24.16884,2
5444,66000,387130000C,(04)23274275,(04)23288582,2025,7,15,16,10,臺中市,大甲區,0,0,0,7,,,50,,,,,,,,,,,,,,,,,,,B03,,,1,,1,,,14,14,1,6,4,120.62469,24.362805,3
5445,66000,387130000C,(04)23274275,(04)23288582,2025,7,15,16,12,臺中市,西屯區,0,0,0,7,,,50,,,,,,,,,,,,,,,,,,,B03,,,1,,1,,,40,40,1,13,4,120.651886,24.165694,3
5446,66000,387130000C,(04)23274275,(04)23288582,2025,7,15,16,20,臺中市,北屯區,0,0,0,7,,,50,,,,,,,,,,,,,,,,,,,B03,,,1,,1,,,85,85,1,6,4,120.690549,24.173375,3
5447,66000,387130000C,(04)23274275,(04)23288582,2025,7,15,16,20,臺中市,太平區,0,0,0,7,,,30,,,,,,,,,,,,,,,,,,,B03,,,1,,2,,,49,49,1,12,4,120.712945,24.116871,3
5448,66000,387130000C,(04)23274275,(04)23288582,2025,7,15,16,20,臺中市,烏日區,0,0,0,7,,,50,,,,,,,,,,,,,,17,,,,,B03,,,1,,1,,,8,8,1,6,4,120.659877,24.058954,3
5449,66000,387130000C,(04)23274275,(04)23288582,2025,7,15,16,22,臺中市,后里區,0,0,0,7,2,6,50,13,7,1,5,4,6,6,4,4,1,4,4,1,11,3,10,1,1,C03,7,7,1,10,2,12,,65,65,1,12,4,120.68244,24.315592,3
5450,66000,387130000C,(04)23274275,(04)23288582,2025,7,15,16,23,臺中市,西區,0,1,0,7,1,6,50,4,1,1,5,4,6,6,4,4,10,5,5,2,15,2,9,5,4,C03,7,9,3,19,11,12,,84,84,1,12,4,120.672414,24.13893,2
5451,66000,387130000C,(04)23274275,(04)23288582,2025,7,15,16,23,臺中市,后里區,0,0,0,7,,,50,,,,,,,,,,,,,,,,,,,A12,,,1,,1,,,82,82,1,12,4,120.727385,24.309909,3
5452,66000,387130000C,(04)23274275,(04)23288582,2025,7,15,16,24,臺中市,西區,0,0,0,7,,,50,,,,,,,,,,,,,,17,,,,,C03,,,1,,9,,,84,84,1,12,4,120.670068,24.150379,3
5453,66000,387130000C,(04)23274275,(04)23288582,2025,7,15,16,25,臺中市,西屯區,0,1,0,7,2,6,50,4,1,1,5,4,6,6,1,1,10,5,5,2,17,2,9,1,1,C03,7,9,1,10,2,14,,84,84,1,12,4,120.618206,24.188066,2
5454,66000,387130000C,(04)23274275,(04)23288582,2025,7,15,16,25,臺中市,霧峰區,0,0,0,7,,,50,,,,,,,,,,,,,,17,,,,,B03,,,1,,2,,,8,8,1,12,4,120.700062,24.064914,3
5455,66000,387130000C,(04)23274275,(04)23288582,2025,7,15,16,31,臺中市,烏日區,0,0,0,7,,,50,,,,,,,,,,,,,,13,,,,,B03,,,1,,2,,,7,7,1,6,4,120.648634,24.111062,3
5456,66000,387130000C,(04)23274275,(04)23288582,2025,7,15,16,33,臺中市,北屯區,0,1,0,7,2,6,50,13,9,1,5,4,6,6,2,1,1,3,5,1,18,2,9,1,1,C03,7,9,1,10,9,12,,84,84,1,12,4,120.66065,24.191436,2
5457,66000,387130000C,(04)23274275,(04)23288582,2025,7,15,16,41,臺中市,大甲區,0,1,0,7,2,6,40,11,9,1,5,4,6,6,4,4,6,5,5,1,18,2,9,6,1,F01,7,1,7,21,2,14,,51,51,1,12,4,120.628294,24.340705,2
5458,66000,387130000C,(04)23274275,(04)23288582,2025,7,15,16,43,臺中市,清水區,0,2,0,7,3,6,50,5,1,1,5,4,6,6,2,1,1,4,5,1,17,3,10,3,1,B03,7,9,1,8,2,4,,39,39,1,12,4,120.567408,24.270311,2
5459,66000,387130000C,(04)23274275,(04)23288582,2025,7,15,16,46,臺中市,北屯區,0,1,0,7,2,6,50,3,2,1,5,4,6,6,4,4,4,3,4,2,3,3,10,3,1,B03,7,9,1,8,2,2,,10,10,1,13,4,120.685125,24.178129,2
5460,66000,387130000C,(04)23274275,(04)23288582,2025,7,15,16,51,臺中市,南區,0,1,0,7,2,6,50,13,8,1,5,4,6,6,4,4,3,4,4,2,18,2,9,1,1,C03,7,9,1,10,2,12,,84,84,1,12,4,120.654248,24.114849,2
5461,66000,387130000C,(04)23274275,(04)23288582,2025,7,15,16,52,臺中市,西屯區,0,1,0,7,2,6,40,4,1,1,5,4,6,6,1,1,10,5,5,2,13,2,7,5,1,C03,7,9,1,10,2,11,,7,7,1,12,4,120.621549,24.180068,2
5462,66000,387130000C,(04)23274275,(04)23288582,2025,7,15,16,53,臺中市,西區,0,2,0,7,2,6,50,4,1,1,5,4,6,6,2,1,10,5,5,2,17,2,9,1,1,C03,7,15,1,10,2,11,,11,11,1,6,4,120.668198,24.146717,2
5463,66000,387130000C,(04)23274275,(04)23288582,2025,7,15,16,53,臺中市,西屯區,0,4,0,7,2,6,50,13,8,1,5,4,6,6,2,1,1,4,1,2,13,2,8,3,1,B03,7,9,1,8,2,1,,55,55,1,12,4,120.632545,24.169957,2
5464,66000,387130000C,(04)23274275,(04)23288582,2025,7,15,16,56,臺中市,豐原區,0,2,0,7,3,6,50,13,7,1,5,4,6,6,4,4,5,5,4,2,17,2,9,4,1,F01,7,8,7,21,2,13,,84,84,1,12,4,120.731307,24.242035,2
5465,66000,387130000C,(04)23274275,(04)23288582,2025,7,15,16,58,臺中市,大里區,0,1,0,7,3,6,50,3,2,1,5,4,6,6,4,4,5,5,4,2,16,3,10,1,1,C03,7,6,1,10,2,13,,48,48,1,13,4,120.676651,24.100662,2
5466,66000,387130000C,(04)23274275,(04)23288582,2025,7,15,16,59,臺中市,北屯區,0,0,0,7,,,50,,,,,,,,,,,,,,12,,,,,B02,,,1,,2,,,8,8,1,6,4,120.722518,24.178996,3
5467,66000,387130000C,(04)23274275,(04)23288582,2025,7,15,16,59,臺中市,北屯區,0,0,0,5,,,50,,,,,,,,,,,,,,,,,,,,,,,,,,,119,119,1,,,120.682299,24.172139,3
5468,66000,387130000C,(04)23274275,(04)23288582,2025,7,15,16,59,臺中市,太平區,0,1,0,7,2,6,50,13,7,1,5,4,6,6,4,4,5,5,4,1,17,3,10,3,1,B03,7,9,1,8,2,2,,85,85,1,6,4,120.719435,24.148774,2
5469,66000,387130000C,(04)23274275,(04)23288582,2025,7,15,17,0,臺中市,太平區,0,1,0,7,2,6,50,13,7,1,5,4,6,6,4,4,9,5,4,2,17,3,10,2,1,C03,7,1,1,11,2,14,,51,51,1,12,4,120.711899,24.139035,2
5470,66000,387130000C,(04)23274275,(04)23288582,2025,7,15,17,3,臺中市,新社區,0,0,0,7,,,50,,,,,,,,,,,,,,,,,,,B03,,,1,,2,,,51,51,1,12,4,120.80747,24.252565,3
5471,66000,387130000C,(04)23274275,(04)23288582,2025,7,15,17,4,臺中市,沙鹿區,0,1,0,7,3,6,50,3,1,1,5,4,6,6,4,4,10,5,5,2,16,3,10,3,1,B03,7,6,1,8,2,1,,14,14,1,6,4,120.558057,24.236003,2
5472,66000,387130000C,(04)23274275,(04)23288582,2025,7,15,17,6,臺中市,大雅區,0,2,0,7,3,6,30,4,1,1,5,4,6,6,4,4,10,5,5,2,17,2,8,2,1,C03,7,9,1,10,2,12,,12,12,1,12,4,120.669693,24.224614,2
5473,66000,387130000C,(04)23274275,(04)23288582,2025,7,15,17,6,臺中市,北屯區,0,0,0,7,,,50,,,,,,,,,,,,,,,,,,,C03,,,1,,1,,,7,7,1,6,4,120.694259,24.16491,3
5474,66000,387130000C,(04)23274275,(04)23288582,2025,7,15,17,6,臺中市,西屯區,0,1,0,7,2,6,50,13,9,1,5,4,6,6,4,4,10,5,5,2,16,3,10,3,1,B03,7,11,1,8,2,4,,32,32,1,13,4,120.631085,24.1585,2
5475,66000,387130000C,(04)23274275,(04)23288582,2025,7,15,17,6,臺中市,龍井區,0,0,0,7,,,50,,,,,,,,,,,,,,,,,,,B03,,,1,,1,,,11,11,1,6,4,120.529981,24.207358,3
5476,66000,387130000C,(04)23274275,(04)23288582,2025,7,15,17,7,臺中市,西屯區,0,1,0,7,2,6,50,8,9,1,5,4,6,6,4,4,2,4,5,2,13,3,10,5,4,B03,7,9,1,8,2,1,,55,55,1,13,4,120.631567,24.170494,2
5477,66000,387130000C,(04)23274275,(04)23288582,2025,7,15,17,10,臺中市,南屯區,0,1,0,7,3,6,50,4,1,1,5,4,6,6,2,1,10,5,5,2,16,3,10,5,4,B03,7,6,1,8,2,5,,11,11,1,6,4,120.653004,24.152332,2
5478,66000,387130000C,(04)23274275,(04)23288582,2025,7,15,17,10,臺中市,大肚區,0,0,0,7,,,50,,,,,,,,,,,,,,,,,,,B03,,,1,,2,,,8,8,1,12,4,120.573696,24.158143,3
5479,66000,387130000C,(04)23274275,(04)23288582,2025,7,15,17,12,臺中市,神岡區,0,0,0,7,,,30,,,,,,,,,,,,,,16,,,,,B03,,,1,,2,,,24,24,1,13,4,120.680066,24.266165,3
5480,66000,387130000C,(04)23274275,(04)23288582,2025,7,15,17,13,臺中市,北屯區,0,0,0,7,,6,50,,,,,,,,,,,,,,12,,,,,B03,,,1,,1,,,58,58,1,12,4,120.713807,24.173505,3
5481,66000,387130000C,(04)23274275,(04)23288582,2025,7,15,17,13,臺中市,龍井區,0,1,0,7,3,6,30,4,1,1,5,4,6,6,4,4,10,5,5,2,16,3,10,3,1,B12,7,6,1,3,2,1,,12,12,1,6,4,120.524099,24.193006,2
5482,66000,387130000C,(04)23274275,(04)23288582,2025,7,15,17,17,臺中市,西屯區,0,0,0,7,,,50,,,,,,,,,,,,,,13,,,,,C03,,,1,,2,,,59,59,1,12,4,120.623816,24.176986,3
5483,66000,387130000C,(04)23274275,(04)23288582,2025,7,15,17,18,臺中市,西屯區,0,1,0,7,2,6,50,13,7,1,5,4,6,6,2,1,1,4,1,2,13,3,10,3,1,B03,7,9,1,8,2,1,,84,84,1,12,4,120.649796,24.162755,2
5484,66000,387130000C,(04)23274275,(04)23288582,2025,7,15,17,20,臺中市,大雅區,0,1,0,7,3,6,60,13,7,1,5,4,6,6,4,4,9,4,5,1,12,2,9,2,1,C03,7,9,1,10,2,14,,84,84,1,13,4,120.669163,24.237017,2
5485,66000,387130000C,(04)23274275,(04)23288582,2025,7,15,17,20,臺中市,大里區,0,1,0,7,2,6,50,13,7,1,5,4,6,6,4,4,5,5,4,1,13,3,10,3,1,B12,7,9,1,8,2,8,,59,59,1,6,4,120.703812,24.093568,2
5486,66000,387130000C,(04)23274275,(04)23288582,2025,7,15,17,20,臺中市,大里區,0,1,0,7,2,6,50,3,1,1,5,4,6,6,4,4,10,5,5,2,17,3,10,5,4,B03,7,6,1,8,2,8,,84,84,1,13,4,120.702472,24.084612,2
5487,66000,387130000C,(04)23274275,(04)23288582,2025,7,15,17,21,臺中市,北區,0,0,0,7,,,50,,,,,,,,,,,,,,17,,,,,B03,,,1,,1,,,84,84,1,12,4,120.682429,24.145896,3
5488,66000,387130000C,(04)23274275,(04)23288582,2025,7,15,17,24,臺中市,東區,0,1,0,7,1,6,50,4,1,1,5,4,6,6,1,1,9,4,5,2,12,3,10,1,1,F01,7,6,7,21,2,14,,36,36,1,12,1,120.690193,24.129636,2
5489,66000,387130000C,(04)23274275,(04)23288582,2025,7,15,17,24,臺中市,西屯區,0,0,0,7,,,50,,,,,,,,,,,,,,13,,,,,B03,,,1,,1,,,7,7,1,12,4,120.655344,24.178096,3
5490,66000,387130000C,(04)23274275,(04)23288582,2025,7,15,17,24,臺中市,大里區,0,0,0,7,,,80,,,,,,,,,,,,,,13,,,,,B03,,,1,,2,,,7,7,1,12,4,120.682394,24.078875,3
5491,66000,387130000C,(04)23274275,(04)23288582,2025,7,15,17,30,臺中市,北屯區,0,1,0,7,2,6,50,4,2,1,5,4,6,6,2,1,1,3,5,2,9,3,10,3,1,A02,7,3,1,1,2,16,,87,87,1,13,4,120.692061,24.18271,2
5492,66000,387130000C,(04)23274275,(04)23288582,2025,7,15,17,30,臺中市,西屯區,0,0,0,7,,,60,,,,,,,,,,,,,,13,,,,,B02,,,1,,1,,,7,7,1,12,4,120.655911,24.158976,3
5493,66000,387130000C,(04)23274275,(04)23288582,2025,7,15,17,33,臺中市,北屯區,0,1,0,7,1,6,50,4,1,1,5,4,6,6,1,1,10,5,5,2,17,3,10,1,1,C03,7,6,1,10,2,14,,11,11,1,12,4,120.669443,24.177252,2