序號,縣市別代碼,機關代碼,市話,傳真,年,月,日,時,分,縣市,區,死亡數量,受傷數量,2-30,天候,道路照明設備,道路類別,道路速限,道路型態,事故位置,路面鋪裝,路面狀態,路面缺陷,障礙物,視距,號誌種類,號誌動作,分向設施,快車道或一般車道間,快慢車道間,路面邊線,事故類型及型態,受傷程度,主要傷處,保護裝備,行動電話或功能裝置,當事者區分(類別),車輛用途,當事者行動狀態,駕照狀態,駕照種類,飲酒情形,車輛撞擊部位最初,車輛撞擊部位其他,肇事因素個別,肇事因素主要,肇事逃逸,職業,共享經濟或外送平台,GPS座標X,GPS座標Y,事故類別
5494,66000,387130000C,(04)23274275,(04)23288582,2025,7,15,17,39,臺中市,北區,0,1,0,7,2,6,50,5,1,1,5,4,6,6,1,1,1,4,5,2,16,3,10,3,1,B03,7,5,1,8,2,2,,11,11,1,12,4,120.67618,24.15828,2
5495,66000,387130000C,(04)23274275,(04)23288582,2025,7,15,17,39,臺中市,神岡區,0,1,0,7,2,6,50,4,1,1,5,4,6,6,1,1,10,5,5,2,17,3,10,3,1,B03,7,9,1,8,2,1,,21,21,1,12,4,120.657072,24.25797,2
5496,66000,387130000C,(04)23274275,(04)23288582,2025,7,15,17,40,臺中市,西屯區,0,0,0,7,,,30,,,,,,,,,,,,,,14,,,,,B03,,,1,,1,,,49,49,1,13,4,120.6162,24.170923,3
5497,66000,387130000C,(04)23274275,(04)23288582,2025,7,15,17,42,臺中市,西屯區,0,1,0,7,1,6,50,3,1,1,5,4,6,6,4,4,10,5,5,2,16,3,10,3,1,B03,7,6,1,8,2,6,,14,14,1,12,4,120.647231,24.165944,2
5498,66000,387130000C,(04)23274275,(04)23288582,2025,7,15,17,43,臺中市,西屯區,0,0,0,7,,,50,,,,,,,,,,,,,,13,,,,,B03,,,1,,1,,,7,7,1,12,4,120.650089,24.162273,3
5499,66000,387130000C,(04)23274275,(04)23288582,2025,7,15,17,44,臺中市,外埔區,0,1,0,7,2,6,50,4,1,1,5,4,6,6,1,1,5,4,4,1,3,3,10,3,1,B03,7,5,1,8,2,5,,10,10,1,12,4,120.653138,24.331679,2
5500,66000,387130000C,(04)23274275,(04)23288582,2025,7,15,17,45,臺中市,大雅區,0,0,0,7,,,50,,,,,,,,,,,,,,,,,,,C03,,,1,,2,,,7,7,1,13,4,120.651934,24.228225,3
5501,66000,387130000C,(04)23274275,(04)23288582,2025,7,15,17,45,臺中市,南屯區,0,0,0,7,,,50,,,,,,,,,,,,,,17,,,,,B03,,,1,,9,,,51,51,2,6,4,120.642203,24.148991,3
5502,66000,387130000C,(04)23274275,(04)23288582,2025,7,15,17,45,臺中市,北屯區,0,0,0,7,,,80,,,,,,,,,,,,,,13,,,,,B03,,,1,,1,,,7,7,1,12,4,120.72071,24.169288,3
5503,66000,387130000C,(04)23274275,(04)23288582,2025,7,15,17,45,臺中市,北屯區,0,0,0,7,,,50,,,,,,,,,,,,,,,,,,,B03,,,1,,2,,,7,7,1,6,4,120.686216,24.181487,3
5504,66000,387130000C,(04)23274275,(04)23288582,2025,7,15,17,46,臺中市,大雅區,0,1,0,7,3,6,50,3,1,1,5,4,6,6,4,4,10,5,5,2,17,3,10,2,1,C03,7,9,1,10,2,11,,6,6,1,12,4,120.667388,24.214952,2
5505,66000,387130000C,(04)23274275,(04)23288582,2025,7,15,17,50,臺中市,西區,0,1,0,7,1,6,50,3,1,1,5,4,6,6,4,4,10,5,5,2,17,3,10,5,4,B03,7,5,1,8,2,2,,84,84,1,12,4,120.658894,24.156252,2
5506,66000,387130000C,(04)23274275,(04)23288582,2025,7,15,17,50,臺中市,太平區,0,2,0,7,2,6,40,3,1,1,5,4,6,6,4,4,5,5,4,1,16,2,9,2,1,C03,7,1,1,10,2,14,,13,13,1,12,4,120.726562,24.149845,2
5507,66000,387130000C,(04)23274275,(04)23288582,2025,7,15,17,51,臺中市,南屯區,0,3,0,7,2,6,50,3,1,1,5,4,6,6,4,4,5,4,4,2,17,2,8,2,1,C03,7,9,1,10,2,11,,7,7,1,12,4,120.610716,24.144794,2
5508,66000,387130000C,(04)23274275,(04)23288582,2025,7,15,17,57,臺中市,沙鹿區,0,0,0,7,,,50,,,,,,,,,,,,,,,,,,,B03,,,1,,2,,,51,51,1,6,4,120.564858,24.204566,3
5509,66000,387130000C,(04)23274275,(04)23288582,2025,7,15,18,0,臺中市,北屯區,0,2,0,7,1,6,30,4,1,1,5,4,6,6,4,4,10,5,5,2,17,3,10,3,1,B03,7,9,1,8,2,6,,13,13,1,12,4,120.724497,24.167451,2
5510,66000,387130000C,(04)23274275,(04)23288582,2025,7,15,18,0,臺中市,大里區,0,1,0,7,2,6,50,13,7,1,5,4,6,6,4,4,5,5,4,1,12,3,10,1,1,C03,7,6,1,10,2,13,,48,48,1,12,4,120.687206,24.110133,2
5511,66000,387130000C,(04)23274275,(04)23288582,2025,7,15,18,0,臺中市,后里區,0,1,0,7,2,6,50,13,9,1,5,4,6,6,4,4,5,4,4,2,13,2,8,1,1,C03,7,9,1,10,2,11,,7,7,1,12,4,120.71458,24.303011,2
5512,66000,387130000C,(04)23274275,(04)23288582,2025,7,15,18,2,臺中市,北屯區,0,1,0,7,2,6,50,4,1,1,5,4,6,6,2,1,10,5,5,2,12,3,10,3,1,B03,7,5,1,8,2,5,,11,11,1,6,4,120.665138,24.183921,2
5513,66000,387130000C,(04)23274275,(04)23288582,2025,7,15,18,2,臺中市,龍井區,0,0,0,7,,,30,,,,,,,,,,,,,,,,,,,B03,,,1,,2,,,8,8,1,6,4,120.538201,24.198544,3
5514,66000,387130000C,(04)23274275,(04)23288582,2025,7,15,18,3,臺中市,北區,0,0,0,7,,,50,,,,,,,,,,,,,,16,,,,,C04,,,1,8,1,11,,14,14,1,12,4,120.695215,24.155609,3
5515,66000,387130000C,(04)23274275,(04)23288582,2025,7,15,18,3,臺中市,南屯區,0,0,0,7,,3,50,,,,,,,,,,,,,,13,,,,,B03,,,1,,2,,,57,57,1,6,4,120.608483,24.147118,3
5516,66000,387130000C,(04)23274275,(04)23288582,2025,7,15,18,3,臺中市,西屯區,0,0,0,7,,,30,,,,,,,,,,,,,,13,,,,,B12,,,1,,1,,,59,59,1,12,4,120.660298,24.195949,3
5517,66000,387130000C,(04)23274275,(04)23288582,2025,7,15,18,3,臺中市,烏日區,0,1,0,7,3,6,40,4,1,1,5,4,6,6,2,1,1,2,4,1,16,2,9,1,1,C03,7,9,1,10,2,11,,21,21,1,6,4,120.614085,24.106776,2
5518,66000,387130000C,(04)23274275,(04)23288582,2025,7,15,18,4,臺中市,西屯區,0,0,0,7,,,50,,,,,,,,,,,,,,12,,,,,B03,,,1,,2,,,85,85,1,12,4,120.642403,24.179669,3
5519,66000,387130000C,(04)23274275,(04)23288582,2025,7,15,18,5,臺中市,西屯區,0,1,0,7,2,6,40,11,8,1,5,4,6,6,4,4,1,2,1,2,23,2,9,1,1,C03,7,9,1,10,2,14,,59,59,1,12,4,120.595222,24.182602,2
5520,66000,387130000C,(04)23274275,(04)23288582,2025,7,15,18,7,臺中市,中區,0,0,0,7,,,50,,,,,,,,,,,,,,,,,,,C03,,,1,10,1,,,84,84,1,13,4,120.678729,24.145139,3
5521,66000,387130000C,(04)23274275,(04)23288582,2025,7,15,18,7,臺中市,西區,0,1,0,7,2,6,50,5,1,1,5,4,6,6,4,4,1,4,5,2,17,3,10,3,1,B03,7,6,1,8,2,2,,14,14,1,12,4,120.670949,24.147865,2
5522,66000,387130000C,(04)23274275,(04)23288582,2025,7,15,18,7,臺中市,南區,0,0,0,7,,,50,,,,,,,,,,,,,,,,,,,B03,,,1,,1,,,7,7,1,12,4,120.675184,24.124492,4
5523,66000,387130000C,(04)23274275,(04)23288582,2025,7,15,18,11,臺中市,大里區,0,1,0,7,2,6,50,3,2,1,5,4,6,6,1,1,5,4,5,1,16,3,10,3,1,B03,7,1,1,8,2,4,,51,51,1,13,4,120.689964,24.111664,2
5524,66000,387130000C,(04)23274275,(04)23288582,2025,7,15,18,12,臺中市,大雅區,0,0,0,7,,,30,,,,,,,,,,,,,,,,,,,B03,,,1,,1,,,51,51,1,13,4,120.644003,24.232781,3
5525,66000,387130000C,(04)23274275,(04)23288582,2025,7,15,18,12,臺中市,太平區,0,2,0,7,3,6,50,3,2,1,5,4,6,6,4,4,5,5,5,1,12,2,7,3,1,B03,7,4,1,8,2,2,,1,1,1,6,4,120.715132,24.119256,2
5526,66000,387130000C,(04)23274275,(04)23288582,2025,7,15,18,32,臺中市,龍井區,0,1,0,7,3,6,50,3,1,1,5,4,6,6,4,4,10,5,5,2,28,2,9,1,1,C03,7,9,1,10,2,11,,59,59,1,6,4,120.523638,24.20724,2
5527,66000,387130000C,(04)23274275,(04)23288582,2025,7,15,18,36,臺中市,清水區,0,0,0,7,,,50,,,,,,,,,,,,,,,,,,,B03,,,1,,9,,,84,84,1,12,4,120.575108,24.271115,3
5528,66000,387130000C,(04)23274275,(04)23288582,2025,7,15,18,40,臺中市,南屯區,0,0,0,7,,,50,,,,,,,,,,,,,,16,,,,,B03,,,1,,1,,,51,51,1,13,4,120.649175,24.152341,3
5529,66000,387130000C,(04)23274275,(04)23288582,2025,7,15,18,40,臺中市,西屯區,0,0,0,7,,,50,,,,,,,,,,,,,,12,,,,,B03,,,1,,1,,,8,8,1,12,4,120.649714,24.192263,3
5530,66000,387130000C,(04)23274275,(04)23288582,2025,7,15,18,40,臺中市,烏日區,0,0,0,7,,,40,,,,,,,,,,,,,,12,,,,,A04,,,1,,1,,,8,8,1,6,4,120.609295,24.112684,3
5531,66000,387130000C,(04)23274275,(04)23288582,2025,7,15,18,42,臺中市,南屯區,0,0,0,7,,,50,,,,,,,,,,,,,,,,,,,B03,,,1,,1,,,7,7,1,13,4,120.634717,24.1484,3
5532,66000,387130000C,(04)23274275,(04)23288582,2025,7,15,18,42,臺中市,西屯區,0,1,0,7,1,6,50,4,1,1,5,4,6,6,2,1,10,5,5,2,16,3,10,3,1,B03,7,6,1,8,2,1,,11,11,1,12,4,120.65552,24.157878,2
5533,66000,387130000C,(04)23274275,(04)23288582,2025,7,15,18,45,臺中市,北區,0,1,0,7,1,6,50,4,2,1,5,4,6,6,1,1,10,4,4,2,13,2,9,1,1,C03,7,9,1,10,2,11,,59,59,1,12,4,120.673735,24.164806,2
5534,66000,387130000C,(04)23274275,(04)23288582,2025,7,15,18,45,臺中市,梧棲區,0,0,0,7,,,50,,,,,,,,,,,,,,13,,,,,B03,,,1,,9,,,7,7,1,6,4,120.533245,24.260059,3
5535,66000,387130000C,(04)23274275,(04)23288582,2025,7,15,18,46,臺中市,梧棲區,0,0,0,7,,,30,,,,,,,,,,,,,,13,,,,,B03,,,1,,9,,,50,50,1,6,4,120.556875,24.25686,3
5536,66000,387130000C,(04)23274275,(04)23288582,2025,7,15,18,47,臺中市,北屯區,0,0,0,7,,,50,,,,,,,,,,,,,,,,,,,B03,,,1,,1,,,14,14,1,12,4,120.719577,24.172632,3
5537,66000,387130000C,(04)23274275,(04)23288582,2025,7,15,18,53,臺中市,梧棲區,0,0,0,7,,,30,,,,,,,,,,,,,,11,,,,,B03,,,1,,2,,,8,8,1,6,4,120.557583,24.258518,3
5538,66000,387130000C,(04)23274275,(04)23288582,2025,7,15,18,55,臺中市,大雅區,0,1,0,7,1,6,50,13,9,1,5,4,6,6,4,4,4,5,5,2,17,3,10,5,4,B03,7,9,1,8,2,2,,84,84,1,13,4,120.645538,24.222148,2
5539,66000,387130000C,(04)23274275,(04)23288582,2025,7,15,18,56,臺中市,東區,0,0,0,7,,,50,,,,,,,,,,,,,,17,,,,,C03,,,1,,2,,,84,84,1,12,4,120.704393,24.142816,3
5540,66000,387130000C,(04)23274275,(04)23288582,2025,7,15,19,0,臺中市,西屯區,0,0,0,7,,,30,,,,,,,,,,,,,,14,,,,,B03,,,1,,2,,,49,49,1,12,4,120.618241,24.178962,3
5541,66000,387130000C,(04)23274275,(04)23288582,2025,7,15,19,5,臺中市,中區,0,0,0,7,,,50,,,,,,,,,,,,,,13,,,,,C03,,,1,,1,,,84,84,1,12,4,120.682374,24.141011,3
5542,66000,387130000C,(04)23274275,(04)23288582,2025,7,15,19,10,臺中市,西屯區,0,0,0,7,,,50,,,,,,,,,,,,,,13,,,,,B03,,,1,,1,,,7,7,1,13,4,120.638365,24.155767,4
5543,66000,387130000C,(04)23274275,(04)23288582,2025,7,15,19,12,臺中市,南屯區,0,2,0,7,1,6,60,4,1,1,5,4,6,6,1,1,7,4,5,2,16,2,9,1,1,C03,7,6,1,10,2,11,,11,11,1,12,4,120.627553,24.117907,2
5544,66000,387130000C,(04)23274275,(04)23288582,2025,7,15,19,15,臺中市,霧峰區,0,2,0,7,1,6,50,4,1,1,5,4,6,6,4,4,10,5,5,2,16,2,9,4,1,F01,7,6,7,21,2,14,,14,14,1,12,4,120.700357,24.069744,2
5545,66000,387130000C,(04)23274275,(04)23288582,2025,7,15,19,18,臺中市,南屯區,0,0,0,7,,,50,,,,,,,,,,,,,,12,,,,,B03,,,1,,9,,,8,8,1,12,4,120.646659,24.152022,3
5546,66000,387130000C,(04)23274275,(04)23288582,2025,7,15,19,20,臺中市,西屯區,0,0,0,6,,,50,,,,,,,,,,,,,,,,,,,B03,,,1,,1,,,84,84,1,13,4,120.643136,24.171925,3
5547,66000,387130000C,(04)23274275,(04)23288582,2025,7,15,19,23,臺中市,西屯區,0,0,0,7,,,50,,,,,,,,,,,,,,13,,,,,B03,,,1,,1,,,7,7,1,12,4,120.640873,24.154814,3
5548,66000,387130000C,(04)23274275,(04)23288582,2025,7,15,19,24,臺中市,后里區,0,1,0,7,1,6,50,4,9,1,5,4,6,6,1,1,5,5,5,1,17,2,7,2,1,C03,7,1,1,10,2,11,,51,51,1,12,4,120.724011,24.309006,2
5549,66000,387130000C,(04)23274275,(04)23288582,2025,7,15,19,25,臺中市,沙鹿區,0,0,0,7,,,40,,,,,,,,,,,,,,14,,,,,B03,,,1,,2,,,49,49,1,12,4,120.561538,24.244104,4
5550,66000,387130000C,(04)23274275,(04)23288582,2025,7,15,19,30,臺中市,豐原區,0,1,0,7,1,6,50,4,2,1,5,4,6,6,1,1,5,4,4,2,17,3,10,3,1,B12,7,6,1,8,9,2,,85,85,1,6,4,120.711644,24.239725,2
5551,66000,387130000C,(04)23274275,(04)23288582,2025,7,15,19,31,臺中市,西屯區,0,0,0,7,,,40,,,,,,,,,,,,,,,,,,,B03,,,1,,9,,,49,49,1,12,4,120.640627,24.158696,3
5552,66000,387130000C,(04)23274275,(04)23288582,2025,7,15,19,36,臺中市,西屯區,0,0,0,7,,,50,,,,,,,,,,,,,,11,,,,,C03,,,1,,2,,,84,84,1,12,4,120.651195,24.170527,3
5553,66000,387130000C,(04)23274275,(04)23288582,2025,7,15,19,37,臺中市,大雅區,0,0,0,7,,,30,,,,,,,,,,,,,,,,,,,B03,,,1,,1,,,8,8,1,13,4,120.672094,24.231454,3
5554,66000,387130000C,(04)23274275,(04)23288582,2025,7,15,19,41,臺中市,南區,0,1,0,7,1,6,50,13,8,1,5,4,6,6,4,4,3,4,4,2,17,2,8,6,1,F01,7,9,7,21,2,12,,84,84,1,4,1,120.65261,24.118353,2
5555,66000,387130000C,(04)23274275,(04)23288582,2025,7,15,19,41,臺中市,太平區,0,0,0,7,,,50,,,,,,,,,,,,,,,,,,,B03,,,1,,9,,,49,49,1,12,4,120.72068,24.157847,3
5556,66000,387130000C,(04)23274275,(04)23288582,2025,7,15,19,45,臺中市,潭子區,0,1,0,7,1,6,50,4,1,1,5,4,6,6,1,1,5,5,5,1,17,2,9,2,1,C03,7,9,5,10,2,12,,21,21,1,13,4,120.718722,24.204106,2
5557,66000,387130000C,(04)23274275,(04)23288582,2025,7,15,19,50,臺中市,西屯區,0,0,0,7,,,50,,,,,,,,,,,,,,13,,,,,B03,,,1,,1,,,7,7,1,13,4,120.63834,24.203176,3
5558,66000,387130000C,(04)23274275,(04)23288582,2025,7,15,19,53,臺中市,豐原區,0,3,0,7,2,6,50,4,1,1,5,4,6,6,1,1,5,5,4,2,12,3,10,5,4,C03,7,5,1,10,2,13,,47,47,1,13,4,120.718881,24.249602,2
5559,66000,387130000C,(04)23274275,(04)23288582,2025,7,15,20,18,臺中市,大里區,0,0,0,7,,,50,,,,,,,,,,,,,,13,,,,,B03,,,1,,2,,,7,7,1,13,4,120.684309,24.097532,3
5560,66000,387130000C,(04)23274275,(04)23288582,2025,7,15,20,20,臺中市,太平區,0,1,0,7,1,6,50,3,1,1,5,4,6,6,4,4,10,5,5,2,16,2,7,2,1,C03,7,11,1,10,2,12,,45,45,1,12,4,120.721547,24.149013,2
5561,66000,387130000C,(04)23274275,(04)23288582,2025,7,15,20,32,臺中市,北區,0,0,0,7,,,40,,,,,,,,,,,,,,14,,,,,C03,,,1,,1,,,49,49,1,12,4,120.677502,24.153034,3
5562,66000,387130000C,(04)23274275,(04)23288582,2025,7,15,20,32,臺中市,東區,0,0,0,7,,,50,,,,,,,,,,,,,,,,,,,B02,,,1,,1,,,84,84,1,6,4,120.704864,24.137923,3
5563,66000,387130000C,(04)23274275,(04)23288582,2025,7,15,20,38,臺中市,北屯區,0,1,0,7,1,6,50,4,1,1,5,4,6,6,1,1,10,5,5,2,17,3,10,3,1,B03,7,6,1,8,2,8,,11,11,1,12,4,120.676711,24.176952,2
5564,66000,387130000C,(04)23274275,(04)23288582,2025,7,15,20,38,臺中市,太平區,0,0,0,7,,,30,,,,,,,,,,,,,,14,,,,,B03,,,1,,2,,,49,49,1,6,4,120.735192,24.144941,3
5565,66000,387130000C,(04)23274275,(04)23288582,2025,7,15,20,39,臺中市,西區,0,0,0,7,,,50,,,,,,,,,,,,,,,,,,,B03,,,1,,1,,,84,84,1,6,4,120.662083,24.150994,3
5566,66000,387130000C,(04)23274275,(04)23288582,2025,7,15,20,43,臺中市,神岡區,0,1,0,7,1,6,30,4,1,1,5,4,6,6,4,4,10,5,5,1,17,3,10,3,1,B03,7,6,1,8,2,5,,20,20,1,12,4,120.687762,24.254944,2
5567,66000,387130000C,(04)23274275,(04)23288582,2025,7,15,20,45,臺中市,龍井區,0,0,0,7,,,30,,,,,,,,,,,,,,,,,,,B03,,,1,,2,,,49,49,1,6,4,120.524652,24.201185,3
5568,66000,387130000C,(04)23274275,(04)23288582,2025,7,15,20,55,臺中市,大甲區,0,1,0,7,1,6,50,5,2,1,5,4,6,6,1,1,5,5,5,1,13,3,10,3,1,B03,7,9,1,8,2,1,,59,59,1,6,4,120.641087,24.402964,2
5569,66000,387130000C,(04)23274275,(04)23288582,2025,7,15,20,56,臺中市,中區,0,1,0,7,1,6,50,13,9,1,5,4,6,6,4,4,9,4,5,2,12,3,10,3,1,B03,7,14,1,8,2,4,,77,77,1,12,4,120.678229,24.141333,2
5570,66000,387130000C,(04)23274275,(04)23288582,2025,7,15,20,57,臺中市,豐原區,0,0,0,7,,,40,,,,,,,,,,,,,,30,,,,,A11,,,1,,2,,,84,84,1,13,4,120.715837,24.251332,3
5571,66000,387130000C,(04)23274275,(04)23288582,2025,7,15,21,0,臺中市,西屯區,0,0,0,7,,6,50,,,,,,,,,,,,,,13,,,,,B03,,,1,,1,,,84,84,1,12,4,120.646257,24.164096,3
5572,66000,387130000C,(04)23274275,(04)23288582,2025,7,15,21,16,臺中市,霧峰區,0,1,0,7,3,6,50,13,9,1,5,4,6,6,4,4,9,5,5,1,27,2,9,5,4,B02,7,9,1,6,2,1,,59,59,1,12,4,120.659685,24.032903,2
5573,66000,387130000C,(04)23274275,(04)23288582,2025,7,15,21,24,臺中市,南區,0,0,0,7,,,50,,,,,,,,,,,,,,,,,,,B03,,,1,,2,,,40,40,1,12,4,120.66999,24.119723,3
5574,66000,387130000C,(04)23274275,(04)23288582,2025,7,15,21,25,臺中市,北區,0,1,0,7,1,6,50,3,2,1,5,4,6,6,4,4,5,5,5,2,16,3,10,3,1,B03,7,5,1,8,2,5,,84,84,1,12,4,120.698851,24.159755,2
5575,66000,387130000C,(04)23274275,(04)23288582,2025,7,15,21,28,臺中市,西區,0,1,0,7,2,6,50,13,9,1,5,4,6,6,4,4,9,5,5,2,17,2,9,2,1,C03,7,9,1,10,2,12,,84,84,1,12,4,120.659457,24.15395,2
5576,66000,387130000C,(04)23274275,(04)23288582,2025,7,15,21,29,臺中市,西屯區,0,0,0,7,,,50,,,,,,,,,,,,,,14,,,,,C03,,,1,,1,,,77,77,1,13,4,120.64351,24.161823,3
5577,66000,387130000C,(04)23274275,(04)23288582,2025,7,15,21,45,臺中市,北區,0,0,0,7,,,50,,,,,,,,,,,,,,12,,,,,B03,,,1,,1,,,20,20,1,13,4,120.686453,24.147272,4
5578,66000,387130000C,(04)23274275,(04)23288582,2025,7,15,21,49,臺中市,東區,0,0,0,7,,,30,,,,,,,,,,,,,,16,,,,,B12,,,1,,2,,,14,14,1,6,4,120.701725,24.134145,3
5579,66000,387130000C,(04)23274275,(04)23288582,2025,7,15,21,55,臺中市,大里區,0,0,0,7,1,6,30,3,1,1,5,4,6,6,4,4,10,5,5,2,16,,,,,B03,,,5,,2,,,14,14,1,13,4,120.705257,24.106984,3
5580,66000,387130000C,(04)23274275,(04)23288582,2025,7,15,22,11,臺中市,北屯區,0,0,0,7,,,30,,,,,,,,,,,,,,,,,,,B03,,,1,,1,,,58,58,1,6,4,120.720261,24.177322,3
5581,66000,387130000C,(04)23274275,(04)23288582,2025,7,15,22,39,臺中市,梧棲區,0,0,0,7,,,50,,,,,,,,,,,,,,12,,,,,B11,,,1,,2,,,50,50,1,12,4,120.545806,24.246684,3
5582,66000,387130000C,(04)23274275,(04)23288582,2025,7,15,22,45,臺中市,南屯區,0,1,0,7,1,6,30,13,9,1,5,4,6,6,4,4,10,5,5,2,18,2,9,1,1,C03,7,9,1,10,6,11,,59,59,1,6,4,120.63686,24.117316,2
5583,66000,387130000C,(04)23274275,(04)23288582,2025,7,15,22,56,臺中市,西屯區,0,0,0,7,,,,,,,,,,,,,,,,,17,,,,,,,,,,,,,119,119,1,,,120.648113,24.17221,3
5584,66000,387130000C,(04)23274275,(04)23288582,2025,7,15,23,5,臺中市,潭子區,0,0,0,6,,,40,,,,,,,,,,,,,,,,,,,B03,,,3,,9,,,8,8,1,13,4,120.710442,24.209915,3
5585,66000,387130000C,(04)23274275,(04)23288582,2025,7,15,23,6,臺中市,西屯區,0,0,0,7,,,60,,,,,,,,,,,,,,,,,,,B01,,,1,,1,,,40,40,1,12,4,120.645999,24.164022,3
5586,66000,387130000C,(04)23274275,(04)23288582,2025,7,15,23,20,臺中市,豐原區,0,0,0,7,,,50,,,,,,,,,,,,,,17,,,,,B02,,,1,,2,,,8,8,1,13,4,120.728601,24.225034,3
5587,66000,387130000C,(04)23274275,(04)23288582,2025,7,15,23,45,臺中市,潭子區,0,2,0,7,1,6,30,3,1,1,5,4,6,6,4,4,10,5,5,2,16,2,7,2,1,C03,7,6,3,19,2,11,,14,14,1,13,4,120.70412,24.21982,2
5588,66000,387130000C,(04)23274275,(04)23288582,2025,7,15,23,48,臺中市,沙鹿區,0,1,0,7,1,6,50,12,14,1,5,4,6,6,4,4,5,4,5,1,17,2,9,2,1,C03,7,9,5,19,7,11,,59,59,1,6,4,120.556064,24.211615,2
5589,66000,387130000C,(04)23274275,(04)23288582,2025,7,15,23,49,臺中市,西屯區,0,0,0,7,,,50,,,,,,,,,,,,,,,,,,,B03,,,1,,9,,,49,49,1,12,4,120.660451,24.164449,3
5590,66000,387130000C,(04)23274275,(04)23288582,2025,7,16,0,23,臺中市,北區,0,1,0,7,1,6,50,4,1,1,5,4,6,6,1,1,10,5,5,2,16,3,10,3,1,B03,7,5,5,8,2,6,,84,84,1,12,4,120.676552,24.157177,2
5591,66000,387130000C,(04)23274275,(04)23288582,2025,7,16,0,45,臺中市,龍井區,0,0,0,7,1,6,50,3,1,1,5,4,6,6,4,4,5,2,5,1,14,3,10,3,1,B03,7,2,1,8,2,3,,49,49,1,6,4,120.592197,24.18138,3
5592,66000,387130000C,(04)23274275,(04)23288582,2025,7,16,2,9,臺中市,霧峰區,0,1,0,7,1,6,50,11,6,1,5,4,6,6,4,4,10,5,5,1,20,2,9,3,1,B03,7,9,1,8,2,1,,84,84,1,6,4,120.661122,24.066277,2
5593,66000,387130000C,(04)23274275,(04)23288582,2025,7,16,4,45,臺中市,沙鹿區,0,1,0,6,1,6,50,4,1,1,5,4,6,6,2,1,1,4,5,1,15,3,10,3,1,B03,7,9,1,8,2,8,4,21,21,1,12,4,120.560755,24.241137,2
5594,66000,387130000C,(04)23274275,(04)23288582,2025,7,16,5,0,臺中市,南屯區,0,1,0,7,1,6,50,4,1,1,5,4,6,6,3,1,10,5,5,2,15,3,10,3,1,A11,7,9,1,3,2,4,,24,24,1,6,4,120.641382,24.133415,2
5595,66000,387130000C,(04)23274275,(04)23288582,2025,7,16,6,19,臺中市,沙鹿區,0,0,0,7,,,50,,,,,,,,,,,,,,16,,,,,C03,,,1,,2,,,39,39,1,12,4,120.569767,24.219512,3
5596,66000,387130000C,(04)23274275,(04)23288582,2025,7,16,6,20,臺中市,西屯區,0,1,0,7,2,6,50,4,1,1,5,4,1,6,1,1,5,4,5,2,16,2,7,1,1,C03,7,9,1,10,1,14,,7,7,1,12,4,120.637304,24.173174,2
5597,66000,387130000C,(04)23274275,(04)23288582,2025,7,16,6,28,臺中市,清水區,0,0,0,7,,,50,,,,,,,,,,,,,,13,,,,,A12,,,1,,2,,,84,84,1,13,4,120.590436,24.304224,3
5598,66000,387130000C,(04)23274275,(04)23288582,2025,7,16,6,32,臺中市,西屯區,0,0,0,7,,,60,,,,,,,,,,,,,,,,,,,C03,,,1,,2,,,87,87,1,12,4,120.648058,24.16049,4
5599,66000,387130000C,(04)23274275,(04)23288582,2025,7,16,6,36,臺中市,龍井區,0,0,0,7,,,50,,,,,,,,,,,,,,,,,,,B03,,,1,,2,,,35,35,1,6,4,120.513804,24.197861,3
5600,66000,387130000C,(04)23274275,(04)23288582,2025,7,16,6,48,臺中市,大甲區,0,1,0,7,1,6,50,4,1,1,5,4,6,6,4,4,5,5,5,1,15,2,9,1,1,C03,7,9,1,10,2,11,,15,15,1,12,4,120.622886,24.345879,2
5601,66000,387130000C,(04)23274275,(04)23288582,2025,7,16,6,58,臺中市,北屯區,0,2,0,7,2,6,50,13,7,1,5,4,6,6,4,4,9,4,4,2,12,2,9,1,1,C03,7,1,1,10,2,13,,51,51,1,6,4,120.678845,24.176329,2
5602,66000,387130000C,(04)23274275,(04)23288582,2025,7,16,7,0,臺中市,烏日區,0,0,0,7,,,50,,,,,,,,,,,,,,13,,,,,F01,,,7,,2,,,56,56,1,4,1,120.607427,24.110313,3
5603,66000,387130000C,(04)23274275,(04)23288582,2025,7,16,7,4,臺中市,北屯區,0,1,0,7,2,6,50,13,9,1,5,4,6,6,4,4,10,5,5,2,13,2,9,5,4,C03,7,5,1,10,2,11,,84,84,1,12,4,120.721629,24.178583,2
5604,66000,387130000C,(04)23274275,(04)23288582,2025,7,16,7,4,臺中市,沙鹿區,0,0,0,7,,,40,,,,,,,,,,,,,,,,,,,A11,,,1,,2,,,82,82,1,13,4,120.55992,24.209376,3
5605,66000,387130000C,(04)23274275,(04)23288582,2025,7,16,7,5,臺中市,南屯區,0,1,0,7,2,6,60,13,7,1,5,4,6,6,4,4,9,4,3,2,13,3,10,3,1,B03,7,9,1,8,2,1,,84,84,1,12,4,120.598422,24.155204,2
5606,66000,387130000C,(04)23274275,(04)23288582,2025,7,16,7,10,臺中市,清水區,0,3,0,7,3,6,40,4,1,1,5,4,6,6,1,1,1,4,4,1,13,2,9,2,1,C03,7,9,1,10,2,11,,58,58,1,12,4,120.568088,24.271741,2