序號,縣市別代碼,機關代碼,市話,傳真,年,月,日,時,分,縣市,區,死亡數量,受傷數量,2-30,天候,道路照明設備,道路類別,道路速限,道路型態,事故位置,路面鋪裝,路面狀態,路面缺陷,障礙物,視距,號誌種類,號誌動作,分向設施,快車道或一般車道間,快慢車道間,路面邊線,事故類型及型態,受傷程度,主要傷處,保護裝備,行動電話或功能裝置,當事者區分(類別),車輛用途,當事者行動狀態,駕照狀態,駕照種類,飲酒情形,車輛撞擊部位最初,車輛撞擊部位其他,肇事因素個別,肇事因素主要,肇事逃逸,職業,共享經濟或外送平台,GPS座標X,GPS座標Y,事故類別
6391,66000,387130000C,(04)23274275,(04)23288582,2025,7,17,21,10,臺中市,烏日區,0,0,0,7,,,50,,,,,,,,,,,,,,12,,,,,B03,,,1,,9,,,59,59,2,13,4,120.634516,24.106663,3
6392,66000,387130000C,(04)23274275,(04)23288582,2025,7,17,21,26,臺中市,南區,0,1,0,6,1,6,50,13,9,1,5,4,6,6,4,4,5,5,5,2,18,2,9,1,1,C03,7,9,1,10,2,14,,84,84,1,12,4,120.66209,24.122713,2
6393,66000,387130000C,(04)23274275,(04)23288582,2025,7,17,21,27,臺中市,烏日區,0,0,0,7,1,3,40,13,7,1,5,4,6,6,4,4,1,4,1,1,13,3,10,3,1,B03,7,9,1,8,2,1,,84,84,1,6,4,120.615197,24.118474,3
6394,66000,387130000C,(04)23274275,(04)23288582,2025,7,17,21,36,臺中市,沙鹿區,0,0,0,7,,,50,,,,,,,,,,,,,,,,,,,B03,,,1,,1,,,49,49,1,12,4,120.562079,24.245278,3
6395,66000,387130000C,(04)23274275,(04)23288582,2025,7,17,21,41,臺中市,南區,0,1,0,7,1,6,50,4,9,1,5,4,6,6,2,1,5,5,5,2,15,2,9,5,4,C03,7,9,1,10,2,11,,21,21,1,6,4,120.684248,24.12637,2
6396,66000,387130000C,(04)23274275,(04)23288582,2025,7,17,21,54,臺中市,北區,0,1,0,6,1,6,50,4,2,1,5,4,6,6,1,1,5,4,5,2,17,3,10,3,1,B03,7,5,1,8,2,2,,47,47,1,12,4,120.690218,24.156176,2
6397,66000,387130000C,(04)23274275,(04)23288582,2025,7,17,22,2,臺中市,北區,0,0,0,7,1,6,50,13,24,1,5,4,6,6,4,4,5,4,5,2,17,3,10,6,5,C03,7,13,7,21,10,15,11,87,87,1,12,5,120.672469,24.166867,3
6398,66000,387130000C,(04)23274275,(04)23288582,2025,7,17,22,8,臺中市,清水區,0,1,0,7,1,6,50,5,2,1,5,4,6,6,1,1,8,4,4,1,17,3,10,3,1,B03,7,6,1,8,2,2,,48,48,1,12,4,120.556773,24.266315,2
6399,66000,387130000C,(04)23274275,(04)23288582,2025,7,17,22,10,臺中市,南屯區,0,0,0,7,,,50,,,,,,,,,,,,,,16,,,,,C03,,,1,,1,,,59,59,1,13,4,120.63317,24.12419,3
6400,66000,387130000C,(04)23274275,(04)23288582,2025,7,17,22,13,臺中市,太平區,0,2,0,6,1,6,40,13,9,1,5,4,6,6,4,4,9,4,5,1,2,2,9,1,1,C03,7,9,1,10,2,11,,7,7,1,12,4,120.714161,24.110165,2
6401,66000,387130000C,(04)23274275,(04)23288582,2025,7,17,22,14,臺中市,太平區,0,3,0,5,1,6,50,3,1,1,4,4,6,6,2,1,10,5,5,2,16,2,8,1,1,C03,7,6,1,10,2,12,,20,20,1,12,4,120.719088,24.124885,2
6402,66000,387130000C,(04)23274275,(04)23288582,2025,7,17,22,28,臺中市,南區,0,1,0,7,1,6,50,5,7,1,5,4,6,6,2,1,10,5,5,2,13,2,9,1,1,C03,7,9,1,10,2,11,,84,84,1,12,4,120.655801,24.134622,2
6403,66000,387130000C,(04)23274275,(04)23288582,2025,7,17,22,40,臺中市,太平區,0,1,0,5,1,6,50,5,1,1,4,4,6,6,1,1,10,5,5,2,16,3,10,3,1,B03,7,6,1,8,2,6,,11,11,1,12,4,120.721146,24.133507,2
6404,66000,387130000C,(04)23274275,(04)23288582,2025,7,17,22,51,臺中市,大里區,0,1,0,5,1,6,50,13,9,1,4,4,6,6,4,4,5,5,5,1,13,2,8,1,1,C03,7,9,1,10,2,11,,7,7,1,12,4,120.693142,24.090627,2
6405,66000,387130000C,(04)23274275,(04)23288582,2025,7,17,23,0,臺中市,北屯區,0,1,0,5,1,6,50,4,1,1,4,4,6,6,1,1,10,5,5,2,15,2,9,2,1,C03,7,9,1,10,2,12,,21,21,1,12,4,120.696212,24.162322,2
6406,66000,387130000C,(04)23274275,(04)23288582,2025,7,17,23,20,臺中市,豐原區,0,1,0,5,1,6,50,4,1,1,4,4,6,6,2,1,5,4,4,2,16,3,10,3,1,B03,7,6,1,8,2,8,,48,48,1,12,4,120.714245,24.251105,2
6407,66000,387130000C,(04)23274275,(04)23288582,2025,7,17,23,22,臺中市,北屯區,0,1,0,5,1,6,50,4,1,1,4,4,6,6,2,1,10,5,5,2,16,3,10,3,1,B03,7,6,5,8,2,8,,11,11,1,6,4,120.685494,24.173358,2
6408,66000,387130000C,(04)23274275,(04)23288582,2025,7,17,23,25,臺中市,南屯區,0,2,0,5,1,6,40,3,1,1,4,4,6,6,4,4,1,5,1,2,16,2,9,2,4,C03,7,9,1,10,2,12,14,84,84,1,13,4,120.613578,24.14931,2
6409,66000,387130000C,(04)23274275,(04)23288582,2025,7,17,23,52,臺中市,西屯區,0,1,0,7,1,6,50,3,1,1,5,4,6,6,3,1,10,5,5,2,17,3,10,5,4,B03,7,14,1,8,9,1,,59,59,1,12,4,120.652321,24.206362,2
6410,66000,387130000C,(04)23274275,(04)23288582,2025,7,18,0,0,臺中市,烏日區,0,1,0,5,1,6,50,4,1,1,4,4,6,6,2,1,10,5,5,2,18,2,9,5,4,C03,7,5,1,10,2,12,,84,84,1,13,2,120.624841,24.10631,2
6411,66000,387130000C,(04)23274275,(04)23288582,2025,7,18,0,9,臺中市,北屯區,0,2,0,5,1,6,50,4,1,1,4,4,6,6,3,1,10,5,5,2,16,2,9,5,4,C03,7,5,1,10,2,13,,47,47,1,12,4,120.69401,24.16654,2
6412,66000,387130000C,(04)23274275,(04)23288582,2025,7,18,0,9,臺中市,西屯區,0,0,0,5,,,30,,,,,,,,,,,,,,12,,,,,B03,,,1,,2,,,8,8,1,12,4,120.646824,24.175699,3
6413,66000,387130000C,(04)23274275,(04)23288582,2025,7,18,0,13,臺中市,豐原區,0,1,0,7,1,6,50,13,9,1,5,4,6,6,4,4,1,4,5,2,12,2,9,1,1,C03,7,7,1,10,2,12,,40,40,1,12,4,120.707218,24.250267,2
6414,66000,387130000C,(04)23274275,(04)23288582,2025,7,18,0,28,臺中市,大里區,0,1,0,5,1,6,50,3,1,1,4,4,6,6,1,1,10,5,5,2,17,3,10,3,1,B03,7,6,1,8,2,8,,11,11,1,12,4,120.679554,24.095486,2
6415,66000,387130000C,(04)23274275,(04)23288582,2025,7,18,0,30,臺中市,大安區,0,0,0,7,,,30,,,,,,,,,,,,,,,,,,,B03,,,1,,2,,,59,59,1,6,4,120.588035,24.344417,3
6416,66000,387130000C,(04)23274275,(04)23288582,2025,7,18,0,44,臺中市,潭子區,0,0,0,6,,,60,,,,,,,,,,,,,,,,,,,C03,,,1,,1,,,59,59,1,12,4,120.709831,24.236045,4
6417,66000,387130000C,(04)23274275,(04)23288582,2025,7,18,1,12,臺中市,北區,0,0,0,7,1,6,50,13,8,1,5,4,6,6,4,4,1,4,4,2,17,3,10,3,1,B03,7,7,1,8,2,5,,84,84,1,12,4,120.694479,24.158949,3
6418,66000,387130000C,(04)23274275,(04)23288582,2025,7,18,1,45,臺中市,大里區,0,0,0,7,,,50,,,,,,,,,,,,,,17,,,,,B03,,,1,,1,,,8,8,1,12,4,120.706157,24.105345,3
6419,66000,387130000C,(04)23274275,(04)23288582,2025,7,18,1,45,臺中市,清水區,0,0,0,7,,,50,,,,,,,,,,,,,,,,,,,A12,,,1,,2,,,93,93,1,12,4,120.539141,24.26611,3
6420,66000,387130000C,(04)23274275,(04)23288582,2025,7,18,2,22,臺中市,西屯區,0,1,0,7,1,6,50,13,9,1,5,4,6,6,4,4,5,5,4,2,30,2,9,5,4,C03,7,9,1,10,1,12,,84,84,1,13,4,120.652046,24.16337,2
6421,66000,387130000C,(04)23274275,(04)23288582,2025,7,18,3,10,臺中市,大里區,0,1,0,7,1,6,50,4,1,1,5,4,6,6,1,1,10,5,5,2,17,2,9,1,1,C03,7,9,1,10,2,11,,21,21,1,12,4,120.680967,24.105844,2
6422,66000,387130000C,(04)23274275,(04)23288582,2025,7,18,4,24,臺中市,西區,0,0,0,5,,,50,,,,,,,,,,,,,,,,,,,B03,,,1,,2,,,8,8,1,12,4,120.660411,24.145068,3
6423,66000,387130000C,(04)23274275,(04)23288582,2025,7,18,4,24,臺中市,南屯區,0,1,0,5,1,6,50,4,2,1,4,4,6,6,2,1,4,3,4,2,18,2,9,2,4,C03,7,9,1,10,2,12,,84,84,1,13,4,120.648533,24.133414,2
6424,66000,387130000C,(04)23274275,(04)23288582,2025,7,18,4,32,臺中市,梧棲區,0,0,0,5,,,50,,,,,,,,,,,,,,27,,,,,A02,,,1,,2,,,59,59,1,12,4,120.539766,24.262623,3
6425,66000,387130000C,(04)23274275,(04)23288582,2025,7,18,4,46,臺中市,沙鹿區,0,3,0,5,1,6,60,13,7,1,4,4,6,6,4,4,1,4,3,1,13,2,9,3,1,B03,7,9,5,19,9,1,,7,7,2,6,4,120.573985,24.230914,2
6426,66000,387130000C,(04)23274275,(04)23288582,2025,7,18,5,22,臺中市,太平區,0,0,0,7,,,30,,,,,,,,,,,,,,17,,,,,A04,,,1,,1,,,49,49,1,6,4,120.708566,24.112481,3
6427,66000,387130000C,(04)23274275,(04)23288582,2025,7,18,5,26,臺中市,大雅區,0,2,0,6,2,6,50,3,1,1,4,4,6,6,3,1,10,4,5,1,17,2,9,1,1,C03,7,1,3,19,2,11,,12,12,1,12,4,120.64433,24.205515,2
6428,66000,387130000C,(04)23274275,(04)23288582,2025,7,18,5,41,臺中市,太平區,0,1,0,6,2,6,50,4,1,1,5,4,6,6,1,1,10,5,5,2,17,3,10,3,1,B02,7,6,1,8,2,6,,11,11,1,12,4,120.710018,24.134921,2
6429,66000,387130000C,(04)23274275,(04)23288582,2025,7,18,5,53,臺中市,東區,0,0,0,7,,,50,,,,,,,,,,,,,,13,,,,,B12,,,1,,1,,,82,82,1,12,4,120.698887,24.132977,3
6430,66000,387130000C,(04)23274275,(04)23288582,2025,7,18,6,19,臺中市,東區,0,1,0,5,2,6,50,13,9,1,3,4,6,6,4,4,5,4,5,2,18,2,9,2,1,C03,7,9,1,10,2,12,,84,84,1,6,4,120.684993,24.12918,2
6431,66000,387130000C,(04)23274275,(04)23288582,2025,7,18,6,27,臺中市,南區,0,1,0,7,2,6,50,4,1,1,5,4,6,6,2,1,10,5,5,2,16,3,10,3,1,B03,7,5,1,8,2,5,,11,11,1,12,4,120.679264,24.119223,2
6432,66000,387130000C,(04)23274275,(04)23288582,2025,7,18,6,27,臺中市,太平區,0,1,0,6,3,6,50,13,9,1,5,4,6,6,4,4,5,4,4,2,17,2,9,1,1,F03,7,6,7,21,2,14,,48,48,1,12,4,120.705776,24.148569,2
6433,66000,387130000C,(04)23274275,(04)23288582,2025,7,18,6,46,臺中市,西區,0,1,0,5,2,6,50,4,1,1,4,4,6,6,2,1,1,4,4,1,16,3,10,3,1,B03,7,6,1,8,2,1,,25,25,1,13,4,120.665768,24.13927,2
6434,66000,387130000C,(04)23274275,(04)23288582,2025,7,18,6,50,臺中市,龍井區,0,0,0,6,,,50,,,,,,,,,,,,,,,,,,,B03,,,1,,1,,,49,49,1,12,4,120.545733,24.189522,3
6435,66000,387130000C,(04)23274275,(04)23288582,2025,7,18,6,56,臺中市,西區,0,1,0,5,1,6,50,13,9,1,4,4,6,6,4,4,5,4,4,1,18,2,9,5,4,C03,7,9,1,10,2,12,,84,84,1,12,4,120.664533,24.132187,2
6436,66000,387130000C,(04)23274275,(04)23288582,2025,7,18,6,57,臺中市,西屯區,0,1,0,7,2,6,30,3,1,1,4,4,1,6,2,1,5,4,4,2,20,2,9,2,4,C03,7,5,1,10,2,14,,82,82,1,13,4,120.613216,24.171574,2
6437,66000,387130000C,(04)23274275,(04)23288582,2025,7,18,6,59,臺中市,后里區,0,0,0,6,2,6,30,13,9,1,5,4,6,6,4,4,10,5,5,2,14,3,10,3,1,A12,7,2,1,8,2,3,,49,49,1,12,4,120.694235,24.302951,3
6438,66000,387130000C,(04)23274275,(04)23288582,2025,7,18,6,59,臺中市,大甲區,0,2,0,7,1,6,50,4,1,1,5,4,6,6,1,1,5,5,4,1,16,2,9,1,1,C03,7,6,1,10,2,12,,11,11,1,12,4,120.626538,24.344554,2
6439,66000,387130000C,(04)23274275,(04)23288582,2025,7,18,7,1,臺中市,南屯區,0,1,0,5,2,6,50,4,2,1,4,4,6,6,2,1,1,4,5,2,18,2,9,2,1,C03,7,5,1,10,2,12,,59,59,1,12,4,120.618693,24.145268,2
6440,66000,387130000C,(04)23274275,(04)23288582,2025,7,18,7,1,臺中市,西屯區,0,2,0,7,2,6,40,13,8,1,5,4,6,6,4,4,1,4,1,2,16,2,9,1,1,C03,7,9,5,19,2,15,,7,7,1,12,4,120.641952,24.202381,2
6441,66000,387130000C,(04)23274275,(04)23288582,2025,7,18,7,5,臺中市,烏日區,0,2,0,7,2,6,40,13,8,1,5,4,6,6,4,4,5,4,4,1,12,2,9,4,1,F01,7,8,7,21,2,13,,40,40,1,6,4,120.62101,24.106392,2
6442,66000,387130000C,(04)23274275,(04)23288582,2025,7,18,7,8,臺中市,豐原區,0,0,0,7,,,30,,,,,,,,,,,,,,11,,,,,B12,,,1,,2,,,41,41,1,12,4,120.748396,24.252645,3
6443,66000,387130000C,(04)23274275,(04)23288582,2025,7,18,7,19,臺中市,石岡區,0,0,0,7,,,50,,,,,,,,,,,,,,,,,,,B03,,,1,,2,,,56,56,1,12,4,120.77319,24.272976,3
6444,66000,387130000C,(04)23274275,(04)23288582,2025,7,18,7,20,臺中市,沙鹿區,0,0,0,7,,,50,,,,,,,,,,,,,,,,,,,B03,,,1,,2,,,7,7,1,13,4,120.569106,24.209538,3
6445,66000,387130000C,(04)23274275,(04)23288582,2025,7,18,7,24,臺中市,大肚區,0,0,0,7,,,30,,,,,,,,,,,,,,30,,,,,B03,,,1,,2,,,8,8,1,12,4,120.5771,24.174986,3
6446,66000,387130000C,(04)23274275,(04)23288582,2025,7,18,7,25,臺中市,北區,0,2,0,7,2,6,50,13,9,1,5,4,6,6,4,4,5,4,5,2,17,2,9,5,1,C03,7,9,1,10,2,11,,84,84,1,13,4,120.693546,24.155611,2
6447,66000,387130000C,(04)23274275,(04)23288582,2025,7,18,7,25,臺中市,南屯區,0,0,0,7,,,50,,,,,,,,,,,,,,,,,,,A12,,,1,,9,,,84,84,1,12,4,120.639088,24.123415,3
6448,66000,387130000C,(04)23274275,(04)23288582,2025,7,18,7,27,臺中市,西屯區,0,1,0,7,2,6,50,3,2,1,5,4,6,6,1,1,10,5,5,2,13,3,10,5,4,C03,7,9,1,10,2,12,,7,7,1,12,4,120.651514,24.198207,2
6449,66000,387130000C,(04)23274275,(04)23288582,2025,7,18,7,28,臺中市,西屯區,0,1,0,7,2,6,40,3,4,1,5,4,6,6,2,1,5,5,5,2,13,2,7,1,1,C03,7,8,1,10,2,13,,40,40,1,13,4,120.640716,24.176188,2
6450,66000,387130000C,(04)23274275,(04)23288582,2025,7,18,7,29,臺中市,西區,0,1,0,7,2,6,50,4,2,1,4,4,6,6,1,1,9,4,5,2,17,2,9,1,1,C03,7,12,1,10,2,11,,84,84,1,12,4,120.674994,24.138036,2
6451,66000,387130000C,(04)23274275,(04)23288582,2025,7,18,7,30,臺中市,西屯區,0,1,0,7,2,6,50,4,1,1,4,4,6,6,1,1,5,4,5,2,17,2,9,5,4,C03,7,9,1,10,2,12,,59,59,1,12,4,120.637979,24.180788,2
6452,66000,387130000C,(04)23274275,(04)23288582,2025,7,18,7,30,臺中市,大安區,0,0,0,7,,,30,,,,,,,,,,,,,,,,,,,B03,,,1,,2,,,14,14,1,6,4,120.593901,24.345403,3
6453,66000,387130000C,(04)23274275,(04)23288582,2025,7,18,7,36,臺中市,北屯區,0,0,0,7,,,50,,,,,,,,,,,,,,35,,,,,B03,,,1,,10,,,87,87,1,13,4,120.690013,24.195134,3
6454,66000,387130000C,(04)23274275,(04)23288582,2025,7,18,7,37,臺中市,南屯區,0,0,0,6,,,50,,,,,,,,,,,,,,13,,,,,B03,,,1,,2,,,59,59,1,12,4,120.646052,24.146767,3
6455,66000,387130000C,(04)23274275,(04)23288582,2025,7,18,7,38,臺中市,外埔區,0,0,0,7,2,6,30,4,1,1,5,4,6,6,4,4,5,4,5,1,16,,,,,C03,,,5,,9,,,12,12,2,6,4,120.652086,24.330594,3
6456,66000,387130000C,(04)23274275,(04)23288582,2025,7,18,7,39,臺中市,南區,0,0,0,7,,,50,,,,,,,,,,,,,,12,,,,,B03,,,1,,1,,,8,8,1,11,4,120.67008,24.11414,3
6457,66000,387130000C,(04)23274275,(04)23288582,2025,7,18,7,42,臺中市,南屯區,0,0,0,7,,,50,,,,,,,,,,,,,,,,,,,B03,,,1,,1,,,59,59,1,6,4,120.613303,24.140506,3
6458,66000,387130000C,(04)23274275,(04)23288582,2025,7,18,7,46,臺中市,西屯區,0,1,0,7,2,6,50,3,1,1,5,4,6,6,1,3,1,4,5,2,12,3,10,5,4,B03,7,7,1,8,2,2,,40,40,1,13,4,120.62847,24.16151,2
6459,66000,387130000C,(04)23274275,(04)23288582,2025,7,18,7,47,臺中市,沙鹿區,0,1,0,7,2,6,50,3,2,1,4,4,6,6,4,4,5,4,4,2,14,3,10,3,1,B03,7,2,1,8,2,6,,49,49,1,6,4,120.572475,24.258315,2
6460,66000,387130000C,(04)23274275,(04)23288582,2025,7,18,7,48,臺中市,大里區,0,1,0,7,2,6,30,4,1,1,5,4,6,6,4,4,10,5,5,2,15,2,9,1,1,F03,7,9,7,21,2,12,,20,20,1,13,4,120.7063,24.08341,2
6461,66000,387130000C,(04)23274275,(04)23288582,2025,7,18,7,50,臺中市,北區,0,1,0,7,2,6,50,4,2,1,5,4,6,6,2,1,10,5,5,2,17,3,10,2,1,C03,7,9,1,10,2,11,,21,21,1,13,4,120.703821,24.159614,2
6462,66000,387130000C,(04)23274275,(04)23288582,2025,7,18,7,50,臺中市,北屯區,0,3,0,7,2,6,50,4,1,1,5,4,6,6,1,1,10,5,5,2,17,2,9,5,4,C03,7,9,1,10,2,14,,39,39,1,13,4,120.685498,24.172177,2
6463,66000,387130000C,(04)23274275,(04)23288582,2025,7,18,7,50,臺中市,大里區,0,1,0,7,3,6,40,13,8,2,4,2,6,6,4,4,1,5,1,1,30,2,9,1,1,C03,7,9,1,10,2,12,,84,84,1,12,4,120.666997,24.083456,2
6464,66000,387130000C,(04)23274275,(04)23288582,2025,7,18,7,50,臺中市,沙鹿區,0,2,0,7,3,6,40,13,8,1,5,4,6,6,4,4,1,4,3,1,17,2,8,1,1,C03,7,9,1,10,2,14,,85,85,2,6,4,120.581306,24.20833,2
6465,66000,387130000C,(04)23274275,(04)23288582,2025,7,18,7,53,臺中市,大雅區,0,1,0,6,3,6,0,13,9,1,5,4,6,6,4,4,10,5,5,1,17,3,10,3,1,B03,7,1,1,8,2,1,,51,51,1,12,4,120.629244,24.2293,2
6466,66000,387130000C,(04)23274275,(04)23288582,2025,7,18,7,53,臺中市,西屯區,0,0,0,7,,,50,,,,,,,,,,,,,,17,,,,,B03,,,1,,6,,,53,53,1,12,4,120.59745,24.191535,3
6467,66000,387130000C,(04)23274275,(04)23288582,2025,7,18,7,53,臺中市,太平區,0,2,0,7,3,6,30,11,9,1,5,4,6,6,4,4,10,5,5,2,10,2,9,1,1,C03,7,9,1,10,2,11,,41,41,1,13,4,120.722536,24.114939,2
6468,66000,387130000C,(04)23274275,(04)23288582,2025,7,18,7,54,臺中市,大里區,0,1,0,7,3,6,30,4,1,1,5,4,6,6,4,4,10,5,5,2,15,2,8,1,1,C03,7,9,1,10,2,12,,15,15,1,12,4,120.700487,24.091034,2
6469,66000,387130000C,(04)23274275,(04)23288582,2025,7,18,7,55,臺中市,北屯區,0,2,0,7,2,6,50,4,1,1,5,4,6,6,1,1,10,5,5,2,12,2,9,5,4,C03,7,4,1,10,2,14,,7,7,1,12,4,120.704454,24.164862,2
6470,66000,387130000C,(04)23274275,(04)23288582,2025,7,18,7,55,臺中市,西屯區,0,1,0,7,2,6,40,4,1,1,5,4,6,6,2,1,5,4,4,2,16,3,10,5,4,C03,7,5,1,10,1,12,,11,11,1,12,4,120.635842,24.169454,2
6471,66000,387130000C,(04)23274275,(04)23288582,2025,7,18,7,56,臺中市,大里區,0,1,0,7,2,6,50,4,4,1,5,4,6,6,1,1,5,2,5,2,12,4,11,1,1,C03,7,9,1,10,2,11,,84,84,1,12,4,120.696633,24.111166,2
6472,66000,387130000C,(04)23274275,(04)23288582,2025,7,18,7,59,臺中市,北屯區,0,0,0,7,,,50,,,,,,,,,,,,,,13,,,,,C03,,,1,,1,,,87,87,1,12,4,120.685564,24.172158,3
6473,66000,387130000C,(04)23274275,(04)23288582,2025,7,18,8,0,臺中市,梧棲區,0,1,0,7,3,6,50,13,9,1,5,4,6,6,4,4,9,5,5,1,16,3,10,3,1,B12,7,9,1,8,2,2,,6,6,1,6,4,120.531732,24.254898,2
6474,66000,387130000C,(04)23274275,(04)23288582,2025,7,18,8,1,臺中市,北區,0,1,0,7,2,6,50,13,9,1,5,4,6,6,4,4,5,5,5,2,17,3,10,1,1,C03,7,1,3,19,2,13,,51,51,1,12,4,120.682473,24.161655,2
6475,66000,387130000C,(04)23274275,(04)23288582,2025,7,18,8,1,臺中市,霧峰區,0,1,0,7,2,6,30,13,9,1,5,4,6,6,4,4,10,5,5,1,11,3,10,3,1,B03,7,9,1,8,9,4,,8,8,2,6,4,120.675461,24.07293,2
6476,66000,387130000C,(04)23274275,(04)23288582,2025,7,18,8,1,臺中市,大里區,0,0,0,7,3,6,50,13,9,1,5,4,6,6,4,4,1,4,5,1,13,,,,,C03,,,1,,2,,,84,84,1,12,4,120.686075,24.095531,3
6477,66000,387130000C,(04)23274275,(04)23288582,2025,7,18,8,4,臺中市,南屯區,0,0,0,7,,,50,,,,,,,,,,,,,,13,,,,,B03,,,1,,1,,,42,42,1,12,4,120.647597,24.124399,3
6478,66000,387130000C,(04)23274275,(04)23288582,2025,7,18,8,5,臺中市,南屯區,0,1,0,7,2,6,50,4,2,1,5,4,6,6,4,4,10,5,5,2,13,2,9,2,1,C03,7,9,1,10,2,11,,7,7,1,12,4,120.622269,24.14031,2
6479,66000,387130000C,(04)23274275,(04)23288582,2025,7,18,8,5,臺中市,西屯區,0,1,0,7,2,6,50,4,3,1,5,4,6,6,1,1,10,5,5,2,17,3,10,5,4,C03,7,15,3,19,2,11,,84,84,1,12,4,120.648294,24.167899,2
6480,66000,387130000C,(04)23274275,(04)23288582,2025,7,18,8,8,臺中市,大里區,0,1,0,7,2,6,50,4,1,1,5,4,6,6,1,1,5,4,4,1,15,3,10,2,1,C03,7,9,3,19,2,16,,21,21,1,13,4,120.689128,24.086793,2
6481,66000,387130000C,(04)23274275,(04)23288582,2025,7,18,8,9,臺中市,北屯區,0,0,0,7,,,50,,,,,,,,,,,,,,12,,,,,B03,,,1,,2,,,84,84,1,12,4,120.719552,24.17239,3
6482,66000,387130000C,(04)23274275,(04)23288582,2025,7,18,8,11,臺中市,豐原區,0,0,0,7,2,6,50,13,7,1,5,4,6,6,4,4,5,5,4,2,14,3,10,3,1,B03,7,2,1,8,2,3,,49,49,1,12,4,120.705649,24.252899,3
6483,66000,387130000C,(04)23274275,(04)23288582,2025,7,18,8,15,臺中市,北區,0,1,0,7,2,6,50,4,2,1,5,4,6,6,1,1,5,4,4,2,17,2,9,5,1,C03,7,9,1,10,2,11,,7,7,1,13,4,120.677191,24.154084,2
6484,66000,387130000C,(04)23274275,(04)23288582,2025,7,18,8,15,臺中市,大里區,0,0,0,7,,,50,,,,,,,,,,,,,,,,,,,C03,,,1,,2,,,84,84,1,12,4,120.690233,24.121102,3
6485,66000,387130000C,(04)23274275,(04)23288582,2025,7,18,8,16,臺中市,西屯區,0,1,0,7,2,6,50,13,8,1,5,4,6,6,4,4,1,5,5,2,16,3,10,5,4,B03,7,5,1,8,2,2,,47,47,1,13,4,120.640992,24.159563,2
6486,66000,387130000C,(04)23274275,(04)23288582,2025,7,18,8,19,臺中市,大雅區,0,0,0,7,,,60,,,,,,,,,,,,,,,,,,,B03,,,1,,1,,,59,59,1,13,4,120.649367,24.215993,3
6487,66000,387130000C,(04)23274275,(04)23288582,2025,7,18,8,19,臺中市,北屯區,0,1,0,7,2,6,50,4,4,1,5,4,6,6,2,1,4,3,5,2,13,3,10,3,1,B03,7,1,1,8,2,1,,84,84,1,12,4,120.728453,24.171506,2
6488,66000,387130000C,(04)23274275,(04)23288582,2025,7,18,8,20,臺中市,南屯區,0,1,0,7,2,6,50,3,1,1,5,4,6,6,4,4,4,5,5,2,17,2,9,1,1,C03,7,9,1,10,2,16,,6,6,1,6,4,120.595416,24.140126,2
6489,66000,387130000C,(04)23274275,(04)23288582,2025,7,18,8,22,臺中市,南區,0,0,0,7,,,50,,,,,,,,,,,,,,17,,,,,B03,,,1,,1,,,84,84,1,12,4,120.670047,24.126452,3
6490,66000,387130000C,(04)23274275,(04)23288582,2025,7,18,8,22,臺中市,清水區,0,0,0,7,2,6,50,4,1,1,5,4,6,6,1,1,8,3,5,1,12,,,,,C03,,,1,,1,,,11,11,1,12,4,120.601969,24.304444,3
6491,66000,387130000C,(04)23274275,(04)23288582,2025,7,18,8,23,臺中市,北屯區,0,0,0,7,,,50,,,,,,,,,,,,,,12,,,,,B03,,,1,,1,,,40,40,1,12,4,120.736695,24.178405,3
6492,66000,387130000C,(04)23274275,(04)23288582,2025,7,18,8,24,臺中市,南區,0,1,0,7,3,6,40,13,24,1,5,4,6,6,4,4,9,5,4,2,12,2,9,5,4,C03,7,15,1,10,2,14,,84,84,1,12,4,120.660664,24.132701,2
6493,66000,387130000C,(04)23274275,(04)23288582,2025,7,18,8,25,臺中市,北屯區,0,0,0,7,,,50,,,,,,,,,,,,,,13,,,,,C03,,,1,,2,,,7,7,1,13,4,120.697745,24.170349,3
6494,66000,387130000C,(04)23274275,(04)23288582,2025,7,18,8,25,臺中市,西屯區,0,1,0,7,2,6,50,13,9,1,5,4,6,6,4,4,5,5,5,2,11,2,8,2,1,C03,7,5,1,10,2,11,,84,84,1,12,4,120.636054,24.165429,2
6495,66000,387130000C,(04)23274275,(04)23288582,2025,7,18,8,25,臺中市,大里區,0,1,0,7,2,6,50,13,7,1,5,4,6,6,4,4,9,5,4,1,17,3,10,3,1,B03,7,11,1,8,2,4,,45,45,1,6,4,120.673029,24.09759,2
6496,66000,387130000C,(04)23274275,(04)23288582,2025,7,18,8,26,臺中市,西區,0,1,0,7,2,6,50,13,9,1,5,4,6,6,4,4,5,5,4,2,12,2,9,1,1,C03,7,7,1,10,2,12,,40,40,1,13,4,120.673552,24.133067,2
6497,66000,387130000C,(04)23274275,(04)23288582,2025,7,18,8,26,臺中市,大里區,0,0,0,7,,,50,,,,,,,,,,,,,,,,,,,C03,,,3,,2,,,84,84,1,12,4,120.692071,24.101727,3
6498,66000,387130000C,(04)23274275,(04)23288582,2025,7,18,8,27,臺中市,大里區,0,0,0,7,,,50,,,,,,,,,,,,,,,,,,,A41,,,1,,2,,,84,84,1,12,4,120.692001,24.100583,3
6499,66000,387130000C,(04)23274275,(04)23288582,2025,7,18,8,29,臺中市,潭子區,0,0,0,7,,,30,,,,,,,,,,,,,,14,,,,,B03,,,1,,1,,,49,49,1,13,4,120.701515,24.195225,3