序號,縣市別代碼,機關代碼,市話,傳真,年,月,日,時,分,縣市,區,死亡數量,受傷數量,2-30,天候,道路照明設備,道路類別,道路速限,道路型態,事故位置,路面鋪裝,路面狀態,路面缺陷,障礙物,視距,號誌種類,號誌動作,分向設施,快車道或一般車道間,快慢車道間,路面邊線,事故類型及型態,受傷程度,主要傷處,保護裝備,行動電話或功能裝置,當事者區分(類別),車輛用途,當事者行動狀態,駕照狀態,駕照種類,飲酒情形,車輛撞擊部位最初,車輛撞擊部位其他,肇事因素個別,肇事因素主要,肇事逃逸,職業,共享經濟或外送平台,GPS座標X,GPS座標Y,事故類別
6500,66000,387130000C,(04)23274275,(04)23288582,2025,7,18,8,31,臺中市,北區,0,1,0,7,3,6,50,13,9,1,5,4,6,6,4,4,8,3,5,1,12,3,10,3,1,B12,7,1,1,8,2,1,,51,51,1,13,4,120.678677,24.169416,2
6501,66000,387130000C,(04)23274275,(04)23288582,2025,7,18,8,32,臺中市,潭子區,0,1,0,7,2,6,60,3,1,1,5,4,6,6,1,1,10,4,5,1,13,3,10,3,1,B03,7,9,1,8,2,1,,7,7,1,12,4,120.703469,24.201676,2
6502,66000,387130000C,(04)23274275,(04)23288582,2025,7,18,8,35,臺中市,北屯區,0,0,0,7,,,50,,,,,,,,,,,,,,13,,,,,B03,,,1,,1,,,84,84,1,12,4,120.718878,24.163098,3
6503,66000,387130000C,(04)23274275,(04)23288582,2025,7,18,8,38,臺中市,中區,0,0,0,7,,,50,,,,,,,,,,,,,,13,,,,,C03,,,1,,1,,,7,7,1,12,4,120.680171,24.138295,3
6504,66000,387130000C,(04)23274275,(04)23288582,2025,7,18,8,44,臺中市,西屯區,0,1,0,7,2,6,50,5,1,1,5,4,6,6,2,1,10,5,5,2,13,2,7,2,4,C03,7,8,1,10,2,11,,7,7,1,13,4,120.652399,24.166577,2
6505,66000,387130000C,(04)23274275,(04)23288582,2025,7,18,8,50,臺中市,南屯區,0,0,0,7,,,50,,,,,,,,,,,,,,17,,,,,C03,,,1,,10,,,87,87,1,12,4,120.646441,24.141863,3
6506,66000,387130000C,(04)23274275,(04)23288582,2025,7,18,8,50,臺中市,北屯區,0,1,0,7,3,6,50,13,9,1,5,4,1,6,4,4,1,4,5,2,13,2,8,1,1,C03,7,9,1,10,2,14,,7,7,1,12,4,120.702097,24.164968,2
6507,66000,387130000C,(04)23274275,(04)23288582,2025,7,18,8,51,臺中市,沙鹿區,0,0,0,7,,,30,,,,,,,,,,,,,,,,,,,B03,,,1,,2,,,43,43,1,13,4,120.570598,24.252824,3
6508,66000,387130000C,(04)23274275,(04)23288582,2025,7,18,8,54,臺中市,后里區,0,2,0,7,2,6,50,4,1,1,5,4,6,6,1,1,1,4,4,1,16,2,9,1,1,C03,7,6,1,10,2,12,,36,36,1,12,4,120.721916,24.307866,2
6509,66000,387130000C,(04)23274275,(04)23288582,2025,7,18,8,57,臺中市,北區,0,2,0,7,2,6,50,4,1,1,5,4,6,6,1,1,5,4,5,2,13,2,8,1,1,C03,7,9,1,10,2,11,,7,7,1,12,4,120.676548,24.16324,2
6510,66000,387130000C,(04)23274275,(04)23288582,2025,7,18,9,0,臺中市,西區,0,0,0,7,,,50,,,,,,,,,,,,,,,,,,,C03,,,1,,10,,,87,87,1,6,4,120.657882,24.138083,3
6511,66000,387130000C,(04)23274275,(04)23288582,2025,7,18,9,0,臺中市,太平區,0,1,0,7,2,6,50,3,1,1,5,4,6,6,1,1,10,5,5,2,17,2,9,2,1,C03,7,9,1,10,2,14,,59,59,1,12,4,120.726696,24.134159,2
6512,66000,387130000C,(04)23274275,(04)23288582,2025,7,18,9,1,臺中市,大甲區,0,2,0,7,3,6,50,3,1,1,5,4,6,6,1,1,5,5,4,2,16,2,9,2,1,F03,7,6,7,21,2,12,,11,11,1,6,4,120.627685,24.347541,2
6513,66000,387130000C,(04)23274275,(04)23288582,2025,7,18,9,5,臺中市,大甲區,0,0,0,7,,,50,,,,,,,,,,,,,,,,,,,B03,,,1,,2,,,59,59,1,6,4,120.618872,24.34724,3
6514,66000,387130000C,(04)23274275,(04)23288582,2025,7,18,9,8,臺中市,北屯區,0,2,0,7,2,6,40,5,1,1,5,4,6,6,2,1,1,4,4,2,16,3,10,3,1,B03,7,5,1,8,2,2,,20,20,1,12,4,120.665638,24.182757,2
6515,66000,387130000C,(04)23274275,(04)23288582,2025,7,18,9,9,臺中市,大雅區,0,1,0,7,3,6,60,4,2,1,5,4,6,6,1,1,9,4,4,1,12,3,10,3,1,B03,7,11,1,8,2,6,,45,45,1,13,4,120.665407,24.234449,2
6516,66000,387130000C,(04)23274275,(04)23288582,2025,7,18,9,10,臺中市,西區,0,1,0,7,2,6,50,4,1,1,5,4,6,6,1,1,9,4,4,2,12,3,10,3,1,B03,7,5,1,8,2,5,,11,11,1,12,4,120.672721,24.1359,2
6517,66000,387130000C,(04)23274275,(04)23288582,2025,7,18,9,10,臺中市,西區,0,1,0,7,2,6,50,3,9,1,5,4,6,6,4,4,5,5,5,2,16,3,10,5,1,B03,7,6,1,8,2,8,,39,39,1,6,4,120.656925,24.150248,2
6518,66000,387130000C,(04)23274275,(04)23288582,2025,7,18,9,10,臺中市,東區,0,1,0,7,2,6,50,4,1,1,5,4,6,6,2,1,10,5,5,2,18,2,9,2,1,C03,7,9,1,11,2,11,12,84,84,1,12,4,120.700047,24.132342,2
6519,66000,387130000C,(04)23274275,(04)23288582,2025,7,18,9,11,臺中市,西屯區,0,2,0,7,2,6,50,13,9,1,5,4,6,6,4,4,5,5,5,2,11,2,8,5,4,C03,7,11,1,10,2,12,,34,34,1,12,4,120.666387,24.17509,2
6520,66000,387130000C,(04)23274275,(04)23288582,2025,7,18,9,18,臺中市,梧棲區,0,1,0,7,3,6,50,13,9,1,5,4,6,6,4,4,9,5,5,1,12,3,10,1,1,C03,7,9,1,10,2,14,,8,8,1,6,4,120.544465,24.259965,2
6521,66000,387130000C,(04)23274275,(04)23288582,2025,7,18,9,18,臺中市,大甲區,0,0,0,7,,,30,,,,,,,,,,,,,,,,,,,B03,,,1,,1,,,49,49,1,6,4,120.631002,24.351845,3
6522,66000,387130000C,(04)23274275,(04)23288582,2025,7,18,9,19,臺中市,北屯區,0,1,0,7,2,6,50,13,9,1,5,3,6,6,4,4,3,3,5,2,30,2,8,2,1,C03,7,9,1,10,2,12,,59,59,1,13,4,120.723397,24.18194,2
6523,66000,387130000C,(04)23274275,(04)23288582,2025,7,18,9,20,臺中市,西區,0,1,0,7,2,6,50,13,9,1,5,4,6,6,4,4,5,5,5,2,17,3,10,3,1,B03,7,1,1,8,2,4,,51,51,1,12,4,120.659047,24.144695,2
6524,66000,387130000C,(04)23274275,(04)23288582,2025,7,18,9,26,臺中市,霧峰區,0,0,0,7,,,70,,,,,,,,,,,,,,13,,,,,B12,,,1,,1,,,84,84,1,12,4,120.670057,24.043854,3
6525,66000,387130000C,(04)23274275,(04)23288582,2025,7,18,9,29,臺中市,西屯區,0,0,0,7,,,40,,,,,,,,,,,,,,13,,,,,C03,,,1,,1,,,7,7,1,12,4,120.660561,24.173174,3
6526,66000,387130000C,(04)23274275,(04)23288582,2025,7,18,9,29,臺中市,西屯區,0,0,0,7,,,50,,,,,,,,,,,,,,13,,,,,C03,,,1,,2,,,7,7,1,13,4,120.637283,24.173182,3
6527,66000,387130000C,(04)23274275,(04)23288582,2025,7,18,9,29,臺中市,西屯區,0,0,0,7,,,50,,,,,,,,,,,,,,17,,,,,B03,,,1,,2,,,8,8,1,12,4,120.668533,24.177983,3
6528,66000,387130000C,(04)23274275,(04)23288582,2025,7,18,9,30,臺中市,太平區,0,0,0,7,,,40,,,,,,,,,,,,,,14,,,,,B03,,,1,,2,,,49,49,1,6,4,120.713834,24.158994,3
6529,66000,387130000C,(04)23274275,(04)23288582,2025,7,18,9,30,臺中市,太平區,0,1,0,7,2,6,50,13,14,1,5,4,6,6,4,4,9,4,5,1,17,2,8,1,1,C03,7,3,1,10,2,16,,50,50,1,12,4,120.734125,24.143753,2
6530,66000,387130000C,(04)23274275,(04)23288582,2025,7,18,9,34,臺中市,龍井區,0,1,0,7,3,6,70,4,2,1,5,4,6,6,1,1,1,4,4,1,16,3,10,1,1,C03,7,5,1,10,2,11,,8,8,1,6,4,120.537444,24.19993,2
6531,66000,387130000C,(04)23274275,(04)23288582,2025,7,18,9,36,臺中市,西屯區,0,1,0,7,2,3,80,13,9,1,5,4,6,6,4,4,1,4,5,1,13,2,1,5,4,B03,7,9,1,8,2,1,,59,59,1,13,4,120.629433,24.164461,2
6532,66000,387130000C,(04)23274275,(04)23288582,2025,7,18,9,39,臺中市,中區,0,1,0,7,2,6,50,4,2,1,5,4,6,6,1,1,9,4,5,2,13,2,9,1,1,C03,7,12,1,10,2,11,,7,7,1,12,4,120.680994,24.14383,2
6533,66000,387130000C,(04)23274275,(04)23288582,2025,7,18,9,45,臺中市,北屯區,0,1,0,7,2,6,50,13,9,1,5,4,1,3,4,4,5,5,5,2,17,3,10,5,4,G03,7,15,1,7,2,17,,84,84,1,12,4,120.683221,24.193637,2
6534,66000,387130000C,(04)23274275,(04)23288582,2025,7,18,9,51,臺中市,西區,0,1,0,7,2,6,50,3,4,1,5,4,6,6,2,1,1,4,5,2,13,3,10,1,1,C03,7,9,1,10,2,11,,84,84,1,6,4,120.658977,24.155921,2
6535,66000,387130000C,(04)23274275,(04)23288582,2025,7,18,9,52,臺中市,南區,0,1,0,7,2,6,50,4,1,1,5,4,6,6,1,1,3,4,4,2,17,2,1,1,1,C03,7,9,1,10,2,11,,7,7,1,12,4,120.665425,24.123517,2
6536,66000,387130000C,(04)23274275,(04)23288582,2025,7,18,10,0,臺中市,東區,0,0,0,7,,,30,,,,,,,,,,,,,,14,,,,,B12,,,1,,1,,,49,49,1,12,4,120.697405,24.125907,3
6537,66000,387130000C,(04)23274275,(04)23288582,2025,7,18,10,0,臺中市,東區,0,2,0,7,2,6,40,4,1,1,5,4,6,6,1,1,5,5,4,2,16,2,9,2,1,F01,7,5,7,21,2,14,,22,22,1,13,4,120.700116,24.140067,2
6538,66000,387130000C,(04)23274275,(04)23288582,2025,7,18,10,0,臺中市,北屯區,0,0,0,7,,,50,,,,,,,,,,,,,,17,,,,,,,,,,,,,86,86,1,,,120.704922,24.180961,3
6539,66000,387130000C,(04)23274275,(04)23288582,2025,7,18,10,6,臺中市,東區,0,0,0,7,,,50,,,,,,,,,,,,,,12,,,,,A05,,,1,,2,,,84,84,1,12,4,120.703437,24.140592,3
6540,66000,387130000C,(04)23274275,(04)23288582,2025,7,18,10,8,臺中市,大里區,0,0,0,7,,,50,,,,,,,,,,,,,,,,,,,B03,,,1,,2,,,84,84,1,12,4,120.681359,24.105238,3
6541,66000,387130000C,(04)23274275,(04)23288582,2025,7,18,10,8,臺中市,大肚區,0,1,0,7,2,6,30,3,2,1,5,4,6,6,4,4,10,5,5,2,16,2,8,1,1,C03,7,6,1,10,2,11,,14,14,1,6,4,120.566774,24.123107,2
6542,66000,387130000C,(04)23274275,(04)23288582,2025,7,18,10,10,臺中市,北區,0,0,0,7,,,50,,,,,,,,,,,,,,11,,,,,B03,,,1,,1,,,14,14,1,13,4,120.681147,24.157517,3
6543,66000,387130000C,(04)23274275,(04)23288582,2025,7,18,10,14,臺中市,大甲區,0,0,0,7,,,50,,,,,,,,,,,,,,,,,,,B03,,,1,,9,,,50,50,1,6,4,120.625529,24.34926,3
6544,66000,387130000C,(04)23274275,(04)23288582,2025,7,18,10,17,臺中市,大甲區,0,1,0,7,3,6,50,11,9,1,5,4,6,6,1,1,4,5,5,1,13,2,9,2,1,C03,7,9,5,19,2,11,,7,7,1,6,4,120.627343,24.340201,2
6545,66000,387130000C,(04)23274275,(04)23288582,2025,7,18,10,18,臺中市,大里區,0,0,0,7,3,6,50,13,9,1,5,4,6,6,1,1,5,2,5,1,13,,,,,B03,,,1,,2,,,84,84,1,12,4,120.687612,24.099891,3
6546,66000,387130000C,(04)23274275,(04)23288582,2025,7,18,10,33,臺中市,南屯區,0,1,0,7,2,6,50,12,7,1,5,4,6,6,4,4,5,4,4,2,13,2,8,3,1,B12,7,9,1,8,2,1,,7,7,1,12,4,120.589572,24.141905,2
6547,66000,387130000C,(04)23274275,(04)23288582,2025,7,18,10,33,臺中市,豐原區,0,1,0,7,3,6,50,4,1,1,5,4,6,6,1,1,5,4,4,1,15,2,9,1,4,C03,7,9,1,10,2,11,,21,21,1,12,4,120.726743,24.255768,2
6548,66000,387130000C,(04)23274275,(04)23288582,2025,7,18,10,34,臺中市,北區,0,1,0,7,2,6,50,4,1,1,5,4,6,6,1,1,1,4,5,2,16,3,10,3,1,B03,7,5,1,8,2,2,,84,84,1,12,4,120.671505,24.173746,2
6549,66000,387130000C,(04)23274275,(04)23288582,2025,7,18,10,37,臺中市,太平區,0,4,0,7,3,6,80,13,7,1,5,4,6,6,4,4,1,3,5,1,13,3,10,3,1,B03,7,9,1,8,2,1,,84,84,1,6,4,120.714272,24.148696,2
6550,66000,387130000C,(04)23274275,(04)23288582,2025,7,18,10,51,臺中市,北區,0,1,0,7,2,6,50,5,2,1,5,4,6,6,2,1,10,5,5,2,13,2,9,2,1,C03,7,9,1,10,2,11,,7,7,1,13,4,120.685961,24.146584,2
6551,66000,387130000C,(04)23274275,(04)23288582,2025,7,18,10,55,臺中市,大雅區,0,0,0,7,,,70,,,,,,,,,,,,,,,,,,,B03,,,1,,1,,,7,7,1,13,4,120.62735,24.242305,3
6552,66000,387130000C,(04)23274275,(04)23288582,2025,7,18,11,0,臺中市,太平區,0,1,0,7,2,6,30,4,1,1,5,4,6,6,4,4,10,5,5,2,15,2,8,1,1,C03,7,9,1,10,2,11,12,12,12,1,12,4,120.723538,24.140415,2
6553,66000,387130000C,(04)23274275,(04)23288582,2025,7,18,11,2,臺中市,北屯區,0,2,0,7,2,6,50,4,4,1,4,4,6,6,2,1,3,2,4,2,13,2,9,2,1,C03,7,9,1,10,2,14,,7,7,1,12,4,120.719058,24.163147,2
6554,66000,387130000C,(04)23274275,(04)23288582,2025,7,18,11,7,臺中市,烏日區,0,0,0,7,2,6,50,4,2,1,5,4,6,6,1,1,1,4,1,2,12,3,10,3,1,A41,7,5,1,1,1,7,,8,8,1,6,4,120.612566,24.102893,3
6555,66000,387130000C,(04)23274275,(04)23288582,2025,7,18,11,8,臺中市,太平區,0,1,0,7,2,6,50,11,9,1,5,4,6,6,4,4,9,4,5,1,17,2,9,2,1,C03,7,1,3,19,2,14,,51,51,1,12,4,120.704092,24.114907,2
6556,66000,387130000C,(04)23274275,(04)23288582,2025,7,18,11,9,臺中市,西區,0,0,0,7,,,50,,,,,,,,,,,,,,,,,,,B03,,,1,,1,,,59,59,1,6,4,120.659981,24.157766,3
6557,66000,387130000C,(04)23274275,(04)23288582,2025,7,18,11,15,臺中市,大里區,0,0,0,7,,,50,,,,,,,,,,,,,,17,,,,,B03,,,1,,2,,,8,8,1,6,4,120.694632,24.086642,3
6558,66000,387130000C,(04)23274275,(04)23288582,2025,7,18,11,17,臺中市,中區,0,1,0,7,2,6,50,4,2,1,5,4,6,6,4,4,9,4,5,2,17,2,9,1,1,C03,7,6,1,10,2,12,,12,12,1,12,4,120.676761,24.14617,2
6559,66000,387130000C,(04)23274275,(04)23288582,2025,7,18,11,20,臺中市,豐原區,0,0,0,7,,,50,,,,,,,,,,,,,,17,,,,,B02,,,1,,2,,,7,7,1,12,4,120.728326,24.245553,3
6560,66000,387130000C,(04)23274275,(04)23288582,2025,7,18,11,25,臺中市,北區,0,2,0,7,2,6,50,4,2,1,5,4,6,6,2,1,10,5,5,2,13,2,9,2,1,C03,7,9,1,10,2,11,,7,7,1,13,4,120.674797,24.146824,2
6561,66000,387130000C,(04)23274275,(04)23288582,2025,7,18,11,25,臺中市,北屯區,0,1,0,7,2,6,50,13,9,1,5,4,6,6,4,4,1,4,5,2,17,3,10,3,1,B03,7,1,1,8,2,4,,51,51,1,12,4,120.73933,24.177415,2
6562,66000,387130000C,(04)23274275,(04)23288582,2025,7,18,11,25,臺中市,清水區,0,0,0,7,2,6,50,4,1,1,5,4,6,6,1,1,8,3,4,2,11,,,,,B12,,,6,,2,,,85,85,1,12,4,120.540888,24.265327,3
6563,66000,387130000C,(04)23274275,(04)23288582,2025,7,18,11,26,臺中市,西區,0,0,0,7,2,6,50,4,2,1,5,4,6,6,1,1,3,4,4,2,13,,,,,B03,,,1,,1,,,84,84,1,13,4,120.674271,24.148307,3
6564,66000,387130000C,(04)23274275,(04)23288582,2025,7,18,11,27,臺中市,沙鹿區,0,0,0,7,,,50,,,,,,,,,,,,,,,,,,,B03,,,1,,2,,,49,49,1,6,4,120.561878,24.206479,3
6565,66000,387130000C,(04)23274275,(04)23288582,2025,7,18,11,29,臺中市,東區,0,0,0,7,,,50,,,,,,,,,,,,,,17,,,,,B12,,,1,,1,,,84,84,1,12,4,120.684575,24.133613,3
6566,66000,387130000C,(04)23274275,(04)23288582,2025,7,18,11,38,臺中市,南區,0,1,0,7,2,6,30,4,1,1,5,4,6,6,4,4,10,5,5,2,15,3,10,3,1,B03,7,9,1,8,2,8,,12,12,1,13,4,120.658532,24.115524,2
6567,66000,387130000C,(04)23274275,(04)23288582,2025,7,18,11,43,臺中市,沙鹿區,0,0,0,7,,,50,,,,,,,,,,,,,,17,,,,,C03,,,3,,9,,,40,40,2,12,4,120.563984,24.247849,3
6568,66000,387130000C,(04)23274275,(04)23288582,2025,7,18,11,45,臺中市,南屯區,0,0,0,7,,,50,,,,,,,,,,,,,,,,,,,B03,,,1,,2,,,4,4,1,6,4,120.648307,24.132219,3
6569,66000,387130000C,(04)23274275,(04)23288582,2025,7,18,11,45,臺中市,大里區,0,0,0,7,3,6,50,13,9,1,5,4,3,3,4,4,5,4,5,1,14,,,,,B03,,,1,,1,,,49,49,1,12,4,120.674964,24.109862,3
6570,66000,387130000C,(04)23274275,(04)23288582,2025,7,18,11,45,臺中市,太平區,0,0,0,7,,,50,,,,,,,,,,,,,,12,,,,,B01,,,1,,2,,,8,8,1,6,4,120.724853,24.14258,3
6571,66000,387130000C,(04)23274275,(04)23288582,2025,7,18,11,46,臺中市,大雅區,0,0,0,7,,,50,,,,,,,,,,,,,,13,,,,,B12,,,1,,2,,,7,7,1,12,4,120.643503,24.220259,3
6572,66000,387130000C,(04)23274275,(04)23288582,2025,7,18,11,48,臺中市,西屯區,0,0,0,7,,,50,,,,,,,,,,,,,,11,,,,,B03,,,1,,1,,,8,8,1,12,4,120.644306,24.175372,3
6573,66000,387130000C,(04)23274275,(04)23288582,2025,7,18,11,49,臺中市,南區,0,0,0,7,,,50,,,,,,,,,,,,,,17,,,,,C03,,,1,,2,,,84,84,1,12,4,120.668573,24.118829,3
6574,66000,387130000C,(04)23274275,(04)23288582,2025,7,18,11,50,臺中市,北屯區,0,0,0,7,,,50,,,,,,,,,,,,,,12,,,,,C03,,,1,,1,,,20,20,1,12,4,120.686492,24.18825,3
6575,66000,387130000C,(04)23274275,(04)23288582,2025,7,18,11,51,臺中市,西屯區,0,0,0,7,,,50,,,,,,,,,,,,,,13,,,,,C03,,,1,,1,,,7,7,1,13,4,120.617445,24.188211,3
6576,66000,387130000C,(04)23274275,(04)23288582,2025,7,18,11,51,臺中市,沙鹿區,0,0,0,7,,,50,,,,,,,,,,,,,,,,,,,B03,,,1,,2,,,51,51,1,13,4,120.572481,24.259367,3
6577,66000,387130000C,(04)23274275,(04)23288582,2025,7,18,11,52,臺中市,西區,0,1,0,7,2,6,50,4,1,1,5,4,6,6,4,4,5,5,5,2,16,2,9,1,1,C03,7,9,1,10,2,11,,39,39,1,6,4,120.671285,24.137905,2
6578,66000,387130000C,(04)23274275,(04)23288582,2025,7,18,11,55,臺中市,東區,0,1,0,7,2,6,50,4,2,1,5,4,6,6,1,1,9,5,5,2,17,3,10,3,1,B03,7,15,1,8,2,16,,42,42,1,12,4,120.693024,24.134762,2
6579,66000,387130000C,(04)23274275,(04)23288582,2025,7,18,11,55,臺中市,南屯區,0,0,0,7,,,50,,,,,,,,,,,,,,12,,,,,B12,,,1,,2,,,8,8,1,12,4,120.636693,24.13553,3
6580,66000,387130000C,(04)23274275,(04)23288582,2025,7,18,12,1,臺中市,大雅區,0,1,0,7,3,6,30,3,1,1,5,4,6,6,4,4,10,5,5,1,16,3,10,2,1,F02,7,6,7,21,6,11,,12,12,1,13,4,120.666357,24.225577,2
6581,66000,387130000C,(04)23274275,(04)23288582,2025,7,18,12,2,臺中市,北區,0,1,0,7,2,6,50,3,9,1,5,4,6,6,4,4,1,4,5,2,17,3,10,3,1,B12,7,7,1,8,2,6,,40,40,1,12,4,120.671909,24.172452,2
6582,66000,387130000C,(04)23274275,(04)23288582,2025,7,18,12,2,臺中市,大里區,0,0,0,7,,,50,,,,,,,,,,,,,,,,,,,B03,,,1,,1,,,49,49,1,6,4,120.692722,24.0818,3
6583,66000,387130000C,(04)23274275,(04)23288582,2025,7,18,12,7,臺中市,南屯區,0,0,0,7,,,50,,,,,,,,,,,,,,,,,,,B03,,,1,,1,,,59,59,1,6,4,120.648895,24.150878,3
6584,66000,387130000C,(04)23274275,(04)23288582,2025,7,18,12,8,臺中市,大雅區,0,0,0,7,,,50,,,,,,,,,,,,,,,,,,,B12,,,1,,2,,,8,8,1,12,4,120.648614,24.223173,3
6585,66000,387130000C,(04)23274275,(04)23288582,2025,7,18,12,8,臺中市,南區,0,0,0,7,,,30,,,,,,,,,,,,,,14,,,,,B12,,,1,,2,,,49,49,1,12,4,120.652477,24.116077,4
6586,66000,387130000C,(04)23274275,(04)23288582,2025,7,18,12,10,臺中市,南屯區,0,1,0,7,2,6,50,4,1,1,5,4,6,6,4,4,10,5,5,2,17,3,10,3,1,B03,7,6,1,4,2,8,,14,14,1,12,4,120.630612,24.115809,2
6587,66000,387130000C,(04)23274275,(04)23288582,2025,7,18,12,10,臺中市,梧棲區,0,1,0,7,2,6,70,4,2,1,5,4,6,6,1,1,5,2,3,1,12,3,10,3,1,A41,7,9,1,1,2,8,,84,84,1,13,4,120.525667,24.256334,2
6588,66000,387130000C,(04)23274275,(04)23288582,2025,7,18,12,12,臺中市,南屯區,0,1,0,7,2,6,40,13,8,1,5,4,6,6,4,4,9,4,3,2,13,2,9,1,1,C03,7,9,1,10,2,11,,84,84,1,12,4,120.6138,24.149286,2
6589,66000,387130000C,(04)23274275,(04)23288582,2025,7,18,12,14,臺中市,南屯區,0,0,0,7,,,50,,,,,,,,,,,,,,17,,,,,B03,,,1,,2,,,59,59,1,12,4,120.652712,24.150005,3
6590,66000,387130000C,(04)23274275,(04)23288582,2025,7,18,12,16,臺中市,太平區,0,0,0,7,,,50,,,,,,,,,,,,,,,,,,,C03,,,1,,2,,,11,11,1,12,4,120.716804,24.151348,3
6591,66000,387130000C,(04)23274275,(04)23288582,2025,7,18,12,18,臺中市,沙鹿區,0,2,0,7,2,6,40,5,1,1,5,4,6,6,1,1,10,5,5,2,17,3,10,4,1,B12,7,13,1,8,2,8,,76,76,1,6,4,120.56906,24.237463,2
6592,66000,387130000C,(04)23274275,(04)23288582,2025,7,18,12,20,臺中市,西區,0,0,0,7,,,50,,,,,,,,,,,,,,14,,,,,B03,,,1,,2,,,84,84,1,12,4,120.669113,24.153493,3
6593,66000,387130000C,(04)23274275,(04)23288582,2025,7,18,12,21,臺中市,霧峰區,0,0,0,7,,,30,,,,,,,,,,,,,,11,,,,,B12,,,1,,2,,,8,8,1,13,4,120.681293,24.06177,3
6594,66000,387130000C,(04)23274275,(04)23288582,2025,7,18,12,22,臺中市,西區,0,0,0,7,,,50,,,,,,,,,,,,,,,,,,,B03,,,1,8,2,,,84,84,1,13,4,120.675855,24.133176,3
6595,66000,387130000C,(04)23274275,(04)23288582,2025,7,18,12,27,臺中市,沙鹿區,0,0,0,7,,,50,,,,,,,,,,,,,,17,,,,,B12,,,3,,2,,,8,8,1,6,4,120.581264,24.222645,3
6596,66000,387130000C,(04)23274275,(04)23288582,2025,7,18,12,30,臺中市,大甲區,0,0,0,7,,,50,,,,,,,,,,,,,,,,,,,B03,,,1,,2,,,15,15,1,6,4,120.620856,24.346079,3
6597,66000,387130000C,(04)23274275,(04)23288582,2025,7,18,12,33,臺中市,潭子區,0,0,0,7,,,50,,,,,,,,,,,,,,,,,,,A12,,,1,,2,,,8,8,1,13,4,120.722096,24.207929,3
6598,66000,387130000C,(04)23274275,(04)23288582,2025,7,18,12,38,臺中市,西屯區,0,1,0,7,2,6,30,4,1,1,5,4,6,6,4,4,10,5,5,2,16,2,9,5,4,C03,7,6,1,10,2,11,14,48,48,1,12,4,120.62855,24.172971,2
6599,66000,387130000C,(04)23274275,(04)23288582,2025,7,18,12,40,臺中市,北區,0,1,0,7,2,6,30,3,1,1,5,4,6,6,4,4,10,5,5,2,17,2,9,5,1,F01,7,6,7,21,2,11,,14,14,1,13,4,120.687787,24.155639,2
6600,66000,387130000C,(04)23274275,(04)23288582,2025,7,18,12,40,臺中市,太平區,0,1,0,7,2,6,50,13,9,1,5,4,6,6,4,4,5,2,5,1,17,2,9,1,1,C03,7,9,1,10,2,12,,84,84,1,12,4,120.71883,24.131597,2
6601,66000,387130000C,(04)23274275,(04)23288582,2025,7,18,12,40,臺中市,清水區,0,0,0,7,,,60,,,,,,,,,,,,,,,,,,,B03,,,1,,2,,,87,87,1,12,4,120.548958,24.280917,3
6602,66000,387130000C,(04)23274275,(04)23288582,2025,7,18,12,41,臺中市,西屯區,0,0,0,7,,,50,,,,,,,,,,,,,,12,,,,,B03,,,1,,1,,,40,40,1,13,4,120.641959,24.164536,3
6603,66000,387130000C,(04)23274275,(04)23288582,2025,7,18,12,42,臺中市,大里區,0,1,0,7,3,6,50,13,9,1,5,4,6,6,4,4,5,5,5,1,17,2,9,1,1,C03,7,9,1,10,2,12,,70,70,1,12,4,120.701489,24.099855,2
6604,66000,387130000C,(04)23274275,(04)23288582,2025,7,18,12,46,臺中市,大肚區,0,0,0,7,,,50,,,,,,,,,,,,,,,,,,,B12,,,1,,2,,,7,7,1,6,4,120.54966,24.139907,3
6605,66000,387130000C,(04)23274275,(04)23288582,2025,7,18,12,49,臺中市,西區,0,0,0,7,,,50,,,,,,,,,,,,,,13,,,,,C03,,,1,,1,,,7,7,1,12,4,120.666624,24.141059,3
6606,66000,387130000C,(04)23274275,(04)23288582,2025,7,18,12,49,臺中市,南屯區,0,0,0,7,,,50,,,,,,,,,,,,,,,,,,,B03,,,1,,2,,,49,49,1,6,4,120.626833,24.115904,3
6607,66000,387130000C,(04)23274275,(04)23288582,2025,7,18,12,54,臺中市,大雅區,0,1,0,7,1,6,60,3,1,1,5,4,6,6,1,1,10,5,5,2,15,3,10,2,1,C03,7,9,1,10,2,11,,21,21,1,12,4,120.647368,24.220947,2
6608,66000,387130000C,(04)23274275,(04)23288582,2025,7,18,13,3,臺中市,梧棲區,0,0,0,7,,,50,,,,,,,,,,,,,,14,,,,,B03,,,1,,2,,,49,49,1,12,4,120.539472,24.252281,3
6609,66000,387130000C,(04)23274275,(04)23288582,2025,7,18,13,9,臺中市,北區,0,3,0,7,2,6,50,3,2,1,5,4,6,6,2,1,10,5,5,2,11,2,9,2,1,C03,7,6,1,10,2,11,,11,11,1,13,4,120.681494,24.148747,2
6610,66000,387130000C,(04)23274275,(04)23288582,2025,7,18,13,10,臺中市,北屯區,0,0,0,7,,,40,,,,,,,,,,,,,,9,,,,,B03,,,1,8,2,,,8,8,1,12,4,120.690518,24.170372,3
6611,66000,387130000C,(04)23274275,(04)23288582,2025,7,18,13,14,臺中市,北區,0,0,0,7,,,50,,,,,,,,,,,,,,13,,,,,B03,,,1,,2,,,84,84,1,12,4,120.676797,24.15187,3