序號,縣市別代碼,機關代碼,市話,傳真,年,月,日,時,分,縣市,區,死亡數量,受傷數量,2-30,天候,道路照明設備,道路類別,道路速限,道路型態,事故位置,路面鋪裝,路面狀態,路面缺陷,障礙物,視距,號誌種類,號誌動作,分向設施,快車道或一般車道間,快慢車道間,路面邊線,事故類型及型態,受傷程度,主要傷處,保護裝備,行動電話或功能裝置,當事者區分(類別),車輛用途,當事者行動狀態,駕照狀態,駕照種類,飲酒情形,車輛撞擊部位最初,車輛撞擊部位其他,肇事因素個別,肇事因素主要,肇事逃逸,職業,共享經濟或外送平台,GPS座標X,GPS座標Y,事故類別
6725,66000,387130000C,(04)23274275,(04)23288582,2025,7,18,17,6,臺中市,清水區,0,1,0,7,3,6,50,4,1,1,5,4,6,6,1,1,1,4,5,1,16,3,10,3,1,B03,7,5,1,8,2,5,,87,87,1,12,4,120.571274,24.266768,2
6726,66000,387130000C,(04)23274275,(04)23288582,2025,7,18,17,7,臺中市,潭子區,0,0,0,7,,3,80,,,,,,,,,,,,,,,,,,,B03,,,1,,2,,,7,7,1,12,4,120.709739,24.200514,3
6727,66000,387130000C,(04)23274275,(04)23288582,2025,7,18,17,10,臺中市,北屯區,0,1,0,7,2,6,50,4,1,1,5,4,6,6,1,1,10,5,5,2,18,2,9,1,1,C03,7,9,1,10,2,14,,82,82,1,12,4,120.677072,24.185677,2
6728,66000,387130000C,(04)23274275,(04)23288582,2025,7,18,17,11,臺中市,北區,0,0,0,7,,,50,,,,,,,,,,,,,,17,,,,,C03,,,1,,9,,,49,49,1,13,4,120.681128,24.155697,3
6729,66000,387130000C,(04)23274275,(04)23288582,2025,7,18,17,11,臺中市,梧棲區,0,0,0,6,,,50,,,,,,,,,,,,,,14,,,,,B03,,,1,,2,,,49,49,1,12,4,120.533585,24.254259,3
6730,66000,387130000C,(04)23274275,(04)23288582,2025,7,18,17,14,臺中市,西屯區,0,0,0,7,,,50,,,,,,,,,,,,,,12,,,,,B03,,,1,,1,,,40,40,1,13,4,120.647847,24.196114,3
6731,66000,387130000C,(04)23274275,(04)23288582,2025,7,18,17,14,臺中市,梧棲區,0,0,0,7,,,70,,,,,,,,,,,,,,12,,,,,B03,,,1,,2,,,40,40,1,8,4,120.536162,24.249913,3
6732,66000,387130000C,(04)23274275,(04)23288582,2025,7,18,17,15,臺中市,南屯區,0,1,0,7,2,6,50,13,9,1,5,4,6,6,1,1,8,3,5,1,13,2,8,1,1,C03,7,9,1,10,2,11,,7,7,1,12,4,120.610335,24.144001,2
6733,66000,387130000C,(04)23274275,(04)23288582,2025,7,18,17,15,臺中市,太平區,0,0,0,7,,,50,,,,,,,,,,,,,,,,,,,B03,,,1,,1,,,84,84,1,12,4,120.715271,24.136409,3
6734,66000,387130000C,(04)23274275,(04)23288582,2025,7,18,17,16,臺中市,西屯區,0,0,0,7,,,,,,,,,,,,,,,,,17,,,,,,,,,,,,,87,87,1,,,120.626289,24.181864,3
6735,66000,387130000C,(04)23274275,(04)23288582,2025,7,18,17,18,臺中市,太平區,0,1,0,7,2,6,40,13,7,1,5,4,6,6,4,4,9,4,4,1,16,2,9,1,1,C03,7,11,1,10,2,13,12,45,45,1,12,4,120.721014,24.149292,2
6736,66000,387130000C,(04)23274275,(04)23288582,2025,7,18,17,19,臺中市,梧棲區,0,1,0,7,2,6,50,4,1,1,5,4,6,6,1,1,10,5,5,2,16,2,4,1,1,C03,7,4,1,10,2,13,,1,1,1,12,4,120.537496,24.245487,2
6737,66000,387130000C,(04)23274275,(04)23288582,2025,7,18,17,21,臺中市,東區,0,0,0,7,,,50,,,,,,,,,,,,,,17,,,,,C03,,,5,,1,,,1,1,1,12,4,120.69855,24.12701,3
6738,66000,387130000C,(04)23274275,(04)23288582,2025,7,18,17,21,臺中市,沙鹿區,0,1,0,7,3,6,50,4,1,1,5,4,6,6,1,1,10,5,5,2,16,3,10,3,1,B03,7,5,1,8,2,5,,47,47,1,12,4,120.564793,24.248844,2
6739,66000,387130000C,(04)23274275,(04)23288582,2025,7,18,17,22,臺中市,大里區,0,0,0,7,,,50,,,,,,,,,,,,,,13,,,,,B12,,,1,,2,,,84,84,1,6,4,120.689099,24.119394,3
6740,66000,387130000C,(04)23274275,(04)23288582,2025,7,18,17,23,臺中市,大里區,0,1,0,7,3,6,40,4,2,1,5,4,6,6,2,1,1,4,4,1,13,3,10,3,1,B03,7,9,1,8,2,1,,7,7,1,13,4,120.688622,24.101977,2
6741,66000,387130000C,(04)23274275,(04)23288582,2025,7,18,17,24,臺中市,豐原區,0,1,0,7,2,6,50,5,1,1,5,4,6,6,1,1,1,4,4,2,17,3,10,2,1,C03,7,5,1,10,2,12,,8,8,1,12,4,120.70309,24.24288,2
6742,66000,387130000C,(04)23274275,(04)23288582,2025,7,18,17,25,臺中市,北區,0,0,0,7,,,50,,,,,,,,,,,,,,17,,,,,C03,,,1,,1,,,84,84,1,13,4,120.68499,24.16497,3
6743,66000,387130000C,(04)23274275,(04)23288582,2025,7,18,17,26,臺中市,大雅區,0,1,0,7,2,6,50,13,9,1,5,4,6,6,4,4,4,1,5,2,13,2,9,1,1,C02,7,9,1,9,2,11,,59,59,1,13,4,120.636847,24.244834,2
6744,66000,387130000C,(04)23274275,(04)23288582,2025,7,18,17,26,臺中市,烏日區,0,0,0,7,,,50,,,,,,,,,,,,,,,,,,,C03,,,1,,1,,,48,48,1,6,4,120.62734,24.10404,3
6745,66000,387130000C,(04)23274275,(04)23288582,2025,7,18,17,30,臺中市,南屯區,0,2,0,7,2,6,60,4,1,1,5,4,6,6,2,1,7,4,5,2,16,2,8,1,1,C03,7,6,1,10,2,14,,2,2,1,12,4,120.644912,24.140091,2
6746,66000,387130000C,(04)23274275,(04)23288582,2025,7,18,17,30,臺中市,南屯區,0,0,0,7,,,50,,,,,,,,,,,,,,17,,,,,C01,,,1,,1,,,50,50,1,12,4,120.64583,24.147804,3
6747,66000,387130000C,(04)23274275,(04)23288582,2025,7,18,17,30,臺中市,北屯區,0,0,0,7,,,50,,,,,,,,,,,,,,9,,,,,B03,,,1,,1,,,47,47,1,6,4,120.67686,24.192111,3
6748,66000,387130000C,(04)23274275,(04)23288582,2025,7,18,17,30,臺中市,龍井區,0,0,0,7,,,30,,,,,,,,,,,,,,,,,,,B03,,,1,,2,,,7,7,1,12,4,120.551922,24.215562,4
6749,66000,387130000C,(04)23274275,(04)23288582,2025,7,18,17,31,臺中市,大甲區,0,0,0,7,,,50,,,,,,,,,,,,,,12,,,,,B03,,,2,,1,,,8,8,1,6,4,120.627601,24.3471,4
6750,66000,387130000C,(04)23274275,(04)23288582,2025,7,18,17,32,臺中市,清水區,0,1,0,7,3,6,40,4,1,1,5,4,6,6,2,1,1,4,4,1,16,2,9,1,1,C03,7,9,1,10,2,11,,21,21,1,12,4,120.56296,24.263729,2
6751,66000,387130000C,(04)23274275,(04)23288582,2025,7,18,17,34,臺中市,東區,0,1,0,7,3,6,50,4,1,1,5,4,6,6,1,1,10,5,5,2,16,3,10,3,1,B03,7,6,1,8,2,6,,11,11,1,6,4,120.684235,24.122342,2
6752,66000,387130000C,(04)23274275,(04)23288582,2025,7,18,17,37,臺中市,南屯區,0,0,0,7,,,50,,,,,,,,,,,,,,12,,,,,B11,,,1,,9,,,40,40,1,13,4,120.620959,24.140011,3
6753,66000,387130000C,(04)23274275,(04)23288582,2025,7,18,17,38,臺中市,南屯區,0,0,0,7,,,50,,,,,,,,,,,,,,,,,,,B03,,,1,,1,,,7,7,1,13,4,120.621704,24.145131,3
6754,66000,387130000C,(04)23274275,(04)23288582,2025,7,18,17,38,臺中市,龍井區,0,2,0,7,3,6,30,4,1,1,5,4,6,6,4,4,10,5,5,2,15,2,8,1,1,C03,7,11,1,10,2,12,,39,39,1,6,4,120.522738,24.195176,2
6755,66000,387130000C,(04)23274275,(04)23288582,2025,7,18,17,39,臺中市,西屯區,0,1,0,7,1,6,50,3,1,1,5,4,6,6,4,4,10,5,5,2,13,2,8,1,1,C03,7,9,1,10,1,11,,7,7,1,12,4,120.652808,24.160021,2
6756,66000,387130000C,(04)23274275,(04)23288582,2025,7,18,17,41,臺中市,東區,0,1,0,7,2,6,50,4,1,1,5,4,6,6,2,1,10,5,5,2,16,3,10,3,1,B03,7,5,1,8,2,5,,11,11,1,12,4,120.706049,24.144484,2
6757,66000,387130000C,(04)23274275,(04)23288582,2025,7,18,17,41,臺中市,后里區,0,3,0,7,2,6,50,4,1,1,5,4,6,6,1,1,5,5,5,1,16,2,9,1,1,C03,7,6,1,10,2,11,,11,11,1,12,4,120.705683,24.295803,2
6758,66000,387130000C,(04)23274275,(04)23288582,2025,7,18,17,41,臺中市,神岡區,0,0,0,7,,,50,,,,,,,,,,,,,,13,,,,,B03,,,1,,1,,,7,7,1,12,4,120.696488,24.248546,3
6759,66000,387130000C,(04)23274275,(04)23288582,2025,7,18,17,44,臺中市,南區,0,0,0,7,,,50,,,,,,,,,,,,,,,,,,,B03,,,1,,2,,,84,84,1,12,4,120.668791,24.11489,3
6760,66000,387130000C,(04)23274275,(04)23288582,2025,7,18,17,45,臺中市,西區,0,0,0,7,,,30,,,,,,,,,,,,,,11,,,,,B03,,,1,,9,,,8,8,2,12,4,120.656679,24.145333,3
6761,66000,387130000C,(04)23274275,(04)23288582,2025,7,18,17,45,臺中市,烏日區,0,1,0,7,2,6,60,3,1,1,5,4,6,6,1,1,1,4,4,1,13,3,10,3,1,B03,7,9,3,19,2,1,,7,7,1,6,4,120.647972,24.091972,2
6762,66000,387130000C,(04)23274275,(04)23288582,2025,7,18,17,47,臺中市,南屯區,0,0,0,7,,,30,,,,,,,,,,,,,,17,,,,,C03,,,1,,1,,,65,65,1,12,4,120.613464,24.150938,3
6763,66000,387130000C,(04)23274275,(04)23288582,2025,7,18,17,49,臺中市,北區,0,1,0,7,2,6,50,4,1,1,5,4,6,6,1,1,10,5,5,2,13,2,7,1,1,C03,7,9,1,10,2,11,,7,7,1,12,4,120.67051,24.155741,2
6764,66000,387130000C,(04)23274275,(04)23288582,2025,7,18,17,50,臺中市,霧峰區,0,0,0,7,,,40,,,,,,,,,,,,,,,,,,,A11,,,1,,2,,,84,84,1,6,4,120.662404,24.068512,3
6765,66000,387130000C,(04)23274275,(04)23288582,2025,7,18,17,50,臺中市,大里區,0,0,0,6,,,50,,,,,,,,,,,,,,17,,,,,C03,,,1,,9,,,84,84,1,13,4,120.684257,24.108453,3
6766,66000,387130000C,(04)23274275,(04)23288582,2025,7,18,17,51,臺中市,大雅區,0,2,0,7,1,6,50,3,1,1,5,4,6,6,1,1,10,5,5,2,16,2,9,2,1,C03,7,6,1,10,2,12,,84,84,1,12,4,120.649779,24.222444,2
6767,66000,387130000C,(04)23274275,(04)23288582,2025,7,18,17,51,臺中市,南屯區,0,0,0,7,,3,90,,,,,,,,,,,,,,12,,,,,B03,,,1,,1,,,40,40,1,5,4,120.621618,24.134699,3
6768,66000,387130000C,(04)23274275,(04)23288582,2025,7,18,17,53,臺中市,太平區,0,0,0,7,2,6,50,13,9,1,5,4,6,6,1,1,5,5,5,1,13,3,10,2,1,C03,7,9,1,10,2,11,,7,7,1,6,4,120.724814,24.142031,3
6769,66000,387130000C,(04)23274275,(04)23288582,2025,7,18,17,54,臺中市,北區,0,2,0,7,3,6,40,13,9,1,5,4,6,6,4,4,5,5,4,2,17,3,10,1,1,C03,7,3,1,10,2,13,,84,84,1,12,4,120.68898,24.15898,2
6770,66000,387130000C,(04)23274275,(04)23288582,2025,7,18,17,55,臺中市,北屯區,0,0,0,7,,,50,,,,,,,,,,,,,,12,,,,,C03,,,1,,1,,,1,1,1,6,4,120.69391,24.16422,3
6771,66000,387130000C,(04)23274275,(04)23288582,2025,7,18,17,56,臺中市,中區,0,1,0,7,2,6,50,13,9,1,5,4,6,6,4,4,5,4,5,2,17,3,10,5,1,B03,7,1,1,8,2,8,,51,51,1,6,4,120.679012,24.142997,2
6772,66000,387130000C,(04)23274275,(04)23288582,2025,7,18,17,57,臺中市,北屯區,0,1,0,7,3,6,50,4,1,1,5,4,6,6,2,1,10,5,5,2,17,3,10,3,1,B03,7,9,1,8,2,1,,84,84,1,12,4,120.698384,24.17279,2
6773,66000,387130000C,(04)23274275,(04)23288582,2025,7,18,17,57,臺中市,清水區,0,0,0,7,,,70,,,,,,,,,,,,,,,,,,,B03,,,1,,11,,,7,7,1,12,4,120.550049,24.293138,3
6774,66000,387130000C,(04)23274275,(04)23288582,2025,7,18,17,57,臺中市,沙鹿區,0,0,0,7,,,60,,,,,,,,,,,,,,2,,,,,B03,,,1,,2,,,40,40,1,6,4,120.595834,24.249782,3
6775,66000,387130000C,(04)23274275,(04)23288582,2025,7,18,17,58,臺中市,霧峰區,0,0,0,7,,,50,,,,,,,,,,,,,,17,,,,,B12,,,1,,2,,,84,84,1,13,4,120.695016,24.065898,3
6776,66000,387130000C,(04)23274275,(04)23288582,2025,7,18,17,59,臺中市,北區,0,0,0,7,,,40,,,,,,,,,,,,,,14,,,,,B12,,,3,,9,,,49,49,1,13,4,120.68396,24.146313,3
6777,66000,387130000C,(04)23274275,(04)23288582,2025,7,18,18,0,臺中市,南屯區,0,0,0,7,,,50,,,,,,,,,,,,,,13,,,,,B03,,,1,,1,,,7,7,1,12,4,120.617213,24.139488,3
6778,66000,387130000C,(04)23274275,(04)23288582,2025,7,18,18,1,臺中市,西區,0,0,0,7,,,50,,,,,,,,,,,,,,,,,,,B03,,,1,,1,,,84,84,1,12,4,120.656361,24.155923,3
6779,66000,387130000C,(04)23274275,(04)23288582,2025,7,18,18,2,臺中市,東區,0,2,0,7,3,6,50,3,1,1,5,4,6,6,1,1,1,4,4,2,12,2,9,2,1,C03,7,6,1,10,2,11,,48,48,1,6,4,120.684889,24.13531,2
6780,66000,387130000C,(04)23274275,(04)23288582,2025,7,18,18,2,臺中市,霧峰區,0,1,0,7,2,6,30,13,9,1,5,4,6,6,4,4,10,5,5,1,28,2,9,2,1,C03,7,9,1,10,2,11,,87,87,1,13,4,120.652646,24.072081,2
6781,66000,387130000C,(04)23274275,(04)23288582,2025,7,18,18,3,臺中市,大雅區,0,0,0,7,,,0,,,,,,,,,,,,,,14,,,,,B03,,,1,,1,,,49,49,1,13,4,120.646391,24.225201,3
6782,66000,387130000C,(04)23274275,(04)23288582,2025,7,18,18,3,臺中市,北屯區,0,0,0,7,,,50,,,,,,,,,,,,,,16,,,,,B03,,,1,,1,,,84,84,1,12,4,120.727677,24.160761,3
6783,66000,387130000C,(04)23274275,(04)23288582,2025,7,18,18,4,臺中市,南屯區,0,0,0,7,,,50,,,,,,,,,,,,,,13,,,,,B03,,,1,,1,,,7,7,1,13,4,120.61022,24.144216,3
6784,66000,387130000C,(04)23274275,(04)23288582,2025,7,18,18,6,臺中市,大雅區,0,0,0,7,,,40,,,,,,,,,,,,,,9,,,,,C03,,,1,,2,,,8,8,1,13,4,120.649656,24.212973,3
6785,66000,387130000C,(04)23274275,(04)23288582,2025,7,18,18,7,臺中市,北屯區,0,1,0,7,3,6,50,4,1,1,5,4,6,6,1,1,10,5,5,2,17,3,10,3,1,B03,7,9,1,8,2,2,,21,21,1,12,4,120.716858,24.168901,2
6786,66000,387130000C,(04)23274275,(04)23288582,2025,7,18,18,8,臺中市,西區,0,0,0,7,,,40,,,,,,,,,,,,,,,,,,,B03,,,1,,1,,,14,14,1,12,4,120.657314,24.153558,4
6787,66000,387130000C,(04)23274275,(04)23288582,2025,7,18,18,8,臺中市,北屯區,0,2,0,7,2,6,50,13,9,1,5,4,6,6,4,4,1,4,5,2,13,3,10,1,1,C03,7,9,1,10,2,11,,7,7,1,6,4,120.685983,24.180805,2
6788,66000,387130000C,(04)23274275,(04)23288582,2025,7,18,18,10,臺中市,沙鹿區,0,0,0,7,2,6,20,11,9,2,5,4,6,6,4,4,10,5,5,2,20,,,,,B03,,,1,,1,,,84,84,1,12,4,120.587633,24.198189,3
6789,66000,387130000C,(04)23274275,(04)23288582,2025,7,18,18,12,臺中市,烏日區,0,0,0,7,,,40,,,,,,,,,,,,,,13,,,,,B03,,,1,,1,,,39,39,1,6,4,120.647972,24.091972,3
6790,66000,387130000C,(04)23274275,(04)23288582,2025,7,18,18,14,臺中市,霧峰區,0,1,0,7,2,6,50,4,1,1,5,4,6,6,1,1,10,5,5,2,17,3,10,3,1,B03,7,6,1,8,2,1,,11,11,1,6,4,120.701598,24.070631,2
6791,66000,387130000C,(04)23274275,(04)23288582,2025,7,18,18,15,臺中市,西屯區,0,0,0,7,,,50,,,,,,,,,,,,,,13,,,,,C03,,,1,,1,,,7,7,1,12,4,120.661386,24.1726,3
6792,66000,387130000C,(04)23274275,(04)23288582,2025,7,18,18,17,臺中市,北區,0,0,0,7,,,50,,,,,,,,,,,,,,,,,,,B03,,,1,,2,,,50,50,1,12,4,120.68668,24.162423,3
6793,66000,387130000C,(04)23274275,(04)23288582,2025,7,18,18,18,臺中市,西屯區,0,0,0,7,,3,40,,,,,,,,,,,,,,,,,,,B02,,,1,,1,,,59,59,1,12,4,120.631109,24.167291,3
6794,66000,387130000C,(04)23274275,(04)23288582,2025,7,18,18,20,臺中市,太平區,0,2,0,7,1,6,30,4,1,1,5,4,6,6,4,4,10,5,5,2,15,2,9,1,1,C03,7,9,1,10,2,11,,15,15,1,12,4,120.732023,24.149975,2
6795,66000,387130000C,(04)23274275,(04)23288582,2025,7,18,18,22,臺中市,烏日區,0,1,0,7,2,6,60,3,1,1,5,4,6,6,4,4,1,4,5,1,13,2,9,1,1,C03,7,9,3,19,1,11,,7,7,1,6,4,120.642673,24.109281,2
6796,66000,387130000C,(04)23274275,(04)23288582,2025,7,18,18,23,臺中市,潭子區,0,0,0,7,2,6,50,3,2,1,5,4,6,6,4,4,9,5,5,2,12,3,10,3,1,B03,7,9,1,8,5,2,4,8,8,1,13,4,120.697936,24.196623,3
6797,66000,387130000C,(04)23274275,(04)23288582,2025,7,18,18,23,臺中市,大雅區,0,2,0,7,2,6,30,4,1,1,5,4,6,6,4,4,10,5,5,1,15,2,9,2,1,C03,7,9,1,10,2,13,,85,85,1,13,4,120.661575,24.226544,2
6798,66000,387130000C,(04)23274275,(04)23288582,2025,7,18,18,25,臺中市,北屯區,0,0,0,7,,,50,,,,,,,,,,,,,,12,,,,,B03,,,1,8,1,,,84,84,1,6,4,120.68799,24.181742,3
6799,66000,387130000C,(04)23274275,(04)23288582,2025,7,18,18,28,臺中市,南屯區,0,0,0,7,,,50,,,,,,,,,,,,,,,,,,,C03,,,1,,2,,,59,59,1,13,4,120.626061,24.148516,3
6800,66000,387130000C,(04)23274275,(04)23288582,2025,7,18,18,28,臺中市,西屯區,0,0,0,7,,,30,,,,,,,,,,,,,,14,,,,,G02,,,1,,2,,,49,49,1,13,4,120.63182,24.191923,3
6801,66000,387130000C,(04)23274275,(04)23288582,2025,7,18,18,29,臺中市,大雅區,0,1,0,7,1,6,30,3,1,1,5,4,6,5,4,4,10,5,5,1,17,3,10,3,1,B03,7,6,1,8,2,1,,14,14,1,13,4,120.671306,24.236677,2
6802,66000,387130000C,(04)23274275,(04)23288582,2025,7,18,18,29,臺中市,神岡區,0,0,0,7,,,50,,,,,,,,,,,,,,16,,,,,C03,,,1,,1,,,59,59,1,12,4,120.660494,24.270102,3
6803,66000,387130000C,(04)23274275,(04)23288582,2025,7,18,18,30,臺中市,北屯區,0,0,0,7,,,50,,,,,,,,,,,,,,9,,,,,C03,,,1,,1,,,49,49,1,6,4,120.707585,24.173719,3
6804,66000,387130000C,(04)23274275,(04)23288582,2025,7,18,18,30,臺中市,大里區,0,0,0,7,,3,80,,,,,,,,,,,,,,13,,,,,A05,,,1,,1,,,84,84,1,6,4,120.68278,24.077881,3
6805,66000,387130000C,(04)23274275,(04)23288582,2025,7,18,18,32,臺中市,龍井區,0,1,0,7,3,6,50,5,1,1,5,4,6,6,4,4,10,5,5,2,16,3,10,3,1,B03,7,5,1,8,2,1,,14,14,1,6,4,120.547678,24.183638,2
6806,66000,387130000C,(04)23274275,(04)23288582,2025,7,18,18,33,臺中市,西區,0,0,0,7,,,50,,,,,,,,,,,,,,16,,,,,B03,,,1,,1,,,14,14,1,12,4,120.673262,24.13643,3
6807,66000,387130000C,(04)23274275,(04)23288582,2025,7,18,18,34,臺中市,大雅區,0,1,0,7,1,6,50,4,1,1,5,4,6,6,4,4,10,5,5,2,15,3,10,2,1,C03,7,1,1,10,2,12,,51,51,1,12,4,120.647758,24.223853,2
6808,66000,387130000C,(04)23274275,(04)23288582,2025,7,18,18,34,臺中市,西區,0,1,0,6,2,6,50,4,1,1,5,4,6,6,1,1,10,5,5,2,17,3,10,3,1,B03,7,6,1,8,2,2,,11,11,1,13,4,120.658894,24.150852,2
6809,66000,387130000C,(04)23274275,(04)23288582,2025,7,18,18,35,臺中市,北區,0,0,0,7,,,50,,,,,,,,,,,,,,,,,,,C03,,,1,,2,,,84,84,1,12,4,120.669185,24.155313,4
6810,66000,387130000C,(04)23274275,(04)23288582,2025,7,18,18,35,臺中市,大里區,0,0,0,7,,,40,,,,,,,,,,,,,,12,,,,,B03,,,1,,2,,,8,8,1,13,4,120.676807,24.108144,3
6811,66000,387130000C,(04)23274275,(04)23288582,2025,7,18,18,38,臺中市,外埔區,0,3,0,7,2,6,40,3,1,1,5,4,6,6,1,1,5,4,4,1,17,2,9,1,1,C03,7,9,2,19,1,11,,4,4,1,12,4,120.637299,24.342725,2
6812,66000,387130000C,(04)23274275,(04)23288582,2025,7,18,18,41,臺中市,東區,0,1,0,7,3,6,50,5,1,1,5,4,6,6,1,1,10,5,5,2,13,3,10,3,1,B12,7,9,1,8,2,1,,7,7,1,6,4,120.710405,24.140847,2
6813,66000,387130000C,(04)23274275,(04)23288582,2025,7,18,18,51,臺中市,北屯區,0,0,0,5,,,50,,,,,,,,,,,,,,,,,,,B03,,,1,,1,,,84,84,1,12,4,120.704238,24.169747,3
6814,66000,387130000C,(04)23274275,(04)23288582,2025,7,18,18,51,臺中市,豐原區,0,2,0,7,1,6,50,3,9,1,5,4,6,6,4,4,5,4,5,1,13,2,9,1,1,C03,7,12,1,10,2,11,,84,84,1,12,4,120.720694,24.266761,2
6815,66000,387130000C,(04)23274275,(04)23288582,2025,7,18,18,55,臺中市,西屯區,0,0,0,7,,,50,,,,,,,,,,,,,,13,,,,,C03,,,1,,1,,,7,7,1,13,4,120.645047,24.173062,3
6816,66000,387130000C,(04)23274275,(04)23288582,2025,7,18,19,1,臺中市,西區,0,1,0,6,1,6,30,4,1,1,5,4,6,6,4,4,10,5,5,2,9,3,10,5,4,B03,7,9,1,8,2,1,,84,84,1,12,4,120.656419,24.152264,2
6817,66000,387130000C,(04)23274275,(04)23288582,2025,7,18,19,2,臺中市,東區,0,1,0,7,1,6,50,13,9,1,5,4,6,6,4,4,5,5,5,2,14,3,10,3,1,B03,7,2,1,8,2,6,,49,49,1,12,4,120.708502,24.14925,2
6818,66000,387130000C,(04)23274275,(04)23288582,2025,7,18,19,7,臺中市,潭子區,0,0,0,7,,,50,,,,,,,,,,,,,,,,,,,C03,,,1,,2,,,7,7,1,12,4,120.704883,24.215534,3
6819,66000,387130000C,(04)23274275,(04)23288582,2025,7,18,19,9,臺中市,西屯區,0,0,0,7,,,50,,,,,,,,,,,,,,16,,,,,C03,,,1,,1,,,11,11,1,12,2,120.669347,24.177188,3
6820,66000,387130000C,(04)23274275,(04)23288582,2025,7,18,19,12,臺中市,龍井區,0,0,0,6,,,50,,,,,,,,,,,,,,13,,,,,C03,,,1,,1,,,7,7,1,6,4,120.592787,24.182102,3
6821,66000,387130000C,(04)23274275,(04)23288582,2025,7,18,19,19,臺中市,沙鹿區,0,1,0,7,1,6,70,4,2,1,5,4,6,6,1,1,1,4,4,1,13,3,10,3,1,B03,7,9,1,6,2,1,,7,7,1,12,4,120.607656,24.246663,2
6822,66000,387130000C,(04)23274275,(04)23288582,2025,7,18,19,25,臺中市,北區,0,0,0,7,,,50,,,,,,,,,,,,,,13,,,,,B03,,,1,,2,,,59,59,1,13,4,120.683508,24.148272,3
6823,66000,387130000C,(04)23274275,(04)23288582,2025,7,18,19,27,臺中市,南屯區,0,1,0,7,1,6,0,18,23,1,5,4,6,6,4,4,10,5,5,2,9,3,10,5,4,F01,7,9,7,21,9,12,,84,84,2,13,4,120.647627,24.148964,2
6824,66000,387130000C,(04)23274275,(04)23288582,2025,7,18,19,28,臺中市,南屯區,0,0,0,7,,,30,,,,,,,,,,,,,,17,,,,,,,,,,,,,119,119,1,,,120.651526,24.151729,3
6825,66000,387130000C,(04)23274275,(04)23288582,2025,7,18,19,35,臺中市,潭子區,0,2,0,6,1,6,50,4,1,1,5,4,6,6,1,1,5,4,4,2,17,3,10,3,1,B03,7,6,1,8,2,8,,7,7,1,13,4,120.706152,24.202327,2
6826,66000,387130000C,(04)23274275,(04)23288582,2025,7,18,19,35,臺中市,大肚區,0,1,0,7,3,6,40,13,9,1,5,4,6,6,4,4,8,5,5,1,17,2,9,2,1,C03,7,5,1,10,2,12,,20,20,1,13,4,120.531049,24.170415,2
6827,66000,387130000C,(04)23274275,(04)23288582,2025,7,18,19,36,臺中市,北區,0,0,0,7,,,50,,,,,,,,,,,,,,,,,,,B03,,,1,,1,,,40,40,1,12,4,120.680988,24.158702,3
6828,66000,387130000C,(04)23274275,(04)23288582,2025,7,18,19,39,臺中市,霧峰區,0,1,0,7,1,6,40,13,9,1,5,4,6,6,4,4,5,5,4,2,17,2,9,2,1,C03,7,9,1,10,2,12,,84,84,1,13,4,120.684808,24.047016,2
6829,66000,387130000C,(04)23274275,(04)23288582,2025,7,18,19,40,臺中市,霧峰區,0,0,0,6,,,50,,,,,,,,,,,,,,17,,,,,B03,,,1,,2,,,7,7,1,13,4,120.663272,24.072402,3
6830,66000,387130000C,(04)23274275,(04)23288582,2025,7,18,19,41,臺中市,豐原區,0,2,0,6,1,6,50,4,1,1,5,4,6,6,1,1,5,5,5,1,17,2,9,2,1,C03,7,6,1,10,2,12,,11,11,1,13,4,120.726945,24.254821,2
6831,66000,387130000C,(04)23274275,(04)23288582,2025,7,18,19,44,臺中市,霧峰區,0,1,0,5,1,6,50,13,9,1,4,4,6,6,4,4,9,5,5,1,13,2,9,2,1,C03,7,9,3,19,2,11,,84,84,1,13,4,120.683968,24.050821,2
6832,66000,387130000C,(04)23274275,(04)23288582,2025,7,18,19,47,臺中市,南屯區,0,0,0,7,,,60,,,,,,,,,,,,,,13,,,,,C03,,,1,,1,,,7,7,1,12,4,120.635711,24.143383,3
6833,66000,387130000C,(04)23274275,(04)23288582,2025,7,18,19,56,臺中市,南屯區,0,1,0,6,1,6,50,4,1,1,4,4,6,6,1,1,10,5,5,2,17,3,10,3,1,B03,7,1,1,8,2,1,,51,51,1,12,4,120.637229,24.147033,2
6834,66000,387130000C,(04)23274275,(04)23288582,2025,7,18,19,56,臺中市,北屯區,0,0,0,7,,,50,,,,,,,,,,,,,,,,,,,B03,,,1,,2,,,84,84,1,12,4,120.73042,24.177167,3
6835,66000,387130000C,(04)23274275,(04)23288582,2025,7,18,19,57,臺中市,烏日區,0,0,0,7,,,50,,,,,,,,,,,,,,17,,,,,B03,,,1,,2,,,84,84,1,6,4,120.589773,24.11089,3
6836,66000,387130000C,(04)23274275,(04)23288582,2025,7,18,20,0,臺中市,豐原區,0,1,0,5,1,6,30,13,9,1,4,4,6,6,4,4,10,4,5,1,13,2,9,1,1,C03,7,9,1,10,2,11,,5,5,1,12,4,120.729993,24.266269,2
6837,66000,387130000C,(04)23274275,(04)23288582,2025,7,18,20,3,臺中市,梧棲區,0,0,0,7,,,70,,,,,,,,,,,,,,13,,,,,B03,,,1,,1,,,7,7,1,12,4,120.535836,24.250093,3