序號,縣市別代碼,機關代碼,市話,傳真,年,月,日,時,分,縣市,區,死亡數量,受傷數量,2-30,天候,道路照明設備,道路類別,道路速限,道路型態,事故位置,路面鋪裝,路面狀態,路面缺陷,障礙物,視距,號誌種類,號誌動作,分向設施,快車道或一般車道間,快慢車道間,路面邊線,事故類型及型態,受傷程度,主要傷處,保護裝備,行動電話或功能裝置,當事者區分(類別),車輛用途,當事者行動狀態,駕照狀態,駕照種類,飲酒情形,車輛撞擊部位最初,車輛撞擊部位其他,肇事因素個別,肇事因素主要,肇事逃逸,職業,共享經濟或外送平台,GPS座標X,GPS座標Y,事故類別
6948,66000,387130000C,(04)23274275,(04)23288582,2025,7,19,9,6,臺中市,中區,0,0,0,7,2,6,40,4,2,1,5,4,6,6,1,1,5,4,4,2,17,,,,,C03,,,1,,2,,,7,7,1,13,4,120.678815,24.147178,3
6949,66000,387130000C,(04)23274275,(04)23288582,2025,7,19,9,9,臺中市,西屯區,0,0,0,7,,,70,,,,,,,,,,,,,,13,,,,,B12,,,1,,1,,,7,7,1,13,4,120.612598,24.184605,3
6950,66000,387130000C,(04)23274275,(04)23288582,2025,7,19,9,9,臺中市,豐原區,0,0,0,7,,,40,,,,,,,,,,,,,,17,,,,,B03,,,1,,2,,,50,50,1,13,4,120.725618,24.243198,3
6951,66000,387130000C,(04)23274275,(04)23288582,2025,7,19,9,10,臺中市,西屯區,0,1,0,7,2,6,30,13,9,1,5,4,6,6,4,4,10,5,5,2,17,2,9,5,4,C03,7,1,1,10,2,12,14,51,51,1,12,4,120.617019,24.184661,2
6952,66000,387130000C,(04)23274275,(04)23288582,2025,7,19,9,11,臺中市,沙鹿區,0,0,0,7,,,40,,,,,,,,,,,,,,,,,,,B03,,,1,,2,,,8,8,1,13,4,120.558917,24.233121,3
6953,66000,387130000C,(04)23274275,(04)23288582,2025,7,19,9,19,臺中市,清水區,0,0,0,6,,,50,,,,,,,,,,,,,,,,,,,B03,,,1,,2,,,49,49,1,12,4,120.559546,24.270021,3
6954,66000,387130000C,(04)23274275,(04)23288582,2025,7,19,9,21,臺中市,東區,0,2,0,7,2,6,30,3,1,1,5,4,6,6,4,4,10,5,5,2,16,3,10,3,1,B03,7,5,1,8,2,4,,12,12,1,12,4,120.687753,24.130566,2
6955,66000,387130000C,(04)23274275,(04)23288582,2025,7,19,9,24,臺中市,西屯區,0,0,0,7,,,50,,,,,,,,,,,,,,14,,,,,B03,,,1,,9,,,49,49,1,13,4,120.616662,24.188958,3
6956,66000,387130000C,(04)23274275,(04)23288582,2025,7,19,9,28,臺中市,大里區,0,1,0,7,3,6,50,3,1,1,5,4,6,6,4,4,9,5,4,2,17,2,7,1,1,C03,7,1,1,10,2,11,,51,51,1,12,4,120.686606,24.104458,2
6957,66000,387130000C,(04)23274275,(04)23288582,2025,7,19,9,30,臺中市,北屯區,0,2,0,7,2,6,50,4,1,1,5,4,6,6,4,4,10,5,5,2,15,2,9,5,4,C03,7,9,1,10,2,11,,13,13,1,12,4,120.721732,24.174978,2
6958,66000,387130000C,(04)23274275,(04)23288582,2025,7,19,9,34,臺中市,西區,0,0,0,7,,,50,,,,,,,,,,,,,,13,,,,,B03,,,1,,1,,,59,59,1,12,4,120.658076,24.140272,3
6959,66000,387130000C,(04)23274275,(04)23288582,2025,7,19,9,36,臺中市,豐原區,0,0,0,7,,,30,,,,,,,,,,,,,,17,,,,,B03,,,1,,2,,,43,43,1,12,4,120.717169,24.252561,3
6960,66000,387130000C,(04)23274275,(04)23288582,2025,7,19,9,38,臺中市,太平區,0,1,0,7,2,6,40,3,1,1,5,4,6,6,4,4,10,5,5,2,14,3,10,3,1,B03,7,2,1,8,2,3,,49,49,1,12,4,120.720553,24.14927,2
6961,66000,387130000C,(04)23274275,(04)23288582,2025,7,19,9,40,臺中市,霧峰區,0,1,0,7,2,6,30,13,9,1,5,4,6,6,4,4,10,5,5,1,10,2,9,1,1,C03,7,9,1,10,2,14,,59,59,1,6,4,120.653667,24.06845,2
6962,66000,387130000C,(04)23274275,(04)23288582,2025,7,19,9,42,臺中市,霧峰區,0,0,0,7,,,0,,,,,,,,,,,,,,17,,,,,B03,,,1,,2,,,51,51,1,12,4,120.680677,24.065145,3
6963,66000,387130000C,(04)23274275,(04)23288582,2025,7,19,9,44,臺中市,潭子區,0,1,0,7,2,6,50,3,1,1,5,4,6,6,2,1,10,5,5,2,16,2,9,1,1,C03,7,9,1,10,2,11,,84,84,1,13,4,120.707553,24.215692,2
6964,66000,387130000C,(04)23274275,(04)23288582,2025,7,19,9,47,臺中市,西屯區,0,0,0,7,,3,80,,,,,,,,,,,,,,35,,,,,A12,,,1,,9,,,68,68,1,13,4,120.635613,24.182462,3
6965,66000,387130000C,(04)23274275,(04)23288582,2025,7,19,9,50,臺中市,西區,0,0,0,7,,,40,,,,,,,,,,,,,,17,,,,,B03,,,5,,1,,,51,51,1,13,4,120.665168,24.140201,3
6966,66000,387130000C,(04)23274275,(04)23288582,2025,7,19,9,53,臺中市,西屯區,0,1,0,7,2,6,50,13,9,1,5,4,6,6,4,4,5,4,5,2,16,3,10,5,4,B03,7,1,1,8,2,8,,51,51,1,13,4,120.620195,24.182965,2
6967,66000,387130000C,(04)23274275,(04)23288582,2025,7,19,9,53,臺中市,太平區,0,0,0,7,,,50,,,,,,,,,,,,,,,,,,,B12,,,1,,2,,,84,84,1,6,4,120.715555,24.127386,3
6968,66000,387130000C,(04)23274275,(04)23288582,2025,7,19,9,54,臺中市,北區,0,1,0,7,2,6,50,5,2,1,5,4,6,6,2,1,10,5,5,2,12,3,10,3,1,B03,7,9,1,8,2,5,,84,84,1,13,4,120.670783,24.164787,2
6969,66000,387130000C,(04)23274275,(04)23288582,2025,7,19,9,58,臺中市,北屯區,0,0,0,7,,,50,,,,,,,,,,,,,,13,,,,,C03,,,1,,1,,,7,7,1,12,4,120.701738,24.182729,3
6970,66000,387130000C,(04)23274275,(04)23288582,2025,7,19,10,1,臺中市,潭子區,0,2,0,7,2,6,30,4,1,1,5,4,6,6,3,1,10,5,5,2,16,2,8,2,1,C03,7,6,1,10,2,14,,24,24,1,13,4,120.701779,24.19329,2
6971,66000,387130000C,(04)23274275,(04)23288582,2025,7,19,10,1,臺中市,龍井區,0,1,0,7,2,6,50,13,14,1,5,4,6,6,4,4,8,5,5,1,17,3,10,3,1,A02,7,3,1,2,2,16,,50,50,1,6,4,120.545671,24.189213,2
6972,66000,387130000C,(04)23274275,(04)23288582,2025,7,19,10,3,臺中市,大雅區,0,1,0,7,1,6,50,3,1,1,5,4,6,6,1,1,10,5,5,2,16,3,10,3,1,B13,7,5,1,8,2,5,,11,11,1,12,4,120.64454,24.204177,2
6973,66000,387130000C,(04)23274275,(04)23288582,2025,7,19,10,7,臺中市,大里區,0,1,0,7,2,6,40,4,1,1,5,4,6,6,1,1,10,5,5,1,17,3,10,3,1,B03,7,5,1,8,2,16,,85,85,1,12,4,120.679477,24.116603,2
6974,66000,387130000C,(04)23274275,(04)23288582,2025,7,19,10,7,臺中市,烏日區,0,0,0,7,,,50,,,,,,,,,,,,,,,,,,,B03,,,1,,1,,,40,40,1,13,4,120.619102,24.110566,3
6975,66000,387130000C,(04)23274275,(04)23288582,2025,7,19,10,8,臺中市,西屯區,0,2,0,7,2,6,50,13,12,1,5,4,6,6,4,4,9,4,4,2,12,2,9,5,4,C03,7,11,1,10,2,14,,45,45,1,13,4,120.665043,24.178136,2
6976,66000,387130000C,(04)23274275,(04)23288582,2025,7,19,10,10,臺中市,南區,0,0,0,7,,,50,,,,,,,,,,,,,,,,,,,C03,,,1,,2,,,51,51,1,12,4,120.683555,24.124974,3
6977,66000,387130000C,(04)23274275,(04)23288582,2025,7,19,10,10,臺中市,南屯區,0,0,0,7,,,50,,,,,,,,,,,,,,13,,,,,B03,,,1,,1,,,59,59,1,6,4,120.643025,24.148992,3
6978,66000,387130000C,(04)23274275,(04)23288582,2025,7,19,10,14,臺中市,西區,0,0,0,7,,,50,,,,,,,,,,,,,,13,,,,,B03,,,1,,1,,,7,7,1,12,4,120.661496,24.141829,3
6979,66000,387130000C,(04)23274275,(04)23288582,2025,7,19,10,18,臺中市,東區,0,1,0,7,2,6,50,13,9,1,5,4,6,6,4,4,10,4,5,2,9,3,10,1,1,C03,7,1,1,10,2,12,,84,84,1,12,4,120.688129,24.138354,2
6980,66000,387130000C,(04)23274275,(04)23288582,2025,7,19,10,18,臺中市,北屯區,0,2,0,7,2,6,50,13,9,1,5,4,6,6,4,4,1,4,5,2,8,2,8,1,1,C03,7,9,3,19,2,12,,84,84,1,13,4,120.698222,24.17176,2
6981,66000,387130000C,(04)23274275,(04)23288582,2025,7,19,10,18,臺中市,沙鹿區,0,0,0,7,,,50,,,,,,,,,,,,,,,,,,,B03,,,1,,2,,,87,87,1,13,4,120.608184,24.246453,3
6982,66000,387130000C,(04)23274275,(04)23288582,2025,7,19,10,20,臺中市,后里區,0,0,0,7,2,6,50,4,1,1,5,4,6,6,1,1,,4,4,1,15,,,,,B03,,,1,,2,,,11,11,1,6,4,120.721916,24.307866,3
6983,66000,387130000C,(04)23274275,(04)23288582,2025,7,19,10,21,臺中市,梧棲區,0,0,0,7,,,50,,,,,,,,,,,,,,21,,,,,A11,,,1,,2,,,93,93,1,6,4,120.549,24.257613,3
6984,66000,387130000C,(04)23274275,(04)23288582,2025,7,19,10,22,臺中市,西屯區,0,2,0,7,2,6,30,3,7,1,5,4,6,6,4,4,5,5,4,2,16,2,9,5,4,C03,7,6,1,10,2,14,,13,13,1,12,4,120.651525,24.170602,2
6985,66000,387130000C,(04)23274275,(04)23288582,2025,7,19,10,38,臺中市,大里區,0,1,0,7,2,6,50,13,9,1,5,4,6,6,4,4,4,3,5,1,17,3,10,1,1,C03,7,1,1,10,2,11,,51,51,1,6,4,120.701897,24.088824,2
6986,66000,387130000C,(04)23274275,(04)23288582,2025,7,19,10,40,臺中市,南區,0,0,0,7,,,50,,,,,,,,,,,,,,12,,,,,B03,,,1,,1,,,84,84,1,12,4,120.657186,24.133863,3
6987,66000,387130000C,(04)23274275,(04)23288582,2025,7,19,10,42,臺中市,南區,0,1,0,7,2,6,50,3,1,1,5,4,6,6,4,4,10,5,5,2,16,3,10,3,1,B03,7,5,1,8,2,2,,14,14,1,12,4,120.651631,24.119205,2
6988,66000,387130000C,(04)23274275,(04)23288582,2025,7,19,10,43,臺中市,東勢區,0,1,0,7,2,6,50,11,9,1,5,4,6,6,4,4,9,5,5,1,10,2,9,1,1,C03,7,9,5,19,2,11,,84,84,1,12,4,120.7864,24.285897,2
6989,66000,387130000C,(04)23274275,(04)23288582,2025,7,19,10,45,臺中市,大里區,0,0,0,7,3,6,50,13,14,1,5,4,6,6,4,4,5,5,5,1,12,,,,,B03,,,1,,2,,,84,84,1,12,4,120.679578,24.095669,3
6990,66000,387130000C,(04)23274275,(04)23288582,2025,7,19,10,45,臺中市,大里區,0,1,0,7,2,6,50,4,1,1,5,4,6,6,1,1,10,5,5,1,17,3,10,3,1,B03,7,11,1,8,2,5,,45,45,1,12,4,120.693832,24.108793,2
6991,66000,387130000C,(04)23274275,(04)23288582,2025,7,19,10,47,臺中市,烏日區,0,1,0,7,2,6,40,13,8,1,5,4,6,6,4,4,1,4,1,1,12,3,10,1,1,C03,7,8,1,10,2,14,,84,84,1,6,4,120.651633,24.104803,2
6992,66000,387130000C,(04)23274275,(04)23288582,2025,7,19,10,50,臺中市,潭子區,0,0,0,7,,,50,,,,,,,,,,,,,,12,,,,,B03,,,1,,2,,,8,8,1,13,4,120.704077,24.211613,3
6993,66000,387130000C,(04)23274275,(04)23288582,2025,7,19,10,50,臺中市,豐原區,0,2,0,7,2,6,50,13,9,1,5,4,6,6,4,4,1,4,5,2,12,2,9,1,1,C03,7,9,1,10,2,14,,59,59,1,12,4,120.703583,24.238068,2
6994,66000,387130000C,(04)23274275,(04)23288582,2025,7,19,10,52,臺中市,南區,0,2,0,7,1,6,50,4,1,1,5,4,6,6,4,4,9,4,5,2,15,2,7,1,1,C01,7,9,1,9,2,14,12,12,12,1,12,4,120.675279,24.129241,2
6995,66000,387130000C,(04)23274275,(04)23288582,2025,7,19,10,54,臺中市,烏日區,0,1,0,7,2,6,50,18,24,1,5,4,6,6,4,4,10,5,5,2,12,3,10,5,4,B03,7,8,1,8,2,4,,84,84,1,6,4,120.58358,24.11155,2
6996,66000,387130000C,(04)23274275,(04)23288582,2025,7,19,10,54,臺中市,龍井區,0,1,0,7,2,6,30,3,1,1,5,4,6,6,4,4,10,5,5,2,14,3,10,3,1,B03,7,2,1,8,2,3,,49,49,1,6,4,120.586916,24.181834,2
6997,66000,387130000C,(04)23274275,(04)23288582,2025,7,19,10,55,臺中市,清水區,0,0,0,7,,,50,,,,,,,,,,,,,,17,,,,,A12,,,1,,2,,,7,7,1,12,4,120.590722,24.304287,3
6998,66000,387130000C,(04)23274275,(04)23288582,2025,7,19,10,56,臺中市,東勢區,0,1,0,7,2,6,30,4,1,1,5,4,6,6,4,4,10,5,5,2,15,2,9,1,1,C03,7,9,1,10,2,12,,12,12,1,12,4,120.831164,24.253827,2
6999,66000,387130000C,(04)23274275,(04)23288582,2025,7,19,10,57,臺中市,東區,0,0,0,7,,3,80,,,,,,,,,,,,,,13,,,,,B03,,,1,,1,,,58,58,1,12,4,120.708634,24.134608,3
7000,66000,387130000C,(04)23274275,(04)23288582,2025,7,19,11,0,臺中市,北屯區,0,0,0,7,,,50,,,,,,,,,,,,,,12,,,,,B03,,,1,,1,,,40,40,1,12,4,120.721003,24.175968,3
7001,66000,387130000C,(04)23274275,(04)23288582,2025,7,19,11,2,臺中市,烏日區,0,0,0,7,,,50,,,,,,,,,,,,,,17,,,,,B03,,,1,,1,,,7,7,1,6,4,120.62036,24.102093,3
7002,66000,387130000C,(04)23274275,(04)23288582,2025,7,19,11,5,臺中市,北屯區,0,1,0,7,2,6,50,4,1,1,5,4,6,6,3,1,4,3,4,2,15,2,9,2,1,C03,7,9,1,10,2,11,12,24,24,1,13,4,120.694488,24.188181,2
7003,66000,387130000C,(04)23274275,(04)23288582,2025,7,19,11,7,臺中市,太平區,0,0,0,7,,,50,,,,,,,,,,,,,,,,,,,B03,,,1,,2,,,59,59,1,6,4,120.732342,24.115115,3
7004,66000,387130000C,(04)23274275,(04)23288582,2025,7,19,11,9,臺中市,北屯區,0,1,0,7,2,6,50,13,9,1,5,4,6,6,1,1,10,5,5,2,9,3,10,5,4,A02,7,9,1,2,2,16,,87,87,1,12,4,120.685573,24.170211,2
7005,66000,387130000C,(04)23274275,(04)23288582,2025,7,19,11,10,臺中市,東區,0,2,0,7,3,6,50,4,1,1,5,4,6,6,1,1,10,5,5,2,16,3,10,5,4,C03,7,6,1,10,1,14,,84,84,1,12,4,120.687749,24.131982,2
7006,66000,387130000C,(04)23274275,(04)23288582,2025,7,19,11,11,臺中市,北區,0,0,0,7,,,40,,,,,,,,,,,,,,13,,,,,C03,,,1,,2,,,59,59,1,12,4,120.676096,24.15761,3
7007,66000,387130000C,(04)23274275,(04)23288582,2025,7,19,11,12,臺中市,南屯區,0,1,0,7,2,6,50,13,9,1,5,4,6,6,4,4,1,4,5,2,17,3,10,3,1,B03,7,1,1,8,2,8,,51,51,1,12,4,120.642656,24.143994,2
7008,66000,387130000C,(04)23274275,(04)23288582,2025,7,19,11,15,臺中市,東區,0,0,0,7,,,50,,,,,,,,,,,,,,,,,,,B03,,,1,,1,,,87,87,1,12,4,120.706224,24.144323,3
7009,66000,387130000C,(04)23274275,(04)23288582,2025,7,19,11,16,臺中市,沙鹿區,0,1,0,7,2,6,50,4,1,1,5,4,1,6,4,4,10,5,5,2,17,3,10,5,1,B03,7,13,1,8,2,4,,76,76,1,6,4,120.568045,24.238617,2
7010,66000,387130000C,(04)23274275,(04)23288582,2025,7,19,11,22,臺中市,西區,0,0,0,7,,,50,,,,,,,,,,,,,,,,,,,B03,,,1,,1,,,84,84,1,6,4,120.674271,24.148307,3
7011,66000,387130000C,(04)23274275,(04)23288582,2025,7,19,11,24,臺中市,西屯區,0,1,0,7,2,6,60,13,7,1,5,4,6,6,4,4,1,3,1,2,13,3,10,5,4,B03,7,9,1,8,2,1,,7,7,1,13,4,120.652884,24.160766,2
7012,66000,387130000C,(04)23274275,(04)23288582,2025,7,19,11,25,臺中市,西屯區,0,0,0,7,,,50,,,,,,,,,,,,,,17,,,,,B03,,,1,,1,,,59,59,1,13,4,120.617929,24.188403,3
7013,66000,387130000C,(04)23274275,(04)23288582,2025,7,19,11,26,臺中市,東區,0,0,0,7,,,50,,,,,,,,,,,,,,13,,,,,B03,,,1,,1,,,7,7,1,12,4,120.704319,24.142546,3
7014,66000,387130000C,(04)23274275,(04)23288582,2025,7,19,11,27,臺中市,南屯區,0,1,0,7,2,6,50,4,1,1,5,4,6,6,1,1,5,5,5,2,16,3,10,3,1,B03,7,6,1,8,2,6,,11,11,1,6,4,120.650005,24.129515,2
7015,66000,387130000C,(04)23274275,(04)23288582,2025,7,19,11,30,臺中市,北屯區,0,1,0,7,2,6,50,3,1,1,5,4,6,6,4,4,9,4,5,2,12,3,10,1,1,C03,7,4,1,10,2,12,,39,39,1,6,4,120.699795,24.178587,2
7016,66000,387130000C,(04)23274275,(04)23288582,2025,7,19,11,34,臺中市,西屯區,0,0,0,7,,,40,,,,,,,,,,,,,,12,,,,,C03,,,1,,1,,,8,8,1,13,4,120.61582,24.190194,3
7017,66000,387130000C,(04)23274275,(04)23288582,2025,7,19,11,37,臺中市,北屯區,0,1,0,7,3,6,50,4,1,1,5,4,6,6,1,1,10,5,5,2,17,3,10,3,1,B03,7,6,1,8,2,8,,84,84,1,12,4,120.676711,24.176952,2
7018,66000,387130000C,(04)23274275,(04)23288582,2025,7,19,11,40,臺中市,北屯區,0,3,0,7,2,6,40,4,1,1,5,4,6,6,2,1,10,5,5,2,13,2,9,1,1,C03,7,9,1,10,2,11,,84,84,1,13,4,120.719112,24.163032,2
7019,66000,387130000C,(04)23274275,(04)23288582,2025,7,19,11,40,臺中市,外埔區,0,1,0,7,2,6,50,13,9,1,5,4,6,6,4,4,10,5,5,2,18,2,9,1,1,C03,7,9,1,10,2,11,,59,59,1,12,4,120.664685,24.34927,2
7020,66000,387130000C,(04)23274275,(04)23288582,2025,7,19,11,42,臺中市,北屯區,0,0,0,7,,,50,,,,,,,,,,,,,,13,,,,,B03,,,1,,1,,,84,84,1,12,4,120.701545,24.169815,3
7021,66000,387130000C,(04)23274275,(04)23288582,2025,7,19,11,44,臺中市,東勢區,0,0,0,7,,,50,,,,,,,,,,,,,,12,,,,,B03,,,1,,1,,,8,8,1,13,4,120.788215,24.285448,3
7022,66000,387130000C,(04)23274275,(04)23288582,2025,7,19,11,46,臺中市,南區,0,0,0,7,,,50,,,,,,,,,,,,,,17,,,,,B02,,,1,,1,,,51,51,1,12,4,120.682046,24.134027,3
7023,66000,387130000C,(04)23274275,(04)23288582,2025,7,19,11,47,臺中市,沙鹿區,0,1,0,7,2,6,50,4,2,1,5,4,6,6,4,4,10,5,5,2,19,2,9,2,1,C03,7,9,1,10,2,11,,54,54,1,12,4,120.55473,24.23155,2
7024,66000,387130000C,(04)23274275,(04)23288582,2025,7,19,11,49,臺中市,沙鹿區,0,1,0,7,2,6,50,13,9,1,5,4,6,6,4,4,9,5,5,2,17,2,9,1,1,C03,7,9,1,10,2,11,,7,7,1,13,4,120.575416,24.226111,2
7025,66000,387130000C,(04)23274275,(04)23288582,2025,7,19,11,50,臺中市,豐原區,0,0,0,7,,,50,,,,,,,,,,,,,,15,,,,,C03,,,3,,2,,,21,21,1,13,4,120.718499,24.237984,3
7026,66000,387130000C,(04)23274275,(04)23288582,2025,7,19,11,51,臺中市,烏日區,0,0,0,7,,,50,,,,,,,,,,,,,,,,,,,B02,,,1,,1,,,8,8,1,13,4,120.616844,24.116186,3
7027,66000,387130000C,(04)23274275,(04)23288582,2025,7,19,11,55,臺中市,太平區,0,1,0,7,2,6,40,8,9,1,5,4,6,6,4,4,9,4,5,1,18,2,9,2,1,C03,7,9,1,10,2,12,,85,85,1,12,4,120.775569,24.105508,2
7028,66000,387130000C,(04)23274275,(04)23288582,2025,7,19,11,59,臺中市,大雅區,0,2,0,7,1,6,40,4,1,1,5,4,6,6,1,1,10,5,5,2,13,2,9,2,1,C03,7,9,1,10,2,11,,7,7,1,12,4,120.650014,24.212603,2
7029,66000,387130000C,(04)23274275,(04)23288582,2025,7,19,11,59,臺中市,梧棲區,0,1,0,7,3,6,50,3,2,1,5,4,6,6,4,4,5,5,5,1,17,3,10,5,1,B03,7,13,1,8,2,4,,76,76,1,6,4,120.530967,24.254413,2
7030,66000,387130000C,(04)23274275,(04)23288582,2025,7,19,12,7,臺中市,西屯區,0,1,0,7,2,6,50,3,2,1,5,4,6,6,1,1,9,2,5,2,12,3,10,5,4,B03,7,3,1,8,2,2,,50,50,1,13,4,120.613517,24.172724,2
7031,66000,387130000C,(04)23274275,(04)23288582,2025,7,19,12,10,臺中市,西區,0,1,0,7,2,6,50,4,1,1,5,4,6,6,1,1,10,5,5,2,18,2,1,6,1,F01,7,9,7,21,2,16,,84,84,1,13,4,120.668339,24.139714,2
7032,66000,387130000C,(04)23274275,(04)23288582,2025,7,19,12,10,臺中市,北區,0,0,0,7,,,50,,,,,,,,,,,,,,14,,,,,B03,,,1,,1,,,49,49,1,12,4,120.685414,24.152379,3
7033,66000,387130000C,(04)23274275,(04)23288582,2025,7,19,12,12,臺中市,北區,0,0,0,7,,,50,,,,,,,,,,,,,,13,,,,,B03,,,1,,1,,,7,7,1,13,4,120.67414,24.163545,3
7034,66000,387130000C,(04)23274275,(04)23288582,2025,7,19,12,12,臺中市,西屯區,0,0,0,7,,,40,,,,,,,,,,,,,,12,,,,,B03,,,1,,1,,,8,8,1,13,4,120.621334,24.179904,3
7035,66000,387130000C,(04)23274275,(04)23288582,2025,7,19,12,13,臺中市,清水區,0,0,0,7,,,50,,,,,,,,,,,,,,,,,,,B12,,,1,,11,,,8,8,1,12,4,120.575605,24.267376,3
7036,66000,387130000C,(04)23274275,(04)23288582,2025,7,19,12,14,臺中市,西屯區,0,0,0,7,,,30,,,,,,,,,,,,,,15,,,,,B03,,,1,,1,,,14,14,1,12,4,120.594813,24.185628,3
7037,66000,387130000C,(04)23274275,(04)23288582,2025,7,19,12,15,臺中市,東區,0,0,0,7,,,40,,,,,,,,,,,,,,12,,,,,C03,,,1,,2,,,84,84,1,12,4,120.688892,24.135019,3
7038,66000,387130000C,(04)23274275,(04)23288582,2025,7,19,12,15,臺中市,南屯區,0,1,0,7,2,6,50,4,1,1,5,4,6,6,2,1,9,4,1,2,11,3,10,3,1,B03,7,6,5,8,6,1,,59,59,1,12,4,120.623141,24.145201,2
7039,66000,387130000C,(04)23274275,(04)23288582,2025,7,19,12,17,臺中市,龍井區,0,1,0,7,2,6,30,3,1,1,5,4,6,6,4,4,10,5,5,2,16,3,10,3,1,B03,7,5,1,8,2,8,,14,14,1,6,4,120.59306,24.189593,2
7040,66000,387130000C,(04)23274275,(04)23288582,2025,7,19,12,18,臺中市,大雅區,0,0,0,7,,,60,,,,,,,,,,,,,,13,,,,,B03,,,1,,1,,,56,56,1,13,4,120.650554,24.210237,3
7041,66000,387130000C,(04)23274275,(04)23288582,2025,7,19,12,20,臺中市,南區,0,0,0,7,,,30,,,,,,,,,,,,,,14,,,,,B03,,,1,,1,,,49,49,1,12,4,120.673401,24.127253,3
7042,66000,387130000C,(04)23274275,(04)23288582,2025,7,19,12,23,臺中市,沙鹿區,0,0,0,7,,,50,,,,,,,,,,,,,,17,,,,,B03,,,1,,2,,,8,8,1,6,4,120.578792,24.218129,3
7043,66000,387130000C,(04)23274275,(04)23288582,2025,7,19,12,24,臺中市,豐原區,0,1,0,7,2,6,50,13,9,1,5,4,6,6,4,4,1,4,5,1,14,3,10,3,1,B03,7,2,1,8,2,3,,49,49,1,12,4,120.710003,24.247333,2
7044,66000,387130000C,(04)23274275,(04)23288582,2025,7,19,12,25,臺中市,西屯區,0,1,0,7,2,6,30,4,2,1,5,4,6,6,4,4,5,4,5,2,16,2,8,5,4,C03,7,6,1,10,2,12,,13,13,1,13,4,120.616949,24.183496,2
7045,66000,387130000C,(04)23274275,(04)23288582,2025,7,19,12,26,臺中市,西屯區,0,0,0,7,,,50,,,,,,,,,,,,,,17,,,,,B03,,,1,,2,,,84,84,1,13,4,120.652207,24.16784,3
7046,66000,387130000C,(04)23274275,(04)23288582,2025,7,19,12,26,臺中市,大里區,0,0,0,7,,,50,,,,,,,,,,,,,,,,,,,C03,,,1,,2,,,7,7,1,6,4,120.707159,24.095356,3
7047,66000,387130000C,(04)23274275,(04)23288582,2025,7,19,12,28,臺中市,北屯區,0,1,0,7,2,6,50,3,1,1,5,4,6,6,4,4,4,3,5,2,16,3,10,3,1,B03,7,6,1,10,2,7,,14,14,1,13,4,120.711433,24.170671,2
7048,66000,387130000C,(04)23274275,(04)23288582,2025,7,19,12,30,臺中市,北屯區,0,1,0,7,2,6,50,4,1,1,5,4,6,6,1,1,10,5,5,2,16,3,10,5,4,B03,7,6,1,8,2,2,,11,11,1,12,4,120.685577,24.174551,2
7049,66000,387130000C,(04)23274275,(04)23288582,2025,7,19,12,30,臺中市,沙鹿區,0,1,0,7,2,6,30,13,9,1,5,4,6,6,4,4,10,5,5,2,3,3,10,5,1,B03,7,4,6,20,11,2,,1,1,1,13,4,120.578142,24.2194,2
7050,66000,387130000C,(04)23274275,(04)23288582,2025,7,19,12,34,臺中市,南屯區,0,2,0,7,2,6,50,4,1,1,5,4,6,6,2,1,5,4,5,2,16,2,9,2,1,C03,7,6,1,10,2,12,,11,11,1,12,4,120.642638,24.146872,2
7051,66000,387130000C,(04)23274275,(04)23288582,2025,7,19,12,35,臺中市,東區,0,0,0,7,,,50,,,,,,,,,,,,,,,,,,,C03,,,1,,2,,,8,8,1,12,4,120.695735,24.142698,3
7052,66000,387130000C,(04)23274275,(04)23288582,2025,7,19,12,40,臺中市,南屯區,0,0,0,7,,,50,,,,,,,,,,,,,,,,,,,B03,,,1,,2,,,50,50,1,6,4,120.642676,24.134964,3
7053,66000,387130000C,(04)23274275,(04)23288582,2025,7,19,12,40,臺中市,西屯區,0,0,0,7,2,6,40,13,8,1,5,4,6,6,4,4,1,4,5,2,13,,,,,C03,,,1,,1,,,7,7,1,13,4,120.644526,24.164305,3
7054,66000,387130000C,(04)23274275,(04)23288582,2025,7,19,12,41,臺中市,大雅區,0,1,0,7,1,6,50,3,1,1,5,4,6,6,1,1,10,5,5,2,16,3,10,3,1,B03,7,5,1,8,2,5,,20,20,1,12,4,120.668595,24.219834,2
7055,66000,387130000C,(04)23274275,(04)23288582,2025,7,19,12,50,臺中市,南屯區,0,0,0,7,,,50,,,,,,,,,,,,,,17,,,,,B03,,,1,,2,,,8,8,1,12,4,120.629712,24.118182,3
7056,66000,387130000C,(04)23274275,(04)23288582,2025,7,19,12,50,臺中市,南屯區,0,1,0,7,2,6,50,13,9,1,5,4,6,6,4,4,9,4,5,2,13,3,10,3,1,B03,7,9,1,8,2,1,,7,7,1,12,4,120.626981,24.148491,2
7057,66000,387130000C,(04)23274275,(04)23288582,2025,7,19,13,2,臺中市,西區,0,0,0,7,,,30,,,,,,,,,,,,,,,,,,,B03,,,1,,1,,,7,7,1,6,4,120.662917,24.152538,3
7058,66000,387130000C,(04)23274275,(04)23288582,2025,7,19,13,2,臺中市,大肚區,0,0,0,7,,,30,,,,,,,,,,,,,,15,,,,,C03,,,1,,2,,,15,15,1,12,4,120.579488,24.172831,3
7059,66000,387130000C,(04)23274275,(04)23288582,2025,7,19,13,10,臺中市,西區,0,0,0,7,,,30,,,,,,,,,,,,,,12,,,,,B03,,,1,,1,,,50,50,1,12,4,120.65652,24.143455,3