序號,縣市別代碼,機關代碼,市話,傳真,年,月,日,時,分,縣市,區,死亡數量,受傷數量,2-30,天候,道路照明設備,道路類別,道路速限,道路型態,事故位置,路面鋪裝,路面狀態,路面缺陷,障礙物,視距,號誌種類,號誌動作,分向設施,快車道或一般車道間,快慢車道間,路面邊線,事故類型及型態,受傷程度,主要傷處,保護裝備,行動電話或功能裝置,當事者區分(類別),車輛用途,當事者行動狀態,駕照狀態,駕照種類,飲酒情形,車輛撞擊部位最初,車輛撞擊部位其他,肇事因素個別,肇事因素主要,肇事逃逸,職業,共享經濟或外送平台,GPS座標X,GPS座標Y,事故類別
7060,66000,387130000C,(04)23274275,(04)23288582,2025,7,19,13,10,臺中市,沙鹿區,0,1,0,7,2,6,50,13,8,1,5,4,6,6,4,4,1,4,5,1,13,2,8,2,1,F03,7,9,7,21,2,12,,59,59,1,12,4,120.574428,24.254098,2
7061,66000,387130000C,(04)23274275,(04)23288582,2025,7,19,13,10,臺中市,東勢區,0,0,0,7,,,50,,,,,,,,,,,,,,12,,,,,B12,,,1,,2,,,50,50,1,13,4,120.835241,24.251995,3
7062,66000,387130000C,(04)23274275,(04)23288582,2025,7,19,13,11,臺中市,東區,0,0,0,7,,,50,,,,,,,,,,,,,,12,,,,,C03,,,1,,2,,,8,8,1,12,4,120.687103,24.136085,3
7063,66000,387130000C,(04)23274275,(04)23288582,2025,7,19,13,14,臺中市,北區,0,1,0,7,3,6,50,13,9,1,5,4,6,6,4,4,9,5,5,2,17,3,10,3,1,B03,7,1,1,8,2,8,,51,51,1,12,4,120.698011,24.15293,2
7064,66000,387130000C,(04)23274275,(04)23288582,2025,7,19,13,18,臺中市,北區,0,1,0,7,2,6,50,13,9,1,5,4,6,6,4,4,1,4,5,2,17,2,9,1,1,C03,7,9,1,9,2,12,,84,84,1,13,4,120.67204,24.17378,2
7065,66000,387130000C,(04)23274275,(04)23288582,2025,7,19,13,20,臺中市,西區,0,0,0,7,,,50,,,,,,,,,,,,,,,,,,,B03,,,1,,1,,,84,84,1,12,4,120.680132,24.139432,3
7066,66000,387130000C,(04)23274275,(04)23288582,2025,7,19,13,22,臺中市,霧峰區,0,0,0,7,,,50,,,,,,,,,,,,,,13,,,,,B03,,,1,,2,,,84,84,1,12,4,120.697551,24.057565,3
7067,66000,387130000C,(04)23274275,(04)23288582,2025,7,19,13,24,臺中市,西區,0,0,0,7,,,50,,,,,,,,,,,,,,,,,,,B03,,,1,,1,,,11,11,1,13,4,120.664027,24.151383,3
7068,66000,387130000C,(04)23274275,(04)23288582,2025,7,19,13,28,臺中市,沙鹿區,0,1,0,7,2,6,50,13,7,1,5,4,6,6,4,4,3,4,4,2,17,2,9,1,1,C03,7,9,5,19,2,11,,58,58,1,13,4,120.558537,24.234453,2
7069,66000,387130000C,(04)23274275,(04)23288582,2025,7,19,13,30,臺中市,西屯區,0,0,0,7,,,50,,,,,,,,,,,,,,14,,,,,B03,,,1,,1,,,49,49,1,13,4,120.654481,24.1564,3
7070,66000,387130000C,(04)23274275,(04)23288582,2025,7,19,13,32,臺中市,西區,0,0,0,7,,,50,,,,,,,,,,,,,,17,,,,,B03,,,1,,2,,,58,58,1,12,4,120.666072,24.150605,3
7071,66000,387130000C,(04)23274275,(04)23288582,2025,7,19,13,32,臺中市,大甲區,0,1,0,7,2,6,50,13,9,1,5,4,6,5,4,4,9,5,5,1,16,3,10,2,1,C03,7,6,1,10,2,11,,48,48,1,12,4,120.625923,24.345863,2
7072,66000,387130000C,(04)23274275,(04)23288582,2025,7,19,13,39,臺中市,北屯區,0,0,0,7,,,,,,,,,,,,,,,,,17,,,,,,,,,,,,,119,119,1,,,120.665048,24.191564,3
7073,66000,387130000C,(04)23274275,(04)23288582,2025,7,19,13,40,臺中市,南區,0,1,0,7,2,6,30,3,1,1,5,4,6,6,4,4,10,5,5,2,17,2,9,1,1,C03,7,9,1,10,1,11,,26,26,1,12,4,120.659336,24.117232,2
7074,66000,387130000C,(04)23274275,(04)23288582,2025,7,19,13,46,臺中市,龍井區,0,2,0,7,2,6,50,4,1,1,5,4,6,6,4,4,10,5,5,2,16,2,8,2,1,C03,7,5,1,10,2,12,,14,14,1,6,4,120.548316,24.19187,2
7075,66000,387130000C,(04)23274275,(04)23288582,2025,7,19,13,54,臺中市,西屯區,0,0,0,7,,3,80,,,,,,,,,,,,,,13,,,,,B12,,,1,,1,,,7,7,1,12,4,120.632419,24.170635,3
7076,66000,387130000C,(04)23274275,(04)23288582,2025,7,19,13,55,臺中市,大雅區,0,0,0,7,,,30,,,,,,,,,,,,,,20,,,,,B02,,,1,,2,,,8,8,1,13,4,120.602698,24.226215,3
7077,66000,387130000C,(04)23274275,(04)23288582,2025,7,19,13,56,臺中市,北屯區,0,2,0,7,2,6,50,13,7,1,5,4,6,6,4,4,5,5,5,2,12,3,10,3,1,B12,7,9,1,8,2,2,,8,8,1,12,4,120.692356,24.16849,2
7078,66000,387130000C,(04)23274275,(04)23288582,2025,7,19,13,58,臺中市,南屯區,0,1,0,7,2,6,50,4,2,1,5,4,6,6,4,4,5,4,5,2,17,3,10,3,1,B03,7,9,1,8,2,6,,13,13,1,12,4,120.632249,24.142134,2
7079,66000,387130000C,(04)23274275,(04)23288582,2025,7,19,14,0,臺中市,南屯區,0,0,0,7,,,50,,,,,,,,,,,,,,13,,,,,B03,,,1,,1,,,7,7,1,12,4,120.615885,24.153423,3
7080,66000,387130000C,(04)23274275,(04)23288582,2025,7,19,14,0,臺中市,北屯區,0,0,0,7,,,30,,,,,,,,,,,,,,14,,,,,B12,,,1,8,1,,,85,85,1,12,4,120.717709,24.174662,3
7081,66000,387130000C,(04)23274275,(04)23288582,2025,7,19,14,0,臺中市,太平區,0,3,0,7,2,6,50,3,2,1,5,4,6,6,4,4,5,2,4,1,16,2,9,1,1,C03,7,11,1,10,2,13,14,13,13,1,12,4,120.730801,24.15063,2
7082,66000,387130000C,(04)23274275,(04)23288582,2025,7,19,14,0,臺中市,豐原區,0,0,0,7,,,50,,,,,,,,,,,,,,12,,,,,B03,,,1,,2,,,40,40,1,12,4,120.758742,24.27636,3
7083,66000,387130000C,(04)23274275,(04)23288582,2025,7,19,14,1,臺中市,后里區,0,0,0,7,2,6,50,13,9,1,5,4,6,6,4,4,5,4,5,1,9,,,,,B03,,,1,,1,,,50,50,1,6,4,120.711306,24.30628,3
7084,66000,387130000C,(04)23274275,(04)23288582,2025,7,19,14,9,臺中市,南區,0,0,0,7,,,1,,,,,,,,,,,,,,14,,,,,B03,,,1,,1,,,49,49,1,12,4,120.646134,24.110514,3
7085,66000,387130000C,(04)23274275,(04)23288582,2025,7,19,14,10,臺中市,西區,0,0,0,7,,,50,,,,,,,,,,,,,,13,,,,,C03,,,1,,2,,,84,84,1,12,4,120.66325,24.148931,3
7086,66000,387130000C,(04)23274275,(04)23288582,2025,7,19,14,14,臺中市,沙鹿區,0,0,0,7,,,50,,,,,,,,,,,,,,,,,,,B03,,,1,,1,,,8,8,1,6,4,120.560763,24.241788,3
7087,66000,387130000C,(04)23274275,(04)23288582,2025,7,19,14,21,臺中市,清水區,0,1,0,7,3,6,50,3,1,1,5,4,6,6,4,4,9,4,4,2,17,2,9,2,1,C03,7,9,3,19,2,12,,84,84,1,12,4,120.628062,24.292669,2
7088,66000,387130000C,(04)23274275,(04)23288582,2025,7,19,14,27,臺中市,西區,0,0,0,7,,,50,,,,,,,,,,,,,,,,,,,B03,,,1,,1,,,84,84,1,12,4,120.662278,24.135262,3
7089,66000,387130000C,(04)23274275,(04)23288582,2025,7,19,14,27,臺中市,西屯區,0,1,0,7,2,6,50,13,9,1,5,4,6,6,4,4,5,4,5,2,12,3,10,5,4,C03,7,9,1,10,2,11,,8,8,1,13,4,120.621615,24.186271,2
7090,66000,387130000C,(04)23274275,(04)23288582,2025,7,19,14,28,臺中市,北區,0,1,0,7,2,6,50,13,9,1,5,4,6,6,4,4,10,5,5,2,13,3,10,1,1,C03,7,9,1,10,1,11,,84,84,1,12,4,120.6841,24.165433,2
7091,66000,387130000C,(04)23274275,(04)23288582,2025,7,19,14,29,臺中市,西屯區,0,0,0,7,,,50,,,,,,,,,,,,,,12,,,,,C01,,,1,,9,,,8,8,1,12,4,120.630888,24.183174,3
7092,66000,387130000C,(04)23274275,(04)23288582,2025,7,19,14,30,臺中市,東區,0,0,0,7,1,6,50,13,7,1,5,4,6,6,1,1,5,4,5,2,13,3,10,3,1,B03,7,15,1,,1,8,,58,58,1,12,4,120.69096,24.140038,3
7093,66000,387130000C,(04)23274275,(04)23288582,2025,7,19,14,30,臺中市,北屯區,0,0,0,7,,,50,,,,,,,,,,,,,,17,,,,,B03,,,1,,2,,,50,50,1,12,4,120.722412,24.174984,3
7094,66000,387130000C,(04)23274275,(04)23288582,2025,7,19,14,31,臺中市,北屯區,0,1,0,7,2,6,50,4,1,1,5,4,6,6,2,1,1,3,5,2,16,3,10,3,1,B03,7,6,1,8,2,2,5,11,11,1,13,4,120.681621,24.177957,2
7095,66000,387130000C,(04)23274275,(04)23288582,2025,7,19,14,31,臺中市,西屯區,0,0,0,7,,,50,,,,,,,,,,,,,,12,,,,,B03,,,1,,1,,,51,51,1,13,4,120.636989,24.172162,3
7096,66000,387130000C,(04)23274275,(04)23288582,2025,7,19,14,34,臺中市,北區,0,0,0,7,,,50,,,,,,,,,,,,,,13,,,,,B03,,,1,,2,,,40,40,1,13,4,120.677156,24.150952,3
7097,66000,387130000C,(04)23274275,(04)23288582,2025,7,19,14,38,臺中市,北屯區,0,0,0,7,,,30,,,,,,,,,,,,,,12,,,,,B12,,,1,,1,,,8,8,1,6,4,120.70252,24.166258,3
7098,66000,387130000C,(04)23274275,(04)23288582,2025,7,19,14,43,臺中市,北區,0,0,0,7,,,50,,,,,,,,,,,,,,17,,,,,A11,,,1,,2,,,51,51,1,12,4,120.668505,24.168748,3
7099,66000,387130000C,(04)23274275,(04)23288582,2025,7,19,14,44,臺中市,太平區,0,2,0,7,2,6,50,3,1,1,5,4,6,6,4,4,10,5,5,2,17,3,10,5,4,B03,7,5,1,8,2,2,,84,84,1,6,4,120.718906,24.130262,2
7100,66000,387130000C,(04)23274275,(04)23288582,2025,7,19,14,45,臺中市,西區,0,1,0,7,2,6,50,4,1,1,5,4,6,6,4,4,10,5,5,2,17,2,9,1,1,C03,7,9,1,8,2,11,,7,7,1,12,4,120.660184,24.155275,2
7101,66000,387130000C,(04)23274275,(04)23288582,2025,7,19,14,50,臺中市,南屯區,0,0,0,7,,,5,,,,,,,,,,,,,,,,,,,B03,,,1,,1,,,39,39,1,13,4,120.649619,24.131396,3
7102,66000,387130000C,(04)23274275,(04)23288582,2025,7,19,14,52,臺中市,南屯區,0,0,0,7,,3,50,,,,,,,,,,,,,,,,,,,A12,,,1,,9,,,84,84,1,13,4,120.623177,24.147022,3
7103,66000,387130000C,(04)23274275,(04)23288582,2025,7,19,14,53,臺中市,北區,0,1,0,7,3,6,50,5,2,1,5,4,6,6,2,1,3,2,5,2,17,3,10,5,4,B01,7,5,1,4,2,16,,42,42,1,13,4,120.686252,24.15482,2
7104,66000,387130000C,(04)23274275,(04)23288582,2025,7,19,15,0,臺中市,潭子區,0,0,0,7,,,50,,,,,,,,,,,,,,,,,,,A11,,,1,,2,,,49,49,1,13,4,120.72246,24.203053,3
7105,66000,387130000C,(04)23274275,(04)23288582,2025,7,19,15,5,臺中市,北屯區,0,0,0,7,,,50,,,,,,,,,,,,,,12,,,,,B12,,,1,,1,,,8,8,1,6,4,120.690541,24.176253,3
7106,66000,387130000C,(04)23274275,(04)23288582,2025,7,19,15,8,臺中市,龍井區,0,0,0,7,,,30,,,,,,,,,,,,,,13,,,,,B03,,,1,,2,,,7,7,1,6,4,120.592843,24.181438,3
7107,66000,387130000C,(04)23274275,(04)23288582,2025,7,19,15,12,臺中市,北屯區,0,1,0,7,2,6,30,4,1,1,5,4,6,6,4,4,10,5,5,2,15,2,9,1,1,C03,7,9,1,10,2,12,,12,12,1,6,4,120.70999,24.169787,2
7108,66000,387130000C,(04)23274275,(04)23288582,2025,7,19,15,12,臺中市,豐原區,0,1,0,7,2,6,30,3,1,1,5,4,6,6,4,4,10,5,5,2,17,2,7,5,4,C03,7,6,1,10,2,13,,14,14,1,13,4,120.717885,24.249975,2
7109,66000,387130000C,(04)23274275,(04)23288582,2025,7,19,15,17,臺中市,石岡區,0,1,0,7,2,6,50,5,1,1,5,4,6,6,3,1,10,5,5,2,16,3,10,5,4,B03,7,6,1,8,2,8,,24,24,1,13,4,120.779553,24.275332,2
7110,66000,387130000C,(04)23274275,(04)23288582,2025,7,19,15,21,臺中市,北屯區,0,0,0,7,,,50,,,,,,,,,,,,,,14,,,,,B03,,,1,,9,,,49,49,2,12,4,120.691746,24.186217,3
7111,66000,387130000C,(04)23274275,(04)23288582,2025,7,19,15,25,臺中市,太平區,0,0,0,7,,,50,,,,,,,,,,,,,,,,,,,B03,,,1,,1,,,85,85,1,12,4,120.712331,24.155743,3
7112,66000,387130000C,(04)23274275,(04)23288582,2025,7,19,15,29,臺中市,南區,0,0,0,7,,,50,,,,,,,,,,,,,,,,,,,B01,,,1,,1,,,84,84,1,13,4,120.653157,24.11311,3
7113,66000,387130000C,(04)23274275,(04)23288582,2025,7,19,15,30,臺中市,沙鹿區,0,0,0,7,2,6,30,13,9,1,5,4,6,6,4,4,10,5,5,2,14,,,,,B02,,,1,,1,,,49,49,1,12,4,120.606839,24.245128,3
7114,66000,387130000C,(04)23274275,(04)23288582,2025,7,19,15,31,臺中市,北屯區,0,0,0,7,,,50,,,,,,,,,,,,,,16,,,,,B03,,,1,8,1,,,84,84,1,6,4,120.709211,24.180084,3
7115,66000,387130000C,(04)23274275,(04)23288582,2025,7,19,15,31,臺中市,西屯區,0,1,0,7,1,6,50,13,9,1,5,4,6,6,4,4,5,5,5,2,13,3,10,1,1,C03,7,9,1,10,2,11,,7,7,1,12,4,120.643942,24.175338,2
7116,66000,387130000C,(04)23274275,(04)23288582,2025,7,19,15,34,臺中市,太平區,0,0,0,7,2,6,50,,,,,,,,,,,,,,,,,,,B03,,,1,,1,1,,58,58,1,12,4,120.714398,24.150003,3
7117,66000,387130000C,(04)23274275,(04)23288582,2025,7,19,15,36,臺中市,西區,0,0,0,7,,,50,,,,,,,,,,,,,,13,,,,,B03,,,1,,1,,,84,84,1,12,4,120.66253,24.163502,3
7118,66000,387130000C,(04)23274275,(04)23288582,2025,7,19,15,37,臺中市,清水區,0,0,0,7,,,40,,,,,,,,,,,,,,13,,,,,A41,,,1,,1,,,7,7,1,6,4,120.552485,24.294012,3
7119,66000,387130000C,(04)23274275,(04)23288582,2025,7,19,15,42,臺中市,石岡區,0,0,0,7,,,30,,,,,,,,,,,,,,11,,,,,C03,,,1,,2,,,8,8,1,13,4,120.801794,24.269424,3
7120,66000,387130000C,(04)23274275,(04)23288582,2025,7,19,15,50,臺中市,西屯區,0,0,0,7,,,50,,,,,,,,,,,,,,,,,,,B03,,,1,,9,,,8,8,1,13,4,120.615719,24.186513,3
7121,66000,387130000C,(04)23274275,(04)23288582,2025,7,19,16,0,臺中市,潭子區,0,1,0,7,3,6,50,3,2,1,5,4,6,6,1,1,5,4,4,2,17,2,9,1,1,C03,7,11,1,10,5,14,,39,39,1,12,4,120.692183,24.221436,2
7122,66000,387130000C,(04)23274275,(04)23288582,2025,7,19,16,0,臺中市,龍井區,0,0,0,7,,,30,,,,,,,,,,,,,,,,,,,B03,,,1,,1,,,8,8,1,6,4,120.495945,24.199875,3
7123,66000,387130000C,(04)23274275,(04)23288582,2025,7,19,16,1,臺中市,清水區,0,0,0,7,,,30,,,,,,,,,,,,,,15,,,,,B03,,,1,,1,,,12,12,1,13,4,120.553325,24.273246,3
7124,66000,387130000C,(04)23274275,(04)23288582,2025,7,19,16,5,臺中市,豐原區,0,1,0,7,2,6,50,13,9,1,5,4,6,6,4,4,1,4,5,1,23,2,9,5,1,B12,7,15,1,8,1,3,,78,78,1,13,4,120.759262,24.276465,2
7125,66000,387130000C,(04)23274275,(04)23288582,2025,7,19,16,7,臺中市,大甲區,0,0,0,7,,,50,,,,,,,,,,,,,,12,,,,,B03,,,1,,1,,,84,84,1,6,4,120.627317,24.340719,3
7126,66000,387130000C,(04)23274275,(04)23288582,2025,7,19,16,10,臺中市,北屯區,0,1,0,7,3,6,50,13,9,1,5,4,6,6,4,4,1,4,5,2,12,3,10,3,1,B03,7,5,1,8,1,5,,85,85,1,6,4,120.669883,24.176824,2
7127,66000,387130000C,(04)23274275,(04)23288582,2025,7,19,16,15,臺中市,南屯區,0,0,0,7,,,50,,,,,,,,,,,,,,17,,,,,B03,,,1,,1,,,51,51,1,12,4,120.63675,24.135747,3
7128,66000,387130000C,(04)23274275,(04)23288582,2025,7,19,16,17,臺中市,沙鹿區,0,1,0,6,2,6,50,13,9,1,5,4,6,6,4,4,3,4,5,2,17,2,9,1,1,C03,7,9,1,10,2,11,,84,84,1,13,4,120.562196,24.240739,2
7129,66000,387130000C,(04)23274275,(04)23288582,2025,7,19,16,20,臺中市,南屯區,0,0,0,7,,,60,,,,,,,,,,,,,,13,,,,,B02,,,1,,1,,,7,7,1,12,4,120.623241,24.137107,3
7130,66000,387130000C,(04)23274275,(04)23288582,2025,7,19,16,29,臺中市,神岡區,0,0,0,7,,,50,,,,,,,,,,,,,,14,,,,,B12,,,1,,2,,,49,49,1,12,4,120.666275,24.26259,3
7131,66000,387130000C,(04)23274275,(04)23288582,2025,7,19,16,30,臺中市,西屯區,0,0,0,7,,,50,,,,,,,,,,,,,,,,,,,B03,,,1,,1,,,7,7,1,13,4,120.647674,24.166781,3
7132,66000,387130000C,(04)23274275,(04)23288582,2025,7,19,16,30,臺中市,大里區,0,0,0,7,,,30,,,,,,,,,,,,,,11,,,,,B03,,,1,,2,,,8,8,1,13,4,120.664389,24.103719,3
7133,66000,387130000C,(04)23274275,(04)23288582,2025,7,19,16,30,臺中市,大里區,0,0,0,7,,,30,,,,,,,,,,,,,,17,,,,,B03,,,1,,1,,,8,8,1,13,4,120.703588,24.10052,3
7134,66000,387130000C,(04)23274275,(04)23288582,2025,7,19,16,35,臺中市,豐原區,0,0,0,7,,,50,,,,,,,,,,,,,,17,,,,,B03,,,1,,2,,,84,84,1,12,4,120.717861,24.240742,3
7135,66000,387130000C,(04)23274275,(04)23288582,2025,7,19,16,38,臺中市,西區,0,1,0,7,2,6,50,3,1,1,5,4,6,6,4,4,1,4,4,2,16,3,10,5,1,B03,7,5,1,8,2,5,,14,14,1,6,4,120.658179,24.154958,2
7136,66000,387130000C,(04)23274275,(04)23288582,2025,7,19,16,40,臺中市,中區,0,0,0,7,,,50,,,,,,,,,,,,,,13,,,,,B03,,,1,,1,,,7,7,1,12,4,120.682794,24.143622,3
7137,66000,387130000C,(04)23274275,(04)23288582,2025,7,19,16,41,臺中市,神岡區,0,2,0,7,2,6,50,13,9,1,5,4,6,6,4,4,9,5,5,1,1,2,9,2,1,C03,7,9,1,10,2,11,,58,58,1,6,4,120.682322,24.249807,2
7138,66000,387130000C,(04)23274275,(04)23288582,2025,7,19,16,51,臺中市,沙鹿區,0,1,0,6,2,6,40,13,12,1,5,4,6,6,4,4,3,4,4,2,17,3,10,3,1,B03,7,1,1,8,2,4,,51,51,1,13,4,120.582073,24.249599,2
7139,66000,387130000C,(04)23274275,(04)23288582,2025,7,19,17,5,臺中市,北屯區,0,0,0,7,,,50,,,,,,,,,,,,,,13,,,,,B03,,,1,,2,,,59,59,1,12,4,120.701635,24.182383,3
7140,66000,387130000C,(04)23274275,(04)23288582,2025,7,19,17,7,臺中市,北屯區,0,0,0,7,,,50,,,,,,,,,,,,,,17,,,,,B03,,,1,,1,,,35,35,1,6,4,120.697047,24.169516,3
7141,66000,387130000C,(04)23274275,(04)23288582,2025,7,19,17,7,臺中市,西屯區,0,1,0,7,3,6,50,13,8,1,5,4,6,6,4,4,5,5,4,2,17,2,9,5,4,C03,7,9,1,10,9,11,,59,59,1,13,4,120.615595,24.190454,2
7142,66000,387130000C,(04)23274275,(04)23288582,2025,7,19,17,7,臺中市,大甲區,0,0,0,7,,,50,,,,,,,,,,,,,,14,,,,,B03,,,1,,2,,,49,49,1,6,4,120.619194,24.338902,3
7143,66000,387130000C,(04)23274275,(04)23288582,2025,7,19,17,8,臺中市,北區,0,0,0,7,,,50,,,,,,,,,,,,,,,,,,,A02,,,1,,2,,,84,84,1,12,4,120.680976,24.163174,3
7144,66000,387130000C,(04)23274275,(04)23288582,2025,7,19,17,10,臺中市,南區,0,0,0,7,,,30,,,,,,,,,,,,,,30,,,,,C03,,,1,,9,,,87,87,1,6,4,120.68227,24.134129,3
7145,66000,387130000C,(04)23274275,(04)23288582,2025,7,19,17,17,臺中市,北屯區,0,0,0,7,,,40,,,,,,,,,,,,,,,,,,,B12,,,1,,1,,,8,8,1,12,4,120.699878,24.183836,3
7146,66000,387130000C,(04)23274275,(04)23288582,2025,7,19,17,17,臺中市,西屯區,0,0,0,7,,,50,,,,,,,,,,,,,,16,,,,,B03,,,1,,2,,,47,47,1,12,4,120.641985,24.16456,3
7147,66000,387130000C,(04)23274275,(04)23288582,2025,7,19,17,18,臺中市,南區,0,1,0,7,3,6,50,4,1,1,5,4,6,6,2,1,1,5,5,2,12,3,10,3,1,B03,7,5,1,8,2,6,,84,84,1,6,4,120.679251,24.119217,2
7148,66000,387130000C,(04)23274275,(04)23288582,2025,7,19,17,19,臺中市,北屯區,0,2,0,7,2,6,50,3,1,1,5,4,6,6,4,4,9,4,5,2,12,2,9,1,1,C03,7,9,1,10,2,14,,85,85,1,6,4,120.742749,24.182365,2
7149,66000,387130000C,(04)23274275,(04)23288582,2025,7,19,17,21,臺中市,西屯區,0,0,0,7,,,40,,,,,,,,,,,,,,16,,,,,B03,,,1,,1,,,40,40,1,12,4,120.632177,24.17087,3
7150,66000,387130000C,(04)23274275,(04)23288582,2025,7,19,17,22,臺中市,北屯區,0,1,0,7,2,6,50,13,9,1,5,4,6,6,4,4,1,4,5,2,13,2,9,1,1,C03,7,9,1,10,2,11,,7,7,1,6,4,120.696243,24.167962,2
7151,66000,387130000C,(04)23274275,(04)23288582,2025,7,19,17,28,臺中市,神岡區,0,0,0,7,,,50,,,,,,,,,,,,,,17,,,,,B03,,,1,,2,,,59,59,1,13,4,120.687127,24.248042,3
7152,66000,387130000C,(04)23274275,(04)23288582,2025,7,19,17,32,臺中市,北區,0,0,0,7,,,50,,,,,,,,,,,,,,12,,,,,B03,,,1,,2,,,58,58,1,13,4,120.663022,24.16153,3
7153,66000,387130000C,(04)23274275,(04)23288582,2025,7,19,17,37,臺中市,中區,0,0,0,7,,,50,,,,,,,,,,,,,,,,,,,C03,,,1,,1,,,7,7,1,13,4,120.679928,24.14312,3
7154,66000,387130000C,(04)23274275,(04)23288582,2025,7,19,17,43,臺中市,豐原區,0,0,0,6,,,60,,,,,,,,,,,,,,17,,,,,B03,,,1,,2,,,85,85,1,12,4,120.724675,24.264329,4
7155,66000,387130000C,(04)23274275,(04)23288582,2025,7,19,17,50,臺中市,西屯區,0,0,0,7,,,50,,,,,,,,,,,,,,13,,,,,B03,,,1,,1,,,59,59,1,13,4,120.636522,24.170266,3
7156,66000,387130000C,(04)23274275,(04)23288582,2025,7,19,17,53,臺中市,大里區,0,1,0,7,2,6,50,5,1,1,5,4,6,6,4,4,5,5,5,2,10,2,8,2,1,C03,7,9,1,10,2,11,,41,41,1,13,4,120.709693,24.101072,2
7157,66000,387130000C,(04)23274275,(04)23288582,2025,7,19,17,53,臺中市,石岡區,0,0,0,7,,,30,,,,,,,,,,,,,,11,,,,,B12,,,1,,1,,,8,8,1,12,4,120.781893,24.258825,3
7158,66000,387130000C,(04)23274275,(04)23288582,2025,7,19,17,56,臺中市,南屯區,0,1,0,7,2,6,50,4,2,1,5,4,6,6,2,1,5,4,4,2,17,3,10,3,1,B03,7,5,1,8,2,2,,39,39,1,12,4,120.637184,24.15155,2
7159,66000,387130000C,(04)23274275,(04)23288582,2025,7,19,17,58,臺中市,北屯區,0,1,0,6,3,6,50,13,9,1,5,4,6,6,4,4,1,4,5,2,12,3,10,2,1,C03,7,7,1,10,2,13,,40,40,1,6,4,120.72286,24.182089,2
7160,66000,387130000C,(04)23274275,(04)23288582,2025,7,19,17,59,臺中市,神岡區,0,0,0,7,,,50,,,,,,,,,,,,,,11,,,,,B03,,,1,,2,,,8,8,1,12,4,120.694121,24.236593,3
7161,66000,387130000C,(04)23274275,(04)23288582,2025,7,19,18,6,臺中市,南區,0,2,0,7,3,6,50,4,9,1,5,4,6,6,4,4,5,5,5,2,17,2,9,5,4,C03,7,9,1,10,2,11,,7,7,1,6,4,120.654339,24.124266,2
7162,66000,387130000C,(04)23274275,(04)23288582,2025,7,19,18,16,臺中市,西屯區,0,0,0,7,,,50,,,,,,,,,,,,,,13,,,,,B03,,,1,,1,,,84,84,1,12,4,120.649423,24.162239,3
7163,66000,387130000C,(04)23274275,(04)23288582,2025,7,19,18,25,臺中市,太平區,0,1,0,7,1,6,50,13,9,1,5,4,6,6,4,4,9,4,5,1,17,2,9,2,1,C03,7,9,1,10,2,11,,84,84,1,12,4,120.724968,24.143327,2
7164,66000,387130000C,(04)23274275,(04)23288582,2025,7,19,18,34,臺中市,中區,0,1,0,7,1,6,50,13,9,1,5,4,6,6,4,4,10,4,5,2,13,2,9,1,1,C03,7,9,3,19,2,11,,59,59,1,12,4,120.677054,24.146125,2
7165,66000,387130000C,(04)23274275,(04)23288582,2025,7,19,18,35,臺中市,太平區,0,0,0,7,,,40,,,,,,,,,,,,,,17,,,,,B03,,,1,,2,,,43,43,1,12,4,120.71305,24.124741,3
7166,66000,387130000C,(04)23274275,(04)23288582,2025,7,19,18,39,臺中市,南區,0,0,0,7,,,30,,,,,,,,,,,,,,17,,,,,B03,,,1,,1,,,82,82,1,12,4,120.681177,24.129106,3
7167,66000,387130000C,(04)23274275,(04)23288582,2025,7,19,18,47,臺中市,后里區,0,0,0,7,,,50,,,,,,,,,,,,,,11,,,,,B03,,,1,,2,,,8,8,1,12,4,120.692968,24.317848,3
7168,66000,387130000C,(04)23274275,(04)23288582,2025,7,19,18,50,臺中市,北屯區,0,0,0,7,,,50,,,,,,,,,,,,,,13,,,,,B03,,,1,,1,,,7,7,1,6,4,120.699665,24.160764,3
7169,66000,387130000C,(04)23274275,(04)23288582,2025,7,19,18,50,臺中市,沙鹿區,0,0,0,7,1,6,30,13,9,1,5,4,6,6,4,4,10,5,5,2,18,,,,,C02,,,1,,2,,,59,59,1,12,4,120.59526,24.227348,3
7170,66000,387130000C,(04)23274275,(04)23288582,2025,7,19,18,55,臺中市,西區,0,0,0,7,,,50,,,,,,,,,,,,,,13,,,,,C03,,,1,,1,,,7,7,1,13,4,120.659687,24.157317,3
7171,66000,387130000C,(04)23274275,(04)23288582,2025,7,19,18,56,臺中市,西屯區,0,1,0,7,1,6,50,4,1,1,5,4,6,6,1,1,10,5,5,2,16,3,10,3,1,B03,7,6,1,7,2,5,,11,11,1,12,4,120.650893,24.170869,2
7172,66000,387130000C,(04)23274275,(04)23288582,2025,7,19,18,57,臺中市,南屯區,0,0,0,7,,,50,,,,,,,,,,,,,,,,,,,B03,,,1,,1,,,59,59,1,13,4,120.646541,24.132061,3
7173,66000,387130000C,(04)23274275,(04)23288582,2025,7,19,18,58,臺中市,西區,0,0,0,6,,,50,,,,,,,,,,,,,,,,,,,C03,,,1,,1,,,7,7,1,13,4,120.66185,24.153224,3