序號,縣市別代碼,機關代碼,市話,傳真,年,月,日,時,分,縣市,區,死亡數量,受傷數量,2-30,天候,道路照明設備,道路類別,道路速限,道路型態,事故位置,路面鋪裝,路面狀態,路面缺陷,障礙物,視距,號誌種類,號誌動作,分向設施,快車道或一般車道間,快慢車道間,路面邊線,事故類型及型態,受傷程度,主要傷處,保護裝備,行動電話或功能裝置,當事者區分(類別),車輛用途,當事者行動狀態,駕照狀態,駕照種類,飲酒情形,車輛撞擊部位最初,車輛撞擊部位其他,肇事因素個別,肇事因素主要,肇事逃逸,職業,共享經濟或外送平台,GPS座標X,GPS座標Y,事故類別
7174,66000,387130000C,(04)23274275,(04)23288582,2025,7,19,18,59,臺中市,大里區,0,0,0,7,,,50,,,,,,,,,,,,,,,,,,,B03,,,1,,2,,,59,59,1,12,4,120.674447,24.102139,3
7175,66000,387130000C,(04)23274275,(04)23288582,2025,7,19,19,2,臺中市,西屯區,0,0,0,7,,,50,,,,,,,,,,,,,,13,,,,,B03,,,1,,1,,,59,59,1,13,4,120.644974,24.181789,3
7176,66000,387130000C,(04)23274275,(04)23288582,2025,7,19,19,13,臺中市,南區,0,0,0,7,,,50,,,,,,,,,,,,,,14,,,,,B03,,,1,,2,,,49,49,1,6,4,120.6588,24.124411,3
7177,66000,387130000C,(04)23274275,(04)23288582,2025,7,19,19,16,臺中市,東區,0,0,0,7,,,50,,,,,,,,,,,,,,,,,,,B03,,,1,,2,,,49,49,1,13,4,120.70146,24.128841,3
7178,66000,387130000C,(04)23274275,(04)23288582,2025,7,19,19,17,臺中市,北區,0,1,0,5,1,6,50,13,9,1,4,4,6,6,4,4,5,5,5,2,17,2,7,1,1,C03,7,9,1,10,1,11,,58,58,1,12,4,120.677372,24.172275,2
7179,66000,387130000C,(04)23274275,(04)23288582,2025,7,19,19,20,臺中市,北區,0,0,0,5,,,50,,,,,,,,,,,,,,,,,,,C03,,,1,,11,,,87,87,1,13,4,120.675564,24.16512,3
7180,66000,387130000C,(04)23274275,(04)23288582,2025,7,19,19,25,臺中市,東區,0,2,0,6,1,6,50,4,9,1,5,4,6,6,1,1,3,5,5,2,17,2,9,5,4,C03,7,9,3,19,2,11,,7,7,1,6,4,120.694333,24.144702,2
7181,66000,387130000C,(04)23274275,(04)23288582,2025,7,19,19,34,臺中市,龍井區,0,0,0,5,,,60,,,,,,,,,,,,,,,,,,,B03,,,1,,2,,,25,25,1,12,4,120.51685,24.205065,3
7182,66000,387130000C,(04)23274275,(04)23288582,2025,7,19,19,36,臺中市,北屯區,0,0,0,6,,,50,,,,,,,,,,,,,,13,,,,,B03,,,1,,1,,,82,82,1,6,4,120.686607,24.197844,3
7183,66000,387130000C,(04)23274275,(04)23288582,2025,7,19,19,37,臺中市,北屯區,0,2,0,5,1,6,50,3,1,1,4,4,6,6,2,1,10,5,5,2,17,2,9,1,1,C03,7,6,3,19,2,11,,48,48,1,6,4,120.681082,24.17638,2
7184,66000,387130000C,(04)23274275,(04)23288582,2025,7,19,19,44,臺中市,龍井區,0,0,0,7,,,50,,,,,,,,,,,,,,13,,,,,C03,,,1,,1,,,7,7,1,6,4,120.592534,24.1815,3
7185,66000,387130000C,(04)23274275,(04)23288582,2025,7,19,19,46,臺中市,西區,0,1,0,6,1,6,50,4,1,1,5,4,6,6,2,1,10,5,5,2,17,2,9,1,1,C03,7,7,1,10,2,13,,40,40,1,13,4,120.669373,24.138795,2
7186,66000,387130000C,(04)23274275,(04)23288582,2025,7,19,19,50,臺中市,太平區,0,2,0,7,1,6,50,3,1,1,5,4,6,6,4,4,10,5,5,2,13,2,9,2,1,C03,7,9,1,10,2,11,,7,7,1,12,4,120.716218,24.127599,2
7187,66000,387130000C,(04)23274275,(04)23288582,2025,7,19,19,51,臺中市,西區,0,1,0,7,1,6,50,4,2,1,5,4,6,6,1,1,1,4,4,2,18,2,9,4,1,F02,7,15,7,21,2,16,,82,82,1,12,4,120.666393,24.133614,2
7188,66000,387130000C,(04)23274275,(04)23288582,2025,7,19,19,56,臺中市,北屯區,0,0,0,5,,,50,,,,,,,,,,,,,,13,,,,,C03,,,1,,1,,,57,57,1,6,4,120.687681,24.171911,3
7189,66000,387130000C,(04)23274275,(04)23288582,2025,7,19,19,57,臺中市,南屯區,0,1,0,5,1,6,50,4,4,1,4,4,6,6,2,1,1,2,5,2,13,3,10,5,1,B03,7,9,1,4,2,1,,7,7,1,13,4,120.606757,24.148088,2
7190,66000,387130000C,(04)23274275,(04)23288582,2025,7,19,20,0,臺中市,北屯區,0,0,0,5,,,50,,,,,,,,,,,,,,16,,,,,B03,,,1,8,2,,,45,45,1,6,4,120.719089,24.163017,3
7191,66000,387130000C,(04)23274275,(04)23288582,2025,7,19,20,9,臺中市,潭子區,0,1,0,5,1,3,80,13,7,1,4,4,6,6,4,4,1,3,5,1,23,2,9,3,1,B03,7,9,1,8,2,1,,43,43,1,12,4,120.70072,24.216181,2
7192,66000,387130000C,(04)23274275,(04)23288582,2025,7,19,20,14,臺中市,北區,0,2,0,5,1,6,50,4,1,1,4,4,6,6,3,1,5,4,5,2,15,2,9,1,1,C03,7,9,1,10,2,12,14,24,24,1,13,4,120.69754,24.1553,2
7193,66000,387130000C,(04)23274275,(04)23288582,2025,7,19,20,16,臺中市,南區,0,0,0,6,,,40,,,,,,,,,,,,,,,,,,,B03,,,1,,9,,,84,84,2,13,4,120.657878,24.12546,3
7194,66000,387130000C,(04)23274275,(04)23288582,2025,7,19,20,29,臺中市,北區,0,0,0,5,,,50,,,,,,,,,,,,,,,,,,,B03,,,1,,1,,,45,45,1,13,4,120.68396,24.146313,3
7195,66000,387130000C,(04)23274275,(04)23288582,2025,7,19,20,29,臺中市,梧棲區,0,1,0,5,1,6,50,13,9,1,4,4,6,6,4,4,9,4,5,1,12,2,9,1,1,C03,7,9,1,10,8,12,,8,8,1,12,4,120.539128,24.250983,2
7196,66000,387130000C,(04)23274275,(04)23288582,2025,7,19,20,34,臺中市,西屯區,0,0,0,7,,,30,,,,,,,,,,,,,,14,,,,,B03,,,1,,2,,,49,49,1,12,4,120.647271,24.183465,3
7197,66000,387130000C,(04)23274275,(04)23288582,2025,7,19,20,34,臺中市,西屯區,0,0,0,7,,,50,,,,,,,,,,,,,,13,,,,,C03,,,1,,2,,,7,7,1,12,4,120.655771,24.19961,3
7198,66000,387130000C,(04)23274275,(04)23288582,2025,7,19,20,43,臺中市,大里區,0,0,0,5,,,50,,,,,,,,,,,,,,13,,,,,B02,,,1,,2,,,59,59,1,13,4,120.68893,24.078578,3
7199,66000,387130000C,(04)23274275,(04)23288582,2025,7,19,20,55,臺中市,北區,0,0,0,5,,,50,,,,,,,,,,,,,,,,,,,B12,,,1,,1,,,7,7,1,12,4,120.685238,24.163316,3
7200,66000,387130000C,(04)23274275,(04)23288582,2025,7,19,20,57,臺中市,梧棲區,0,1,0,5,1,6,50,3,2,1,4,4,6,6,1,1,5,4,4,2,13,2,1,3,1,B03,7,9,1,8,2,1,,7,7,1,12,4,120.532237,24.261763,2
7201,66000,387130000C,(04)23274275,(04)23288582,2025,7,19,21,0,臺中市,神岡區,0,0,0,7,,,50,,,,,,,,,,,,,,17,,,,,B12,,,1,,1,,,84,84,1,12,4,120.65892,24.262517,3
7202,66000,387130000C,(04)23274275,(04)23288582,2025,7,19,21,9,臺中市,北區,0,1,0,5,2,6,50,4,4,1,4,4,6,6,2,1,1,4,5,2,30,,,,,,,,,,,,,119,119,1,,,120.677303,24.151254,2
7203,66000,387130000C,(04)23274275,(04)23288582,2025,7,19,21,14,臺中市,潭子區,0,0,0,7,,,50,,,,,,,,,,,,,,,,,,,B03,,,1,,2,,,8,8,1,12,4,120.718121,24.197412,3
7204,66000,387130000C,(04)23274275,(04)23288582,2025,7,19,21,17,臺中市,大里區,0,2,0,5,1,6,30,3,1,1,4,4,6,6,4,4,10,5,5,2,12,2,9,1,1,C03,7,15,2,19,2,14,,84,84,1,13,4,120.693189,24.116685,2
7205,66000,387130000C,(04)23274275,(04)23288582,2025,7,19,21,17,臺中市,太平區,0,1,0,5,1,6,30,4,1,1,4,4,6,6,4,4,10,5,5,2,16,3,10,3,1,B03,7,6,1,8,2,1,,14,14,1,12,4,120.724996,24.143247,2
7206,66000,387130000C,(04)23274275,(04)23288582,2025,7,19,21,18,臺中市,大肚區,0,1,0,5,3,6,50,13,9,1,4,4,6,6,4,4,1,4,4,1,18,2,9,2,4,C03,7,9,5,10,2,12,,6,6,1,12,4,120.577083,24.118678,2
7207,66000,387130000C,(04)23274275,(04)23288582,2025,7,19,21,19,臺中市,霧峰區,0,1,0,5,1,6,50,13,8,1,4,4,6,6,4,4,5,5,4,1,28,2,8,2,1,C03,7,9,1,10,2,11,,84,84,1,13,4,120.694407,24.05943,2
7208,66000,387130000C,(04)23274275,(04)23288582,2025,7,19,21,21,臺中市,梧棲區,0,1,0,5,1,6,50,13,9,1,4,4,6,6,4,4,9,5,5,1,18,2,9,1,1,F03,7,9,7,21,8,12,,87,87,1,6,4,120.528724,24.236805,2
7209,66000,387130000C,(04)23274275,(04)23288582,2025,7,19,21,24,臺中市,西區,0,1,0,5,1,6,50,13,9,1,4,4,6,6,4,4,5,4,5,2,12,2,9,5,4,C03,7,1,1,10,2,14,,51,51,1,12,4,120.653155,24.153226,2
7210,66000,387130000C,(04)23274275,(04)23288582,2025,7,19,21,26,臺中市,太平區,0,1,0,5,1,6,50,13,9,1,4,4,6,6,4,4,5,4,5,1,18,2,9,1,1,C03,7,9,1,10,2,16,,85,85,1,6,4,120.719808,24.133493,2
7211,66000,387130000C,(04)23274275,(04)23288582,2025,7,19,21,27,臺中市,西屯區,0,0,0,5,,,40,,,,,,,,,,,,,,16,,,,,B03,,,3,,2,,,45,45,1,12,4,120.662032,24.163735,3
7212,66000,387130000C,(04)23274275,(04)23288582,2025,7,19,21,35,臺中市,西區,0,0,0,6,,,50,,,,,,,,,,,,,,,,,,,B03,,,1,,11,,,7,7,1,13,4,120.66522,24.151835,3
7213,66000,387130000C,(04)23274275,(04)23288582,2025,7,19,21,35,臺中市,南屯區,0,0,0,5,,,50,,,,,,,,,,,,,,17,,,,,B03,,,1,,1,,,84,84,1,12,4,120.650481,24.150922,3
7214,66000,387130000C,(04)23274275,(04)23288582,2025,7,19,21,35,臺中市,西屯區,0,1,0,5,1,6,50,12,9,1,4,4,6,6,2,1,3,4,5,1,13,2,9,1,1,C03,7,9,1,10,2,11,,7,7,1,12,4,120.606473,24.192739,2
7215,66000,387130000C,(04)23274275,(04)23288582,2025,7,19,21,37,臺中市,南區,0,0,0,7,,,50,,,,,,,,,,,,,,17,,,,,,,,,,,,,86,86,1,,,120.672399,24.126572,3
7216,66000,387130000C,(04)23274275,(04)23288582,2025,7,19,21,40,臺中市,大雅區,0,0,0,5,,,,,,,,,,,,,,,,,,,,,,,,,,,,,,86,86,1,,,120.65232,24.219481,3
7217,66000,387130000C,(04)23274275,(04)23288582,2025,7,19,21,43,臺中市,北屯區,0,0,0,5,,,50,,,,,,,,,,,,,,14,,,,,B03,,,1,,2,,,49,49,1,6,4,120.684209,24.19372,3
7218,66000,387130000C,(04)23274275,(04)23288582,2025,7,19,21,45,臺中市,西屯區,0,0,0,6,,,50,,,,,,,,,,,,,,,,,,,B03,,,1,,1,,,7,7,1,13,4,120.643345,24.178426,4
7219,66000,387130000C,(04)23274275,(04)23288582,2025,7,19,21,50,臺中市,東區,0,0,0,7,,,50,,,,,,,,,,,,,,14,,,,,B12,,,1,,9,,,49,49,1,6,4,120.694831,24.127465,3
7220,66000,387130000C,(04)23274275,(04)23288582,2025,7,19,21,51,臺中市,北區,0,1,0,5,1,6,50,4,2,1,4,4,6,6,4,4,3,2,5,2,18,2,9,5,4,C03,7,9,1,10,2,12,,84,84,1,13,4,120.671639,24.173359,2
7221,66000,387130000C,(04)23274275,(04)23288582,2025,7,19,21,51,臺中市,西屯區,0,0,0,5,,,50,,,,,,,,,,,,,,12,,,,,B03,,,1,,2,,,40,40,1,12,4,120.613936,24.183683,3
7222,66000,387130000C,(04)23274275,(04)23288582,2025,7,19,21,51,臺中市,西屯區,0,0,0,7,,,0,,,,,,,,,,,,,,16,,,,,B01,,,1,4,2,,,59,59,1,12,4,120.650964,24.162311,3
7223,66000,387130000C,(04)23274275,(04)23288582,2025,7,19,21,56,臺中市,潭子區,0,1,0,5,1,6,60,13,9,1,4,4,6,6,4,4,1,4,5,2,30,2,9,2,1,C03,7,9,1,9,2,12,,84,84,1,12,4,120.712238,24.213791,2
7224,66000,387130000C,(04)23274275,(04)23288582,2025,7,19,21,57,臺中市,西區,0,0,0,5,,,50,,,,,,,,,,,,,,16,,,,,B03,,,1,,11,,,14,14,1,13,4,120.673668,24.147719,3
7225,66000,387130000C,(04)23274275,(04)23288582,2025,7,19,21,59,臺中市,豐原區,0,2,0,5,1,6,50,13,9,1,4,4,6,6,4,4,5,5,5,1,9,2,9,5,4,C03,7,9,1,10,2,11,,59,59,1,12,4,120.718811,24.244311,2
7226,66000,387130000C,(04)23274275,(04)23288582,2025,7,19,22,0,臺中市,南屯區,0,0,0,5,,,40,,,,,,,,,,,,,,,,,,,C03,,,1,,2,,,59,59,1,13,4,120.627272,24.117743,3
7227,66000,387130000C,(04)23274275,(04)23288582,2025,7,19,22,2,臺中市,東區,0,1,0,5,1,6,50,13,8,1,4,4,6,3,4,4,1,4,4,2,17,2,9,2,1,C03,7,9,1,10,2,12,,87,87,1,13,4,120.690152,24.129239,2
7228,66000,387130000C,(04)23274275,(04)23288582,2025,7,19,22,9,臺中市,南屯區,0,2,0,6,1,6,30,3,2,1,4,4,6,6,4,4,1,4,5,2,17,3,10,3,1,B03,7,5,1,8,1,16,,84,84,1,12,4,120.617306,24.153524,2
7229,66000,387130000C,(04)23274275,(04)23288582,2025,7,19,22,11,臺中市,太平區,0,2,0,5,1,6,50,3,1,1,4,4,6,6,1,1,10,5,5,2,16,2,9,1,1,C03,7,6,1,10,2,14,,48,48,1,12,4,120.709448,24.15915,2
7230,66000,387130000C,(04)23274275,(04)23288582,2025,7,19,22,13,臺中市,太平區,0,1,0,5,1,6,50,5,9,1,4,4,6,6,2,1,3,4,5,2,17,2,7,1,1,C03,7,1,1,10,2,12,,25,25,1,6,4,120.712867,24.143683,2
7231,66000,387130000C,(04)23274275,(04)23288582,2025,7,19,22,15,臺中市,北屯區,0,0,0,5,,,50,,,,,,,,,,,,,,13,,,,,B03,,,1,,1,,,58,58,1,6,4,120.689729,24.164955,3
7232,66000,387130000C,(04)23274275,(04)23288582,2025,7,19,22,28,臺中市,清水區,0,0,0,5,,,50,,,,,,,,,,,,,,,,,,,B03,,,1,,2,,,20,20,1,12,4,120.614685,24.295088,3
7233,66000,387130000C,(04)23274275,(04)23288582,2025,7,19,22,32,臺中市,龍井區,0,0,0,7,,,50,,,,,,,,,,,,,,,,,,,C03,,,1,,1,,,7,7,1,12,4,120.592729,24.18187,4
7234,66000,387130000C,(04)23274275,(04)23288582,2025,7,19,22,33,臺中市,南屯區,0,1,0,7,1,6,50,13,9,1,4,4,6,6,4,4,1,4,5,2,18,2,9,1,1,C03,7,9,1,10,2,16,,59,59,1,13,4,120.645005,24.143888,2
7235,66000,387130000C,(04)23274275,(04)23288582,2025,7,19,22,38,臺中市,大肚區,0,0,0,7,,,50,,,,,,,,,,,,,,,,,,,B03,,,1,,2,,,87,87,1,12,4,120.579256,24.168972,3
7236,66000,387130000C,(04)23274275,(04)23288582,2025,7,19,22,54,臺中市,西區,0,0,0,6,,,50,,,,,,,,,,,,,,,,,,,B03,,,1,,2,,,8,8,1,12,4,120.674385,24.14976,3
7237,66000,387130000C,(04)23274275,(04)23288582,2025,7,19,22,55,臺中市,梧棲區,0,0,0,5,,,50,,,,,,,,,,,,,,15,,,,,B03,,,1,,2,,,13,13,1,6,4,120.549104,24.2428,3
7238,66000,387130000C,(04)23274275,(04)23288582,2025,7,19,22,57,臺中市,西區,0,1,0,7,1,6,50,5,1,1,5,4,6,6,4,4,10,5,5,2,28,2,9,5,4,C03,7,9,1,10,2,15,,37,37,1,12,4,120.665493,24.149626,2
7239,66000,387130000C,(04)23274275,(04)23288582,2025,7,19,23,20,臺中市,北區,0,1,0,7,2,6,50,4,1,1,4,4,6,6,2,1,5,4,5,2,18,2,9,1,1,C03,7,9,1,10,2,14,,84,84,1,12,4,120.676764,24.163126,2
7240,66000,387130000C,(04)23274275,(04)23288582,2025,7,19,23,53,臺中市,大里區,0,1,0,5,1,6,50,4,1,1,4,4,6,6,1,1,10,5,5,1,18,2,8,1,1,C03,7,9,1,10,2,12,,84,84,1,13,4,120.688526,24.080774,2
7241,66000,387130000C,(04)23274275,(04)23288582,2025,7,19,23,58,臺中市,西屯區,0,0,0,5,,,50,,,,,,,,,,,,,,,,,,,B03,,,1,,2,,,59,59,1,12,4,120.643344,24.170436,3
7242,66000,387130000C,(04)23274275,(04)23288582,2025,7,20,0,0,臺中市,北屯區,0,0,0,5,,,30,,,,,,,,,,,,,,19,,,,,B03,,,1,,2,,,59,59,1,13,4,120.753784,24.167737,3
7243,66000,387130000C,(04)23274275,(04)23288582,2025,7,20,0,5,臺中市,沙鹿區,0,2,0,5,1,6,50,3,9,1,4,4,6,6,4,4,4,4,5,2,11,2,8,1,1,C03,7,6,1,10,2,11,,48,48,1,12,4,120.572553,24.229512,2
7244,66000,387130000C,(04)23274275,(04)23288582,2025,7,20,0,9,臺中市,豐原區,0,0,0,7,,,50,,,,,,,,,,,,,,13,,,,,B03,,,1,,2,,,84,84,1,12,4,120.720597,24.258917,3
7245,66000,387130000C,(04)23274275,(04)23288582,2025,7,20,0,10,臺中市,豐原區,0,1,0,5,1,6,50,4,1,1,4,4,6,6,1,1,10,5,5,2,16,3,10,3,1,B03,7,6,1,8,2,2,,11,11,1,13,4,120.714426,24.251066,2
7246,66000,387130000C,(04)23274275,(04)23288582,2025,7,20,0,22,臺中市,豐原區,0,2,0,5,1,6,50,13,9,1,4,4,6,6,4,4,5,5,4,2,1,2,9,1,1,C03,7,9,1,10,2,12,,58,58,1,13,4,120.728112,24.244251,2
7247,66000,387130000C,(04)23274275,(04)23288582,2025,7,20,0,25,臺中市,南屯區,0,1,0,5,1,3,50,10,9,1,4,4,6,6,4,4,1,5,5,1,20,2,9,3,1,B03,7,9,1,8,2,1,,84,84,1,12,4,120.621253,24.121023,2
7248,66000,387130000C,(04)23274275,(04)23288582,2025,7,20,0,32,臺中市,大里區,0,0,0,5,,,50,,,,,,,,,,,,,,17,,,,,C03,,,3,,2,,,50,50,1,12,4,120.688078,24.101642,3
7249,66000,387130000C,(04)23274275,(04)23288582,2025,7,20,0,35,臺中市,中區,0,0,0,5,,,40,,,,,,,,,,,,,,,,,,,B03,,,1,,1,,,51,51,1,12,4,120.675268,24.143646,3
7250,66000,387130000C,(04)23274275,(04)23288582,2025,7,20,0,52,臺中市,大肚區,0,0,0,7,,,50,,,,,,,,,,,,,,,,,,,B03,,,1,,2,,,59,59,1,5,4,120.572867,24.152612,3
7251,66000,387130000C,(04)23274275,(04)23288582,2025,7,20,1,13,臺中市,東區,0,0,0,7,,,50,,,,,,,,,,,,,,17,,,,,B03,,,1,,1,,,7,7,1,12,4,120.69902,24.129816,3
7252,66000,387130000C,(04)23274275,(04)23288582,2025,7,20,1,53,臺中市,中區,0,1,0,5,2,6,50,13,9,1,4,4,6,6,4,4,5,4,5,2,17,3,10,3,1,B03,7,9,1,8,2,1,,7,7,1,13,4,120.683037,24.14329,2
7253,66000,387130000C,(04)23274275,(04)23288582,2025,7,20,1,59,臺中市,霧峰區,0,1,0,5,1,6,50,4,2,1,4,4,6,6,1,1,10,5,5,1,18,2,9,1,1,C03,7,9,1,10,2,14,,84,84,1,13,4,120.693378,24.073143,2
7254,66000,387130000C,(04)23274275,(04)23288582,2025,7,20,2,50,臺中市,梧棲區,0,0,0,5,,,,,,,,,,,,,,,,,17,,,,,,,,,,,,,119,119,1,,,120.518257,24.238659,3
7255,66000,387130000C,(04)23274275,(04)23288582,2025,7,20,3,26,臺中市,豐原區,0,0,0,7,,,50,,,,,,,,,,,,,,2,,,,,B03,,,1,,2,,,59,59,1,12,4,120.708788,24.250127,3
7256,66000,387130000C,(04)23274275,(04)23288582,2025,7,20,5,47,臺中市,太平區,0,1,0,6,3,6,30,11,9,1,4,4,6,6,4,4,10,5,5,2,11,3,10,3,1,B01,7,9,1,4,2,8,,41,41,1,12,4,120.71389,24.12281,2
7257,66000,387130000C,(04)23274275,(04)23288582,2025,7,20,5,59,臺中市,烏日區,0,1,0,5,2,6,50,4,1,1,4,4,6,6,1,1,10,5,5,2,17,3,10,3,1,B12,7,6,1,8,9,16,,25,25,1,6,4,120.624588,24.104285,2
7258,66000,387130000C,(04)23274275,(04)23288582,2025,7,20,6,0,臺中市,西區,0,1,0,5,3,6,50,4,1,1,4,4,6,6,3,1,10,5,5,2,18,2,9,1,1,C03,7,9,3,19,2,14,,84,84,1,6,4,120.670103,24.139575,2
7259,66000,387130000C,(04)23274275,(04)23288582,2025,7,20,6,32,臺中市,北區,0,1,0,7,2,6,50,3,1,1,5,4,6,6,4,4,2,4,5,2,17,2,9,1,1,C03,7,21,1,10,2,15,,85,85,1,13,4,120.684628,24.162803,2
7260,66000,387130000C,(04)23274275,(04)23288582,2025,7,20,6,50,臺中市,沙鹿區,0,2,0,6,2,6,50,4,1,1,5,4,6,6,3,1,10,5,5,2,15,2,8,1,1,C03,7,9,1,10,2,11,,24,24,1,6,4,120.568989,24.253705,2
7261,66000,387130000C,(04)23274275,(04)23288582,2025,7,20,6,54,臺中市,南區,0,0,0,7,,,50,,,,,,,,,,,,,,13,,,,,B03,,,1,,2,,,59,59,1,6,4,120.684235,24.122342,3
7262,66000,387130000C,(04)23274275,(04)23288582,2025,7,20,6,55,臺中市,清水區,0,0,0,6,,,30,,,,,,,,,,,,,,,,,,,B03,,,1,,2,,,14,14,1,12,4,120.571181,24.289224,3
7263,66000,387130000C,(04)23274275,(04)23288582,2025,7,20,6,55,臺中市,外埔區,0,1,0,7,3,6,50,4,1,1,4,4,6,6,1,1,5,5,5,1,15,3,10,3,1,B03,7,9,1,8,2,8,,21,21,1,6,4,120.657609,24.331503,2
7264,66000,387130000C,(04)23274275,(04)23288582,2025,7,20,7,18,臺中市,大里區,0,1,0,7,2,6,50,3,2,1,4,4,6,6,4,4,5,5,5,2,17,2,9,1,1,C03,7,15,1,10,7,12,,84,84,1,13,4,120.691863,24.103829,2
7265,66000,387130000C,(04)23274275,(04)23288582,2025,7,20,7,56,臺中市,西屯區,0,0,0,6,,,30,,,,,,,,,,,,,,17,,,,,A12,,,1,,2,,,59,59,1,12,4,120.633978,24.17121,3
7266,66000,387130000C,(04)23274275,(04)23288582,2025,7,20,8,0,臺中市,豐原區,0,0,0,7,,,50,,,,,,,,,,,,,,17,,,,,B03,,,1,,9,,,50,50,1,13,4,120.71909,24.249429,3
7267,66000,387130000C,(04)23274275,(04)23288582,2025,7,20,8,8,臺中市,東勢區,0,0,0,7,,,50,,,,,,,,,,,,,,17,,,,,A42,,,1,,9,,,85,85,2,13,4,120.842163,24.169101,3
7268,66000,387130000C,(04)23274275,(04)23288582,2025,7,20,8,10,臺中市,梧棲區,0,0,0,7,,,50,,,,,,,,,,,,,,17,,,,,B03,,,1,,2,,,51,51,1,6,4,120.533352,24.255733,3
7269,66000,387130000C,(04)23274275,(04)23288582,2025,7,20,8,14,臺中市,西區,0,0,0,7,,,30,,,,,,,,,,,,,,17,,,,,B03,,,1,,9,,,84,84,1,12,4,120.658078,24.15143,3
7270,66000,387130000C,(04)23274275,(04)23288582,2025,7,20,8,20,臺中市,北區,0,1,0,7,2,6,50,13,9,1,5,4,6,6,4,4,5,5,5,2,30,3,10,5,3,C03,7,1,1,9,3,11,,84,84,1,12,4,120.679053,24.152846,2
7271,66000,387130000C,(04)23274275,(04)23288582,2025,7,20,8,20,臺中市,東勢區,0,0,0,5,,,40,,,,,,,,,,,,,,,,,,,B03,,,3,,9,,,51,51,1,13,4,120.823436,24.267453,3
7272,66000,387130000C,(04)23274275,(04)23288582,2025,7,20,8,24,臺中市,沙鹿區,0,0,0,7,,,50,,,,,,,,,,,,,,,,,,,,,,,,,,,86,86,2,,,120.568749,24.213652,3
7273,66000,387130000C,(04)23274275,(04)23288582,2025,7,20,8,25,臺中市,北區,0,1,0,7,2,6,50,4,1,1,5,4,6,6,1,1,10,5,5,2,17,2,9,1,1,C03,7,10,1,10,2,12,,21,21,1,13,4,120.682344,24.165307,2
7274,66000,387130000C,(04)23274275,(04)23288582,2025,7,20,8,27,臺中市,太平區,0,1,0,7,3,6,30,13,9,1,5,4,6,6,4,4,10,5,5,2,17,2,9,1,1,C03,7,9,1,10,2,11,,59,59,1,12,4,120.717116,24.139694,2
7275,66000,387130000C,(04)23274275,(04)23288582,2025,7,20,8,31,臺中市,西區,0,0,0,7,,,50,,,,,,,,,,,,,,,,,,,B03,,,1,,1,,,50,50,1,6,4,120.655141,24.143227,3
7276,66000,387130000C,(04)23274275,(04)23288582,2025,7,20,8,40,臺中市,清水區,0,1,0,6,3,6,50,4,7,1,5,4,6,6,1,1,1,4,4,2,9,3,10,3,1,A04,7,9,1,2,2,16,,84,84,1,12,4,120.572586,24.261923,2
7277,66000,387130000C,(04)23274275,(04)23288582,2025,7,20,8,50,臺中市,西區,0,1,0,7,2,6,50,4,1,1,5,4,6,6,1,1,10,5,5,2,15,2,9,1,1,F01,7,9,7,21,2,14,,21,21,1,12,4,120.657245,24.136592,2
7278,66000,387130000C,(04)23274275,(04)23288582,2025,7,20,8,57,臺中市,西屯區,0,0,0,7,,,50,,,,,,,,,,,,,,13,,,,,C03,,,1,,2,,,7,7,1,13,4,120.620791,24.183839,3
7279,66000,387130000C,(04)23274275,(04)23288582,2025,7,20,8,58,臺中市,東區,0,0,0,7,,,50,,,,,,,,,,,,,,,,,,,B03,,,1,,1,,,84,84,1,12,4,120.687676,24.138151,4
7280,66000,387130000C,(04)23274275,(04)23288582,2025,7,20,8,58,臺中市,大里區,0,0,0,7,,,50,,,,,,,,,,,,,,13,,,,,C03,,,1,,2,,,84,84,1,12,4,120.6921,24.11214,3
7281,66000,387130000C,(04)23274275,(04)23288582,2025,7,20,9,0,臺中市,南區,0,0,0,7,1,6,,13,9,1,5,4,6,6,4,4,1,5,5,2,17,,,,,,,,,,,,,119,119,1,,,120.660185,24.118588,3
7282,66000,387130000C,(04)23274275,(04)23288582,2025,7,20,9,1,臺中市,南區,0,0,0,7,1,6,,13,9,1,5,4,6,6,4,4,1,5,5,2,30,,,,,,,,,,,,,119,119,1,,,120.660134,24.118541,3
7283,66000,387130000C,(04)23274275,(04)23288582,2025,7,20,9,1,臺中市,西屯區,0,1,0,6,2,6,50,13,7,1,5,4,6,6,4,4,1,4,1,2,23,2,9,5,1,B03,7,9,1,8,2,1,,59,59,1,13,4,120.637598,24.187495,2
7284,66000,387130000C,(04)23274275,(04)23288582,2025,7,20,9,2,臺中市,沙鹿區,0,1,0,6,2,6,30,4,9,1,5,4,6,6,4,4,10,5,5,2,15,2,9,1,1,C03,7,9,1,10,2,14,,12,12,1,13,4,120.605831,24.244443,2
7285,66000,387130000C,(04)23274275,(04)23288582,2025,7,20,9,5,臺中市,西屯區,0,0,0,7,,,40,,,,,,,,,,,,,,13,,,,,C03,,,1,,1,,,59,59,1,13,4,120.662128,24.163583,4