序號,縣市別代碼,機關代碼,市話,傳真,年,月,日,時,分,縣市,區,死亡數量,受傷數量,2-30,天候,道路照明設備,道路類別,道路速限,道路型態,事故位置,路面鋪裝,路面狀態,路面缺陷,障礙物,視距,號誌種類,號誌動作,分向設施,快車道或一般車道間,快慢車道間,路面邊線,事故類型及型態,受傷程度,主要傷處,保護裝備,行動電話或功能裝置,當事者區分(類別),車輛用途,當事者行動狀態,駕照狀態,駕照種類,飲酒情形,車輛撞擊部位最初,車輛撞擊部位其他,肇事因素個別,肇事因素主要,肇事逃逸,職業,共享經濟或外送平台,GPS座標X,GPS座標Y,事故類別
7622,66000,387130000C,(04)23274275,(04)23288582,2025,7,21,9,3,臺中市,太平區,0,2,0,6,2,6,50,13,9,1,5,4,6,6,4,4,5,4,5,1,16,2,8,2,1,C03,7,9,1,10,2,11,,7,7,1,13,4,120.724255,24.13993,2
7623,66000,387130000C,(04)23274275,(04)23288582,2025,7,21,9,5,臺中市,西屯區,0,0,0,6,,,50,,,,,,,,,,,,,,13,,,,,B03,,,1,,1,,,56,56,1,13,4,120.609965,24.187007,3
7624,66000,387130000C,(04)23274275,(04)23288582,2025,7,21,9,10,臺中市,梧棲區,0,0,0,7,,,50,,,,,,,,,,,,,,16,,,,,C03,,,1,,1,,,6,6,1,6,4,120.53813,24.247321,3
7625,66000,387130000C,(04)23274275,(04)23288582,2025,7,21,9,10,臺中市,大甲區,0,0,0,7,,,30,,,,,,,,,,,,,,,,,,,B03,,,1,,2,,,84,84,1,6,4,120.640842,24.401258,3
7626,66000,387130000C,(04)23274275,(04)23288582,2025,7,21,9,13,臺中市,大里區,0,1,0,6,3,6,50,4,2,1,5,4,6,6,2,1,5,5,4,2,13,3,10,3,1,B03,7,9,1,8,2,1,,7,7,1,13,4,120.694708,24.112643,2
7627,66000,387130000C,(04)23274275,(04)23288582,2025,7,21,9,13,臺中市,龍井區,0,0,0,7,,,30,,,,,,,,,,,,,,14,,,,,C03,,,1,,1,,,49,49,1,8,4,120.586279,24.181957,3
7628,66000,387130000C,(04)23274275,(04)23288582,2025,7,21,9,25,臺中市,南區,0,1,0,7,2,6,50,4,1,1,5,4,6,6,2,1,10,5,5,2,13,3,10,2,1,C03,7,9,1,10,2,11,12,84,84,1,12,4,120.671532,24.119045,2
7629,66000,387130000C,(04)23274275,(04)23288582,2025,7,21,9,25,臺中市,豐原區,0,0,0,7,,,50,,,,,,,,,,,,,,13,,,,,B12,,,1,,2,,,7,7,1,13,4,120.760546,24.277063,3
7630,66000,387130000C,(04)23274275,(04)23288582,2025,7,21,9,26,臺中市,太平區,0,0,0,7,2,6,50,,,,,,,,,,,,,,,,,,,B03,,,1,,2,1,,58,58,1,12,4,120.713355,24.125843,3
7631,66000,387130000C,(04)23274275,(04)23288582,2025,7,21,9,27,臺中市,西區,0,1,0,7,2,6,50,4,1,1,5,4,6,6,1,1,10,5,5,2,12,3,10,3,1,B03,7,7,1,8,9,6,,40,40,1,13,4,120.657376,24.147777,2
7632,66000,387130000C,(04)23274275,(04)23288582,2025,7,21,9,29,臺中市,東區,0,1,0,7,3,6,50,4,9,1,5,4,6,6,4,4,5,5,5,2,17,3,10,5,4,B03,7,1,1,8,2,2,,51,51,1,6,4,120.692872,24.149244,2
7633,66000,387130000C,(04)23274275,(04)23288582,2025,7,21,9,32,臺中市,西屯區,0,0,0,7,,,50,,,,,,,,,,,,,,14,,,,,A12,,,1,,2,,,49,49,1,13,4,120.609577,24.167291,3
7634,66000,387130000C,(04)23274275,(04)23288582,2025,7,21,9,36,臺中市,大里區,0,0,0,7,,,50,,,,,,,,,,,,,,,,,,,C03,,,1,,1,,,59,59,1,12,4,120.693401,24.092875,3
7635,66000,387130000C,(04)23274275,(04)23288582,2025,7,21,9,38,臺中市,梧棲區,0,0,0,7,,,50,,,,,,,,,,,,,,17,,,,,B03,,,1,,2,,,8,8,1,12,4,120.535444,24.253765,3
7636,66000,387130000C,(04)23274275,(04)23288582,2025,7,21,9,40,臺中市,南區,0,1,0,7,1,6,50,4,1,1,5,4,6,6,1,1,10,5,5,2,15,3,10,1,1,C03,7,9,5,10,1,11,,21,21,1,12,4,120.676748,24.128905,2
7637,66000,387130000C,(04)23274275,(04)23288582,2025,7,21,9,40,臺中市,豐原區,0,2,0,7,2,6,50,3,1,1,5,4,6,6,1,1,10,5,5,1,16,2,9,1,1,F03,7,9,7,21,2,11,,21,21,1,13,4,120.719461,24.241968,2
7638,66000,387130000C,(04)23274275,(04)23288582,2025,7,21,9,46,臺中市,東區,0,0,0,7,,,50,,,,,,,,,,,,,,,,,,,A04,,,1,,2,,,8,8,1,12,4,120.687713,24.137065,3
7639,66000,387130000C,(04)23274275,(04)23288582,2025,7,21,9,50,臺中市,沙鹿區,0,2,0,7,2,6,50,13,9,1,5,4,6,6,4,4,4,4,4,1,12,3,10,2,1,C03,7,5,1,10,2,12,,47,47,1,12,4,120.554954,24.22671,2
7640,66000,387130000C,(04)23274275,(04)23288582,2025,7,21,9,54,臺中市,太平區,0,0,0,7,,,50,,,,,,,,,,,,,,12,,,,,C03,,,1,,2,,,40,40,1,6,4,120.726535,24.149869,3
7641,66000,387130000C,(04)23274275,(04)23288582,2025,7,21,10,0,臺中市,西區,0,0,0,7,,,50,,,,,,,,,,,,,,,,,,,C03,,,1,,1,,,84,84,1,12,4,120.668775,24.13206,3
7642,66000,387130000C,(04)23274275,(04)23288582,2025,7,21,10,5,臺中市,西屯區,0,0,0,7,,,50,,,,,,,,,,,,,,12,,,,,B02,,,1,,1,,,8,8,1,13,4,120.653161,24.166992,3
7643,66000,387130000C,(04)23274275,(04)23288582,2025,7,21,10,7,臺中市,西屯區,0,0,0,6,,,40,,,,,,,,,,,,,,14,,,,,A12,,,1,,2,,,72,72,1,12,4,120.620638,24.178817,3
7644,66000,387130000C,(04)23274275,(04)23288582,2025,7,21,10,7,臺中市,西屯區,0,1,0,7,2,6,50,3,1,1,5,4,6,6,2,1,10,5,5,2,16,3,10,3,4,B03,7,5,1,8,2,3,,84,84,1,12,4,120.654038,24.167953,2
7645,66000,387130000C,(04)23274275,(04)23288582,2025,7,21,10,8,臺中市,北區,0,1,0,7,2,6,50,5,1,1,5,4,6,6,1,1,1,4,4,2,17,2,9,1,1,C03,7,6,1,10,2,13,,36,36,1,12,4,120.686355,24.154965,2
7646,66000,387130000C,(04)23274275,(04)23288582,2025,7,21,10,8,臺中市,西屯區,0,0,0,7,,,50,,,,,,,,,,,,,,12,,,,,A04,,,1,,9,,,87,,1,13,4,120.634292,24.172891,3
7647,66000,387130000C,(04)23274275,(04)23288582,2025,7,21,10,9,臺中市,沙鹿區,0,0,0,7,,,60,,,,,,,,,,,,,,,,,,,B03,,,1,,1,,,55,55,1,12,4,120.576082,24.227016,3
7648,66000,387130000C,(04)23274275,(04)23288582,2025,7,21,10,14,臺中市,大里區,0,1,0,6,2,6,50,4,1,1,5,4,6,6,2,1,10,5,5,2,17,3,10,5,4,B03,7,5,1,8,2,5,,84,84,1,13,4,120.697117,24.08437,2
7649,66000,387130000C,(04)23274275,(04)23288582,2025,7,21,10,16,臺中市,豐原區,0,1,0,7,2,6,50,4,4,1,5,4,6,6,1,1,1,5,5,1,12,2,8,1,1,C03,7,12,1,10,2,16,,42,42,1,6,4,120.71457,24.244398,2
7650,66000,387130000C,(04)23274275,(04)23288582,2025,7,21,10,18,臺中市,西區,0,0,0,7,,,50,,,,,,,,,,,,,,13,,,,,B03,,,1,,1,,,84,84,1,12,4,120.657124,24.151249,3
7651,66000,387130000C,(04)23274275,(04)23288582,2025,7,21,10,18,臺中市,霧峰區,0,1,0,7,2,6,50,13,9,1,5,4,6,6,4,4,5,5,5,1,18,2,9,1,1,C03,7,9,1,10,2,12,,59,59,1,12,4,120.69225,24.059757,2
7652,66000,387130000C,(04)23274275,(04)23288582,2025,7,21,10,21,臺中市,龍井區,0,1,0,7,2,6,50,4,1,1,5,4,6,6,1,1,10,5,5,1,17,3,10,1,1,C03,7,1,1,10,2,13,,51,51,1,6,4,120.585002,24.18443,2
7653,66000,387130000C,(04)23274275,(04)23288582,2025,7,21,10,21,臺中市,沙鹿區,0,0,0,7,,,50,,,,,,,,,,,,,,,,,,,B03,,,1,,2,,,84,84,1,13,4,120.558749,24.231678,3
7654,66000,387130000C,(04)23274275,(04)23288582,2025,7,21,10,22,臺中市,北區,0,0,0,7,,,50,,,,,,,,,,,,,,12,,,,,B12,,,1,,2,,,84,84,1,12,4,120.694184,24.15619,3
7655,66000,387130000C,(04)23274275,(04)23288582,2025,7,21,10,22,臺中市,北區,0,0,0,7,,,30,,,,,,,,,,,,,,15,,,,,B03,,,1,,2,,,15,15,1,12,4,120.675109,24.170743,3
7656,66000,387130000C,(04)23274275,(04)23288582,2025,7,21,10,23,臺中市,神岡區,0,0,0,7,1,6,60,13,7,1,5,4,6,6,1,1,1,4,5,1,13,,,,,A12,,,1,,1,,,84,84,1,12,4,120.66531,24.274037,3
7657,66000,387130000C,(04)23274275,(04)23288582,2025,7,21,10,24,臺中市,東區,0,0,0,7,,,40,,,,,,,,,,,,,,16,,,,,B11,,,1,,2,,,51,51,1,12,4,120.687792,24.130701,3
7658,66000,387130000C,(04)23274275,(04)23288582,2025,7,21,10,25,臺中市,中區,0,1,0,7,2,6,50,4,1,1,5,4,6,6,2,1,10,5,5,2,16,3,10,5,1,B03,7,5,1,8,2,5,,84,84,1,6,4,120.681796,24.144577,2
7659,66000,387130000C,(04)23274275,(04)23288582,2025,7,21,10,25,臺中市,東區,0,1,0,7,3,6,50,4,9,1,5,4,6,6,4,4,5,5,5,2,16,3,10,5,4,B12,7,5,1,8,2,5,,20,20,1,6,4,120.696507,24.13714,2
7660,66000,387130000C,(04)23274275,(04)23288582,2025,7,21,10,26,臺中市,西屯區,0,4,0,7,2,6,50,4,1,1,5,4,6,6,4,4,8,4,5,1,15,2,9,5,4,B01,7,9,1,8,2,2,,12,12,1,13,4,120.627807,24.159398,2
7661,66000,387130000C,(04)23274275,(04)23288582,2025,7,21,10,30,臺中市,北屯區,0,0,0,7,,,50,,,,,,,,,,,,,,17,,,,,B03,,,1,,2,,,43,43,1,12,4,120.705121,24.168303,3
7662,66000,387130000C,(04)23274275,(04)23288582,2025,7,21,10,40,臺中市,南區,0,0,0,7,,,50,,,,,,,,,,,,,,13,,,,,B03,,,1,,1,,,84,84,1,12,4,120.683822,24.119413,3
7663,66000,387130000C,(04)23274275,(04)23288582,2025,7,21,10,41,臺中市,大安區,0,0,0,6,,,50,,,,,,,,,,,,,,25,,,,,B02,,,1,,1,,,8,8,1,6,4,120.601067,24.395244,3
7664,66000,387130000C,(04)23274275,(04)23288582,2025,7,21,10,43,臺中市,大里區,0,1,0,7,2,6,30,3,1,1,5,4,6,6,4,4,10,5,5,2,17,3,10,5,4,B03,7,5,1,8,2,5,,84,84,1,13,4,120.695444,24.090067,2
7665,66000,387130000C,(04)23274275,(04)23288582,2025,7,21,10,49,臺中市,西屯區,0,1,0,6,2,6,40,3,1,1,5,4,6,6,4,4,10,5,5,2,12,3,10,3,1,A11,7,5,1,3,2,2,,47,47,1,12,4,120.621731,24.18587,2
7666,66000,387130000C,(04)23274275,(04)23288582,2025,7,21,10,50,臺中市,大甲區,0,0,0,7,,,30,,,,,,,,,,,,,,,,,,,B11,,,1,,2,,,49,49,1,6,4,120.623036,24.342027,3
7667,66000,387130000C,(04)23274275,(04)23288582,2025,7,21,10,53,臺中市,烏日區,0,0,0,7,2,6,50,13,7,,5,,6,6,4,4,5,4,4,2,12,3,10,3,1,B03,7,4,1,8,2,2,,34,34,1,6,4,120.637956,24.108309,3
7668,66000,387130000C,(04)23274275,(04)23288582,2025,7,21,10,55,臺中市,西屯區,0,3,0,7,2,6,50,3,1,1,5,4,6,6,2,1,10,5,5,2,17,3,10,5,4,B03,7,5,1,10,2,5,8,47,47,1,13,4,120.650929,24.157394,2
7669,66000,387130000C,(04)23274275,(04)23288582,2025,7,21,10,56,臺中市,南屯區,0,0,0,6,,,50,,,,,,,,,,,,,,16,,,,,B13,,,1,,1,,,84,84,1,12,4,120.623418,24.145225,3
7670,66000,387130000C,(04)23274275,(04)23288582,2025,7,21,10,57,臺中市,南屯區,0,2,0,6,3,6,40,13,8,1,5,4,6,6,4,4,9,5,4,2,16,2,8,2,4,C03,7,11,1,10,2,12,,46,46,1,6,4,120.63744,24.138524,2
7671,66000,387130000C,(04)23274275,(04)23288582,2025,7,21,11,0,臺中市,沙鹿區,0,0,0,7,2,6,50,3,7,1,5,4,6,6,1,1,4,3,4,2,12,,,,,A12,,,1,,2,,,8,8,1,12,4,120.568931,24.209159,3
7672,66000,387130000C,(04)23274275,(04)23288582,2025,7,21,11,1,臺中市,北屯區,0,0,0,7,,,50,,,,,,,,,,,,,,13,,,,,B03,,,1,,1,,,7,7,1,13,4,120.691338,24.164968,3
7673,66000,387130000C,(04)23274275,(04)23288582,2025,7,21,11,3,臺中市,西區,0,0,0,6,,,40,,,,,,,,,,,,,,,,,,,B03,,,1,,2,,,8,8,1,12,4,120.664488,24.158569,3
7674,66000,387130000C,(04)23274275,(04)23288582,2025,7,21,11,12,臺中市,大里區,0,0,0,7,,,50,,,,,,,,,,,,,,,,,,,B13,,,1,,2,,,8,8,1,12,4,120.691981,24.091448,3
7675,66000,387130000C,(04)23274275,(04)23288582,2025,7,21,11,14,臺中市,南屯區,0,0,0,6,,,60,,,,,,,,,,,,,,12,,,,,B03,,,1,,2,,,40,40,1,5,4,120.628928,24.145016,3
7676,66000,387130000C,(04)23274275,(04)23288582,2025,7,21,11,15,臺中市,北屯區,0,1,0,7,2,6,50,4,1,1,5,4,6,6,2,1,5,5,4,2,17,2,9,2,1,C03,7,1,1,10,2,11,,51,51,1,12,4,120.683435,24.172128,2
7677,66000,387130000C,(04)23274275,(04)23288582,2025,7,21,11,15,臺中市,大里區,0,0,0,7,,,30,,,,,,,,,,,,,,17,,,,,,,,,,,,,119,119,1,,,120.699276,24.087651,3
7678,66000,387130000C,(04)23274275,(04)23288582,2025,7,21,11,16,臺中市,北屯區,0,1,0,6,2,6,50,4,1,1,5,4,6,6,2,1,10,5,5,2,12,2,9,1,1,C03,7,9,1,10,2,14,,7,7,1,6,2,120.685389,24.169377,2
7679,66000,387130000C,(04)23274275,(04)23288582,2025,7,21,11,21,臺中市,大里區,0,1,0,6,2,6,50,4,1,1,5,4,6,6,1,1,5,5,4,1,16,3,10,3,1,B03,7,5,1,8,2,5,,47,47,1,13,4,120.674623,24.103625,2
7680,66000,387130000C,(04)23274275,(04)23288582,2025,7,21,11,21,臺中市,大里區,0,0,0,6,,,50,,,,,,,,,,,,,,12,,,,,B03,,,1,,2,,,8,8,1,13,4,120.684844,24.109781,3
7681,66000,387130000C,(04)23274275,(04)23288582,2025,7,21,11,23,臺中市,北區,0,0,0,7,,,50,,,,,,,,,,,,,,17,,,,,B03,,,1,,2,,,8,8,1,13,4,120.664997,24.160606,3
7682,66000,387130000C,(04)23274275,(04)23288582,2025,7,21,11,26,臺中市,南區,0,3,0,7,1,6,50,4,1,1,5,4,6,6,1,1,9,4,5,2,12,2,9,1,1,C03,7,9,1,10,2,11,14,7,7,1,12,4,120.650302,24.115825,2
7683,66000,387130000C,(04)23274275,(04)23288582,2025,7,21,11,30,臺中市,大雅區,0,1,0,7,1,6,30,13,9,1,5,4,6,6,4,4,10,5,5,2,9,3,10,6,5,H01,8,20,7,21,10,17,,109,109,1,13,5,120.622117,24.228088,2
7684,66000,387130000C,(04)23274275,(04)23288582,2025,7,21,11,31,臺中市,潭子區,0,0,0,7,,,50,,,,,,,,,,,,,,,,,,,B03,,,1,,2,,,49,49,1,13,4,120.703251,24.208947,3
7685,66000,387130000C,(04)23274275,(04)23288582,2025,7,21,11,34,臺中市,大甲區,0,0,0,7,,,50,,,,,,,,,,,,,,,,,,,B03,,,1,,1,,,51,51,1,6,4,120.62174,24.348432,3
7686,66000,387130000C,(04)23274275,(04)23288582,2025,7,21,11,37,臺中市,西區,0,1,0,6,2,6,50,4,1,1,5,4,6,6,1,1,10,5,5,2,17,2,9,1,1,C03,7,15,1,10,2,13,,84,84,1,12,4,120.673532,24.147605,2
7687,66000,387130000C,(04)23274275,(04)23288582,2025,7,21,11,37,臺中市,南屯區,0,0,0,6,,,40,,,,,,,,,,,,,,13,,,,,C03,,,1,,2,,,7,7,1,6,4,120.638467,24.140675,3
7688,66000,387130000C,(04)23274275,(04)23288582,2025,7,21,11,40,臺中市,大里區,0,0,0,7,,,50,,,,,,,,,,,,,,,,,,,B03,,,1,,2,,,59,59,1,12,4,120.696388,24.096302,4
7689,66000,387130000C,(04)23274275,(04)23288582,2025,7,21,11,41,臺中市,大雅區,0,0,0,7,,,60,,,,,,,,,,,,,,,,,,,B03,,,1,,2,,,51,51,1,13,4,120.646871,24.222038,3
7690,66000,387130000C,(04)23274275,(04)23288582,2025,7,21,11,43,臺中市,南屯區,0,0,0,7,,,50,,,,,,,,,,,,,,12,,,,,B03,,,1,,1,,,8,8,1,12,4,120.632688,24.145605,3
7691,66000,387130000C,(04)23274275,(04)23288582,2025,7,21,11,44,臺中市,大里區,0,0,0,7,,,50,,,,,,,,,,,,,,17,,,,,C03,,,1,10,2,,,84,84,1,13,4,120.703373,24.088031,3
7692,66000,387130000C,(04)23274275,(04)23288582,2025,7,21,11,45,臺中市,西屯區,0,0,0,7,,,30,,,,,,,,,,,,,,35,,,,,B03,,,1,,9,,,87,,1,12,4,120.590212,24.177388,3
7693,66000,387130000C,(04)23274275,(04)23288582,2025,7,21,11,46,臺中市,北屯區,0,0,0,7,,,50,,,,,,,,,,,,,,12,,,,,B03,,,1,,1,,,8,8,1,13,4,120.665781,24.182774,3
7694,66000,387130000C,(04)23274275,(04)23288582,2025,7,21,11,48,臺中市,南屯區,0,1,0,6,2,6,60,18,9,1,5,4,6,6,4,4,9,4,5,2,16,3,10,3,1,B12,7,5,5,19,2,2,,47,47,1,12,4,120.609904,24.141125,2
7695,66000,387130000C,(04)23274275,(04)23288582,2025,7,21,11,49,臺中市,沙鹿區,0,2,0,6,2,6,50,5,1,1,4,4,6,6,3,1,10,5,5,2,17,2,9,1,1,C03,7,11,3,19,2,12,,24,24,1,12,4,120.563548,24.234959,2
7696,66000,387130000C,(04)23274275,(04)23288582,2025,7,21,11,50,臺中市,東區,0,1,0,7,3,6,50,13,9,1,5,4,6,6,2,1,5,5,5,2,17,3,10,5,4,B01,7,9,1,8,2,1,,7,7,1,6,4,120.690653,24.13471,2
7697,66000,387130000C,(04)23274275,(04)23288582,2025,7,21,11,52,臺中市,北區,0,0,0,7,,,50,,,,,,,,,,,,,,12,,,,,B03,,,1,,1,,,84,84,1,12,4,120.685319,24.160614,3
7698,66000,387130000C,(04)23274275,(04)23288582,2025,7,21,11,54,臺中市,南屯區,0,0,0,6,,,50,,,,,,,,,,,,,,13,,,,,B02,,,1,,1,,,84,84,1,6,4,120.646423,24.137475,3
7699,66000,387130000C,(04)23274275,(04)23288582,2025,7,21,11,56,臺中市,大里區,0,0,0,6,2,6,30,3,2,1,4,4,6,6,4,4,10,5,5,2,11,,,,,B12,,,1,,1,,,8,8,1,13,4,120.693937,24.120993,3
7700,66000,387130000C,(04)23274275,(04)23288582,2025,7,21,11,57,臺中市,太平區,0,0,0,7,,,50,,,,,,,,,,,,,,17,,,,,B03,,,1,,1,,,50,50,1,13,4,120.706882,24.161974,3
7701,66000,387130000C,(04)23274275,(04)23288582,2025,7,21,12,0,臺中市,太平區,0,1,0,5,2,6,50,3,2,1,4,4,6,6,1,1,5,2,5,2,16,3,10,3,1,B03,7,11,1,8,2,8,,42,42,1,12,4,120.704898,24.160694,2
7702,66000,387130000C,(04)23274275,(04)23288582,2025,7,21,12,0,臺中市,龍井區,0,0,0,7,,,0,,,,,,,,,,,,,,14,,,,,B03,,,1,,2,,,49,49,1,6,4,120.524448,24.210625,3
7703,66000,387130000C,(04)23274275,(04)23288582,2025,7,21,12,2,臺中市,北屯區,0,1,0,7,2,6,50,13,9,1,5,4,6,6,4,4,1,4,5,2,12,3,10,3,1,B03,7,9,1,8,2,2,,84,84,1,12,4,120.694195,24.171069,2
7704,66000,387130000C,(04)23274275,(04)23288582,2025,7,21,12,5,臺中市,東區,0,1,0,5,1,6,50,4,1,1,4,4,6,6,1,1,10,5,5,2,30,2,9,1,1,C03,7,9,1,10,2,12,,84,84,1,12,4,120.692533,24.138761,2
7705,66000,387130000C,(04)23274275,(04)23288582,2025,7,21,12,5,臺中市,大甲區,0,1,0,7,3,6,50,4,1,1,5,4,6,6,4,4,10,5,5,2,15,2,9,5,4,C03,7,9,1,10,2,11,,15,15,1,6,4,120.621526,24.345847,2
7706,66000,387130000C,(04)23274275,(04)23288582,2025,7,21,12,5,臺中市,石岡區,0,0,0,7,,,70,,,,,,,,,,,,,,12,,,,,B03,,,1,,2,,,40,40,1,13,4,120.790422,24.273216,3
7707,66000,387130000C,(04)23274275,(04)23288582,2025,7,21,12,6,臺中市,太平區,0,0,0,7,,,50,,,,,,,,,,,,,,12,,,,,B11,,,1,,2,,,8,8,1,6,4,120.715873,24.147298,3
7708,66000,387130000C,(04)23274275,(04)23288582,2025,7,21,12,11,臺中市,西屯區,0,0,0,7,,,30,,,,,,,,,,,,,,17,,,,,B03,,,3,,1,,,51,51,1,12,4,120.649834,24.174948,3
7709,66000,387130000C,(04)23274275,(04)23288582,2025,7,21,12,12,臺中市,西區,0,0,0,7,,,50,,,,,,,,,,,,,,17,,,,,B03,,,1,,1,,,40,40,1,12,4,120.665245,24.147172,3
7710,66000,387130000C,(04)23274275,(04)23288582,2025,7,21,12,13,臺中市,西區,0,0,0,6,,,50,,,,,,,,,,,,,,,,,,,B03,,,1,,1,,,84,84,1,12,4,120.665275,24.147278,3
7711,66000,387130000C,(04)23274275,(04)23288582,2025,7,21,12,13,臺中市,神岡區,0,1,0,7,3,6,50,13,7,1,5,4,6,6,4,4,5,4,4,1,16,3,10,3,1,B03,7,1,1,8,2,1,,39,39,1,13,4,120.674637,24.251928,2
7712,66000,387130000C,(04)23274275,(04)23288582,2025,7,21,12,16,臺中市,潭子區,0,0,0,6,,,60,,,,,,,,,,,,,,,,,,,B03,,,1,,2,,,7,7,1,13,4,120.709827,24.234901,3
7713,66000,387130000C,(04)23274275,(04)23288582,2025,7,21,12,18,臺中市,北屯區,0,0,0,7,,,50,,,,,,,,,,,,,,16,,,,,C03,,,2,,1,,,51,51,1,13,4,120.711646,24.170333,3
7714,66000,387130000C,(04)23274275,(04)23288582,2025,7,21,12,18,臺中市,大里區,0,1,0,6,3,6,50,3,1,1,5,4,6,6,4,4,5,5,4,2,16,3,10,3,1,B03,7,11,1,8,2,8,,45,45,1,13,4,120.692174,24.110318,2
7715,66000,387130000C,(04)23274275,(04)23288582,2025,7,21,12,20,臺中市,西區,0,0,0,7,,,50,,,,,,,,,,,,,,17,,,,,B03,,,1,,2,,,51,51,1,12,4,120.672586,24.138562,3
7716,66000,387130000C,(04)23274275,(04)23288582,2025,7,21,12,20,臺中市,北屯區,0,1,0,7,2,6,50,4,1,1,5,4,6,6,2,1,5,5,4,2,15,2,9,2,1,C03,7,9,1,10,2,11,,21,21,1,12,4,120.724595,24.172183,2
7717,66000,387130000C,(04)23274275,(04)23288582,2025,7,21,12,23,臺中市,西屯區,0,3,0,6,2,6,30,4,1,1,5,4,6,6,4,4,10,5,5,2,15,2,9,2,1,C03,7,9,1,10,2,11,,15,15,1,13,4,120.643521,24.179624,2
7718,66000,387130000C,(04)23274275,(04)23288582,2025,7,21,12,24,臺中市,南屯區,0,1,0,7,2,6,50,3,1,1,5,4,6,6,3,1,10,5,5,2,17,3,10,3,1,B03,7,1,1,8,2,1,,59,59,1,12,4,120.639192,24.137099,2
7719,66000,387130000C,(04)23274275,(04)23288582,2025,7,21,12,26,臺中市,北屯區,0,0,0,7,,,50,,,,,,,,,,,,,,17,,,,,B03,,,1,,1,,,45,45,1,12,4,120.722798,24.178856,3
7720,66000,387130000C,(04)23274275,(04)23288582,2025,7,21,12,30,臺中市,北區,0,2,0,6,2,6,30,4,1,1,5,4,6,6,4,4,10,5,5,2,15,2,7,5,4,C03,7,9,1,10,2,11,,12,12,1,12,4,120.678362,24.162684,2
7721,66000,387130000C,(04)23274275,(04)23288582,2025,7,21,12,30,臺中市,西屯區,0,0,0,7,,,0,,,,,,,,,,,,,,14,,,,,B12,,,1,,1,,,49,49,1,13,4,120.628983,24.163859,3
7722,66000,387130000C,(04)23274275,(04)23288582,2025,7,21,12,33,臺中市,大雅區,0,1,0,6,3,6,50,13,9,1,5,4,6,6,4,4,9,5,5,1,20,2,9,2,1,C03,7,9,1,10,2,16,,84,84,1,13,4,120.669613,24.214108,2
7723,66000,387130000C,(04)23274275,(04)23288582,2025,7,21,12,37,臺中市,北區,0,0,0,7,,,50,,,,,,,,,,,,,,17,,,,,C03,,,1,,1,,,7,7,1,13,4,120.682514,24.14637,3
7724,66000,387130000C,(04)23274275,(04)23288582,2025,7,21,12,37,臺中市,清水區,0,0,0,6,,,40,,,,,,,,,,,,,,,,,,,A11,,,1,,1,,,49,49,1,12,4,120.567411,24.26979,3
7725,66000,387130000C,(04)23274275,(04)23288582,2025,7,21,12,42,臺中市,梧棲區,0,0,0,7,,,50,,,,,,,,,,,,,,18,,,,,B03,,,1,,2,,,59,59,1,6,4,120.548881,24.224716,3
7726,66000,387130000C,(04)23274275,(04)23288582,2025,7,21,12,45,臺中市,北屯區,0,0,0,7,,,50,,,,,,,,,,,,,,12,,,,,C03,,,1,,1,,,84,84,1,12,4,120.685694,24.177742,3
7727,66000,387130000C,(04)23274275,(04)23288582,2025,7,21,12,46,臺中市,西區,0,0,0,7,,,50,,,,,,,,,,,,,,,,,,,B03,,,1,,2,,,84,84,1,6,4,120.668202,24.14786,3
7728,66000,387130000C,(04)23274275,(04)23288582,2025,7,21,12,46,臺中市,沙鹿區,0,1,0,7,2,6,50,3,2,1,5,4,6,6,1,1,3,3,3,1,17,3,10,5,4,C03,7,9,1,10,2,11,,21,21,1,13,2,120.56997,24.225174,2
7729,66000,387130000C,(04)23274275,(04)23288582,2025,7,21,12,46,臺中市,豐原區,0,1,0,7,2,6,60,4,1,1,5,4,6,6,1,1,10,5,5,2,16,3,10,3,1,B03,7,5,1,10,2,5,,11,11,1,13,4,120.707312,24.237294,2
7730,66000,387130000C,(04)23274275,(04)23288582,2025,7,21,12,53,臺中市,北屯區,0,1,0,6,2,6,50,4,1,1,5,4,6,6,1,1,4,3,5,2,15,3,10,3,1,B03,7,9,1,8,2,4,,21,21,1,13,4,120.686936,24.186892,2
7731,66000,387130000C,(04)23274275,(04)23288582,2025,7,21,12,57,臺中市,大雅區,0,1,0,7,2,6,0,13,9,1,5,4,6,6,4,4,5,4,5,1,17,3,10,3,1,B03,7,13,1,8,2,4,,76,76,1,12,4,120.653808,24.22449,2
7732,66000,387130000C,(04)23274275,(04)23288582,2025,7,21,13,0,臺中市,太平區,0,1,0,6,2,6,50,4,1,1,5,4,4,6,1,1,10,5,5,2,16,3,10,2,1,C03,7,6,1,10,2,11,,48,48,1,13,2,120.718799,24.148895,2
7733,66000,387130000C,(04)23274275,(04)23288582,2025,7,21,13,0,臺中市,沙鹿區,0,1,0,6,2,6,50,4,1,1,5,4,6,6,1,1,10,5,5,2,17,2,9,2,1,C04,7,6,1,10,2,12,,48,48,1,12,4,120.56244,24.240099,2
7734,66000,387130000C,(04)23274275,(04)23288582,2025,7,21,13,0,臺中市,大甲區,0,1,0,7,2,6,30,3,2,1,5,4,6,6,4,4,10,5,5,2,16,2,9,2,1,C03,7,5,1,10,2,11,,84,84,1,6,4,120.61858,24.3433,2