序號,縣市別代碼,機關代碼,市話,傳真,年,月,日,時,分,縣市,區,死亡數量,受傷數量,2-30,天候,道路照明設備,道路類別,道路速限,道路型態,事故位置,路面鋪裝,路面狀態,路面缺陷,障礙物,視距,號誌種類,號誌動作,分向設施,快車道或一般車道間,快慢車道間,路面邊線,事故類型及型態,受傷程度,主要傷處,保護裝備,行動電話或功能裝置,當事者區分(類別),車輛用途,當事者行動狀態,駕照狀態,駕照種類,飲酒情形,車輛撞擊部位最初,車輛撞擊部位其他,肇事因素個別,肇事因素主要,肇事逃逸,職業,共享經濟或外送平台,GPS座標X,GPS座標Y,事故類別
8403,66000,387130000C,(04)23274275,(04)23288582,2025,7,23,7,37,臺中市,后里區,0,0,0,7,2,6,50,13,2,1,5,4,6,6,1,1,5,4,5,2,13,3,10,1,1,C03,7,9,1,10,2,11,,7,7,1,12,4,120.707945,24.316591,3
8404,66000,387130000C,(04)23274275,(04)23288582,2025,7,23,7,38,臺中市,南屯區,0,2,0,7,1,6,50,3,1,1,5,4,6,6,2,1,1,4,1,2,13,2,9,2,1,C03,7,9,1,10,2,11,,7,7,1,13,4,120.628485,24.128676,2
8405,66000,387130000C,(04)23274275,(04)23288582,2025,7,23,7,38,臺中市,大里區,0,1,0,7,3,6,50,13,9,1,5,4,6,6,4,4,9,5,5,2,16,2,8,1,1,C03,7,1,1,10,2,14,,51,51,1,6,4,120.695408,24.103343,2
8406,66000,387130000C,(04)23274275,(04)23288582,2025,7,23,7,38,臺中市,梧棲區,0,0,0,7,,,50,,,,,,,,,,,,,,11,,,,,B03,,,1,,1,,,11,11,1,6,4,120.528349,24.253024,3
8407,66000,387130000C,(04)23274275,(04)23288582,2025,7,23,7,39,臺中市,豐原區,0,1,0,7,2,6,50,3,1,1,5,4,6,6,4,4,10,5,5,2,17,2,9,2,1,C03,7,15,1,10,2,11,,4,4,1,13,4,120.730659,24.242722,2
8408,66000,387130000C,(04)23274275,(04)23288582,2025,7,23,7,40,臺中市,東區,0,2,0,7,3,6,50,4,9,1,5,4,6,6,1,1,5,5,5,2,15,2,9,5,4,C03,7,9,1,10,2,11,,21,21,1,6,4,120.697183,24.142121,2
8409,66000,387130000C,(04)23274275,(04)23288582,2025,7,23,7,40,臺中市,大里區,0,1,0,7,2,6,50,4,1,1,5,4,6,6,1,1,10,5,5,2,15,2,9,2,1,C03,7,9,1,9,2,11,,84,84,1,6,4,120.688774,24.080921,2
8410,66000,387130000C,(04)23274275,(04)23288582,2025,7,23,7,42,臺中市,北屯區,0,0,0,7,,,30,,,,,,,,,,,,,,17,,,,,,,,,,,,,119,119,1,,,120.663961,24.186574,3
8411,66000,387130000C,(04)23274275,(04)23288582,2025,7,23,7,42,臺中市,神岡區,0,1,0,6,2,6,50,3,1,1,5,4,1,6,4,4,1,5,5,2,17,2,9,1,1,C03,7,10,1,10,2,16,,59,59,1,12,4,120.707711,24.258083,2
8412,66000,387130000C,(04)23274275,(04)23288582,2025,7,23,7,43,臺中市,大甲區,0,1,0,7,2,6,50,13,9,1,5,4,6,6,4,4,5,5,5,1,16,3,10,3,1,B03,7,11,1,8,2,8,,39,39,1,6,4,120.654418,24.389323,2
8413,66000,387130000C,(04)23274275,(04)23288582,2025,7,23,7,45,臺中市,大里區,0,2,0,7,3,6,40,3,2,1,5,4,6,6,4,4,5,5,4,1,16,2,9,1,1,C03,7,5,1,10,2,13,,14,14,1,13,4,120.683718,24.111184,2
8414,66000,387130000C,(04)23274275,(04)23288582,2025,7,23,7,46,臺中市,東區,0,1,0,7,2,6,50,4,1,1,5,4,6,6,4,4,10,5,5,2,17,2,9,1,1,C03,7,6,1,10,2,12,,14,14,1,12,4,120.690328,24.130899,2
8415,66000,387130000C,(04)23274275,(04)23288582,2025,7,23,7,48,臺中市,龍井區,0,0,0,7,,,60,,,,,,,,,,,,,,13,,,,,B03,,,1,,1,,,7,7,1,6,4,120.580044,24.176057,3
8416,66000,387130000C,(04)23274275,(04)23288582,2025,7,23,7,48,臺中市,神岡區,0,2,0,7,1,6,1,7,11,1,5,4,6,6,4,4,5,4,4,1,2,2,9,6,5,H01,8,16,7,21,2,17,,109,109,1,12,5,120.691333,24.255303,2
8417,66000,387130000C,(04)23274275,(04)23288582,2025,7,23,7,49,臺中市,潭子區,0,0,0,7,,,50,,,,,,,,,,,,,,,,,,,B03,,,1,,2,,,84,84,1,12,4,120.706832,24.208043,3
8418,66000,387130000C,(04)23274275,(04)23288582,2025,7,23,7,49,臺中市,烏日區,0,1,0,7,2,3,80,13,14,1,5,4,6,6,4,4,1,4,5,1,12,3,10,5,4,B12,7,9,1,8,2,2,,84,84,1,13,4,120.618877,24.109957,2
8419,66000,387130000C,(04)23274275,(04)23288582,2025,7,23,7,50,臺中市,大里區,0,0,0,7,,,50,,,,,,,,,,,,,,13,,,,,C03,,,1,,2,,,7,7,1,6,4,120.701102,24.124491,3
8420,66000,387130000C,(04)23274275,(04)23288582,2025,7,23,7,52,臺中市,神岡區,0,1,0,7,1,6,50,4,2,1,5,4,6,6,3,1,5,4,4,2,17,2,8,1,4,C03,7,15,1,10,2,11,,43,43,1,12,4,120.71208,24.257458,2
8421,66000,387130000C,(04)23274275,(04)23288582,2025,7,23,7,53,臺中市,大雅區,0,0,0,7,,,0,,,,,,,,,,,,,,,,,,,B03,,,1,,1,,,51,51,1,13,4,120.655386,24.235849,3
8422,66000,387130000C,(04)23274275,(04)23288582,2025,7,23,7,53,臺中市,北區,0,1,0,7,3,6,40,4,1,1,5,4,6,6,1,1,1,4,4,2,17,2,9,1,1,C03,7,9,1,10,2,11,,7,7,1,12,4,120.675861,24.159202,2
8423,66000,387130000C,(04)23274275,(04)23288582,2025,7,23,7,53,臺中市,南屯區,0,0,0,7,,,50,,,,,,,,,,,,,,17,,,,,B03,,,1,,2,,,50,50,1,12,4,120.63277,24.145065,3
8424,66000,387130000C,(04)23274275,(04)23288582,2025,7,23,7,53,臺中市,太平區,0,1,0,7,2,6,50,4,1,1,5,4,6,6,3,1,10,5,5,2,13,3,10,1,1,C03,7,9,3,19,1,11,,7,7,1,12,4,120.727626,24.150011,2
8425,66000,387130000C,(04)23274275,(04)23288582,2025,7,23,7,54,臺中市,北屯區,0,1,0,7,2,6,50,4,1,1,5,4,6,6,2,1,1,2,5,2,16,3,10,3,1,B03,7,6,1,8,2,1,,11,11,1,12,4,120.727522,24.169206,2
8426,66000,387130000C,(04)23274275,(04)23288582,2025,7,23,7,54,臺中市,清水區,0,1,0,7,3,6,30,4,1,1,5,4,6,6,4,4,9,4,5,2,15,2,9,4,1,C03,7,9,5,19,2,11,,20,20,1,12,4,120.580317,24.28007,2
8427,66000,387130000C,(04)23274275,(04)23288582,2025,7,23,7,55,臺中市,大里區,0,1,0,7,3,6,40,13,8,1,5,4,6,6,4,4,1,4,1,1,13,3,10,1,1,C03,7,9,1,10,2,11,,7,7,1,6,4,120.698637,24.112727,2
8428,66000,387130000C,(04)23274275,(04)23288582,2025,7,23,7,56,臺中市,北屯區,0,0,0,7,,,30,,,,,,,,,,,,,,17,,,,,B12,,,5,,2,,,14,14,1,12,4,120.661623,24.195254,3
8429,66000,387130000C,(04)23274275,(04)23288582,2025,7,23,7,58,臺中市,南屯區,0,1,0,7,2,6,50,13,9,1,5,4,6,6,4,4,7,4,5,2,17,2,1,3,1,B03,7,9,1,8,2,5,,56,56,1,12,4,120.629469,24.119073,2
8430,66000,387130000C,(04)23274275,(04)23288582,2025,7,23,8,0,臺中市,西屯區,0,0,0,7,,3,80,,,,,,,,,,,,,,13,,,,,B11,,,1,,1,,,7,7,1,11,4,120.6289,24.163457,3
8431,66000,387130000C,(04)23274275,(04)23288582,2025,7,23,8,0,臺中市,龍井區,0,0,0,7,,,50,,,,,,,,,,,,,,,,,,,B03,,,1,,2,,,7,7,1,12,4,120.535796,24.211237,3
8432,66000,387130000C,(04)23274275,(04)23288582,2025,7,23,8,1,臺中市,南屯區,0,0,0,7,,,50,,,,,,,,,,,,,,,,,,,B03,,,1,,1,,,47,47,1,13,4,120.634752,24.153877,3
8433,66000,387130000C,(04)23274275,(04)23288582,2025,7,23,8,1,臺中市,梧棲區,0,1,0,7,3,6,50,4,1,1,5,4,6,6,1,1,10,5,5,2,16,3,10,1,1,C03,7,9,1,10,2,12,,59,59,1,6,4,120.540915,24.261205,2
8434,66000,387130000C,(04)23274275,(04)23288582,2025,7,23,8,3,臺中市,大里區,0,0,0,7,,3,50,,,,,,,,,,,,,,17,,,,,D03,,,1,,2,,,7,7,1,13,4,120.69263,24.102595,3
8435,66000,387130000C,(04)23274275,(04)23288582,2025,7,23,8,5,臺中市,潭子區,0,1,0,7,2,6,50,3,1,1,5,4,6,6,4,4,10,5,5,2,16,3,10,3,1,B03,7,5,1,8,2,2,,84,84,1,13,4,120.706479,24.231456,2
8436,66000,387130000C,(04)23274275,(04)23288582,2025,7,23,8,5,臺中市,神岡區,0,1,0,6,2,6,50,3,2,1,5,4,6,6,4,4,10,5,5,2,17,2,9,1,1,C03,7,6,1,10,2,11,,39,39,1,12,4,120.690387,24.247377,2
8437,66000,387130000C,(04)23274275,(04)23288582,2025,7,23,8,7,臺中市,北區,0,0,0,7,,,50,,,,,,,,,,,,,,17,,,,,B03,,,1,,2,,,7,7,1,13,4,120.667063,24.159211,3
8438,66000,387130000C,(04)23274275,(04)23288582,2025,7,23,8,8,臺中市,豐原區,0,0,0,7,,,50,,,,,,,,,,,,,,17,,,,,B03,,,1,,2,,,40,40,1,12,4,120.75186,24.271201,3
8439,66000,387130000C,(04)23274275,(04)23288582,2025,7,23,8,15,臺中市,豐原區,0,1,0,7,1,6,50,4,1,1,5,4,6,6,1,1,5,4,4,1,17,2,9,1,1,C01,7,6,1,9,2,11,,7,7,1,6,4,120.722908,24.236325,2
8440,66000,387130000C,(04)23274275,(04)23288582,2025,7,23,8,16,臺中市,潭子區,0,0,0,7,,,50,,,,,,,,,,,,,,,,,,,B03,,,1,,3,,,59,59,1,12,4,120.721521,24.196629,3
8441,66000,387130000C,(04)23274275,(04)23288582,2025,7,23,8,17,臺中市,龍井區,0,1,0,7,3,6,50,3,9,1,5,4,6,6,4,4,10,5,5,1,16,2,7,1,1,C03,7,10,1,10,2,12,,7,7,1,6,4,120.540102,24.205858,2
8442,66000,387130000C,(04)23274275,(04)23288582,2025,7,23,8,18,臺中市,北屯區,0,1,0,7,2,6,50,4,1,1,5,4,6,6,2,1,10,5,5,2,16,2,9,1,1,C03,7,9,1,10,2,11,,21,21,1,13,4,120.69412,24.164915,2
8443,66000,387130000C,(04)23274275,(04)23288582,2025,7,23,8,21,臺中市,梧棲區,0,0,0,7,,,50,,,,,,,,,,,,,,16,,,,,B03,,,1,,1,,,20,20,1,6,4,120.532961,24.261091,3
8444,66000,387130000C,(04)23274275,(04)23288582,2025,7,23,8,23,臺中市,烏日區,0,1,0,7,2,6,50,3,2,1,5,4,6,6,4,4,10,5,5,2,13,2,9,5,4,C03,7,9,3,19,2,11,,7,7,1,12,4,120.622737,24.106157,2
8445,66000,387130000C,(04)23274275,(04)23288582,2025,7,23,8,23,臺中市,神岡區,0,1,0,7,1,6,30,3,2,1,5,4,6,6,4,4,5,4,4,2,16,2,9,1,4,C03,7,6,1,10,2,12,,12,12,1,12,4,120.682451,24.246735,2
8446,66000,387130000C,(04)23274275,(04)23288582,2025,7,23,8,27,臺中市,西屯區,0,0,0,7,,,60,,,,,,,,,,,,,,13,,,,,B03,,,1,,1,,,59,59,1,13,4,120.646822,24.164239,3
8447,66000,387130000C,(04)23274275,(04)23288582,2025,7,23,8,29,臺中市,東區,0,1,0,7,2,6,0,13,23,4,5,4,6,6,4,4,10,5,5,2,17,2,7,1,1,C04,7,9,1,10,2,14,,84,84,1,12,4,120.705579,24.13036,2
8448,66000,387130000C,(04)23274275,(04)23288582,2025,7,23,8,29,臺中市,南屯區,0,0,0,7,,,50,,,,,,,,,,,,,,17,,,,,C03,,,1,,1,,,8,8,1,12,4,120.633589,24.141391,3
8449,66000,387130000C,(04)23274275,(04)23288582,2025,7,23,8,31,臺中市,南區,0,1,1,7,2,6,50,4,1,1,5,4,6,6,2,1,10,5,5,2,16,5,9,1,1,C03,7,6,1,10,2,12,,11,11,1,12,4,120.653832,24.122322,2
8450,66000,387130000C,(04)23274275,(04)23288582,2025,7,23,8,32,臺中市,北屯區,0,2,0,7,2,6,50,3,1,1,5,4,6,6,4,4,10,5,5,2,17,2,9,6,1,F02,7,9,7,21,2,15,,4,4,1,12,4,120.693523,24.164272,2
8451,66000,387130000C,(04)23274275,(04)23288582,2025,7,23,8,32,臺中市,豐原區,0,1,0,7,1,6,50,4,1,1,5,4,6,6,1,1,1,4,4,1,17,3,10,3,1,B03,7,5,1,8,9,1,,7,7,1,6,4,120.72901,24.256935,2
8452,66000,387130000C,(04)23274275,(04)23288582,2025,7,23,8,41,臺中市,北區,0,1,0,7,3,6,50,4,1,1,5,4,6,6,1,1,10,5,5,2,13,3,10,3,1,B03,7,9,1,8,2,1,,1,1,1,12,4,120.676326,24.160416,2
8453,66000,387130000C,(04)23274275,(04)23288582,2025,7,23,8,44,臺中市,西區,0,0,0,7,,,50,,,,,,,,,,,,,,16,,,,,B03,,,1,,2,,,34,34,1,12,4,120.672873,24.149859,3
8454,66000,387130000C,(04)23274275,(04)23288582,2025,7,23,8,45,臺中市,北屯區,0,2,0,7,2,6,30,3,1,1,5,4,6,6,4,4,10,5,5,2,17,2,9,1,1,C03,7,6,1,10,2,11,,48,48,1,12,4,120.689174,24.180257,2
8455,66000,387130000C,(04)23274275,(04)23288582,2025,7,23,8,47,臺中市,西區,0,0,0,7,,,50,,,,,,,,,,,,,,,,,,,B01,,,1,,1,,,76,76,1,6,4,120.658827,24.136166,3
8456,66000,387130000C,(04)23274275,(04)23288582,2025,7,23,8,47,臺中市,太平區,0,0,0,7,,,50,,,,,,,,,,,,,,13,,,,,B12,,,1,,2,,,7,7,1,13,4,120.710678,24.140807,3
8457,66000,387130000C,(04)23274275,(04)23288582,2025,7,23,8,48,臺中市,石岡區,0,1,0,7,2,6,50,13,8,1,5,4,6,6,4,4,1,4,4,1,17,2,9,2,1,C03,7,9,1,10,2,11,,84,84,1,12,4,120.787925,24.274058,2
8458,66000,387130000C,(04)23274275,(04)23288582,2025,7,23,8,48,臺中市,豐原區,0,2,0,7,2,6,50,4,1,1,5,4,6,6,1,1,5,4,4,2,16,2,9,1,1,C03,7,11,1,10,2,11,,45,45,1,12,4,120.718438,24.238011,2
8459,66000,387130000C,(04)23274275,(04)23288582,2025,7,23,8,50,臺中市,南屯區,0,0,0,7,,,50,,,,,,,,,,,,,,13,,,,,C03,,,1,,1,,,59,59,1,12,4,120.641377,24.136076,4
8460,66000,387130000C,(04)23274275,(04)23288582,2025,7,23,8,51,臺中市,南屯區,0,0,0,7,,,50,,,,,,,,,,,,,,,,,,,B12,,,1,,9,,,8,8,1,13,4,120.636654,24.146664,3
8461,66000,387130000C,(04)23274275,(04)23288582,2025,7,23,8,51,臺中市,大里區,0,0,0,7,,,40,,,,,,,,,,,,,,13,,,,,C03,,,1,,2,,,84,84,1,13,4,120.66524,24.096849,3
8462,66000,387130000C,(04)23274275,(04)23288582,2025,7,23,9,4,臺中市,西區,0,1,0,7,2,6,50,4,2,1,5,4,6,6,1,1,5,5,5,2,17,3,10,1,1,C03,7,9,1,10,2,12,,8,8,1,12,4,120.671619,24.138241,2
8463,66000,387130000C,(04)23274275,(04)23288582,2025,7,23,9,9,臺中市,西屯區,0,0,0,7,2,6,50,4,9,1,5,4,6,6,1,1,5,4,5,1,9,3,10,5,4,B03,7,1,1,8,2,1,,59,59,1,13,4,120.656588,24.163604,3
8464,66000,387130000C,(04)23274275,(04)23288582,2025,7,23,9,13,臺中市,南屯區,0,0,0,7,,,50,,,,,,,,,,,,,,17,,,,,B12,,,1,,1,,,84,84,1,12,4,120.612764,24.13896,3
8465,66000,387130000C,(04)23274275,(04)23288582,2025,7,23,9,13,臺中市,太平區,0,1,0,7,2,6,50,3,1,1,5,4,6,6,4,4,10,5,5,2,16,2,9,1,1,C03,7,9,1,10,2,14,,1,1,1,12,4,120.706804,24.111867,2
8466,66000,387130000C,(04)23274275,(04)23288582,2025,7,23,9,15,臺中市,潭子區,0,1,0,7,2,6,50,13,9,1,5,4,6,6,4,4,9,5,5,1,17,3,10,1,1,C03,7,1,1,10,2,14,,51,51,1,13,4,120.712013,24.216265,2
8467,66000,387130000C,(04)23274275,(04)23288582,2025,7,23,9,19,臺中市,北屯區,0,0,0,7,,,50,,,,,,,,,,,,,,17,,,,,B12,,,1,,1,,,8,8,1,12,4,120.723275,24.176212,3
8468,66000,387130000C,(04)23274275,(04)23288582,2025,7,23,9,21,臺中市,中區,0,1,0,7,2,6,50,13,9,1,5,4,6,6,4,4,5,4,5,2,17,2,8,1,1,C03,7,9,1,10,2,12,14,43,43,1,12,4,120.681385,24.144793,2
8469,66000,387130000C,(04)23274275,(04)23288582,2025,7,23,9,21,臺中市,南區,0,0,0,7,,,50,,,,,,,,,,,,,,,,,,,B03,,,1,,2,,,49,49,1,6,4,120.684724,24.12191,3
8470,66000,387130000C,(04)23274275,(04)23288582,2025,7,23,9,23,臺中市,豐原區,0,1,0,7,2,6,50,3,1,1,5,4,6,6,1,1,5,5,4,2,13,3,10,3,1,B03,7,9,1,8,2,5,,84,84,1,12,4,120.745502,24.26287,2
8471,66000,387130000C,(04)23274275,(04)23288582,2025,7,23,9,24,臺中市,東區,0,1,0,7,2,6,50,13,9,1,5,4,6,6,4,4,5,4,5,2,17,2,9,1,1,C03,7,9,1,10,2,11,,84,84,1,12,4,120.686776,24.131886,2
8472,66000,387130000C,(04)23274275,(04)23288582,2025,7,23,9,24,臺中市,南屯區,0,1,0,7,2,6,50,4,1,1,5,4,6,6,4,4,10,5,5,2,15,3,10,3,1,B01,7,9,1,4,2,4,,6,6,1,12,4,120.624838,24.11441,2
8473,66000,387130000C,(04)23274275,(04)23288582,2025,7,23,9,29,臺中市,霧峰區,0,1,0,7,2,6,40,4,2,1,5,4,6,6,1,1,5,5,4,1,17,2,8,2,1,C03,7,6,5,19,2,14,,84,84,1,6,4,120.698545,24.064372,2
8474,66000,387130000C,(04)23274275,(04)23288582,2025,7,23,9,35,臺中市,太平區,0,1,0,7,2,6,30,4,1,1,5,4,6,6,4,4,10,5,5,2,16,3,10,3,1,B12,7,6,1,8,2,4,,48,48,1,13,4,120.71694,24.1227,2
8475,66000,387130000C,(04)23274275,(04)23288582,2025,7,23,9,39,臺中市,龍井區,0,0,0,7,,,50,,,,,,,,,,,,,,14,,,,,B03,,,1,,2,,,49,49,1,6,4,120.586997,24.181363,3
8476,66000,387130000C,(04)23274275,(04)23288582,2025,7,23,9,40,臺中市,烏日區,0,1,0,7,2,6,70,11,8,1,5,4,6,6,4,4,1,4,4,1,17,3,10,3,1,B03,7,5,1,8,2,3,,84,84,1,6,4,120.584316,24.111465,2
8477,66000,387130000C,(04)23274275,(04)23288582,2025,7,23,9,42,臺中市,大里區,0,1,0,7,3,6,30,13,9,1,5,4,6,6,4,4,10,5,5,2,9,2,8,1,1,C03,7,1,1,10,2,14,,51,51,1,13,4,120.686867,24.114408,2
8478,66000,387130000C,(04)23274275,(04)23288582,2025,7,23,9,43,臺中市,南區,0,1,0,7,2,6,50,3,1,1,5,4,6,6,2,1,10,5,5,2,18,2,9,1,1,C03,7,9,1,10,2,16,,85,85,1,12,4,120.662178,24.11688,2
8479,66000,387130000C,(04)23274275,(04)23288582,2025,7,23,9,46,臺中市,西區,0,1,0,7,2,6,50,3,1,1,5,4,6,6,4,4,10,5,5,2,17,3,10,5,1,B03,7,1,1,8,2,1,,51,51,1,6,4,120.667931,24.153471,2
8480,66000,387130000C,(04)23274275,(04)23288582,2025,7,23,9,48,臺中市,北屯區,0,0,0,7,,,50,,,,,,,,,,,,,,9,,,,,B03,,,1,,1,,,51,51,1,6,4,120.715904,24.178247,3
8481,66000,387130000C,(04)23274275,(04)23288582,2025,7,23,9,50,臺中市,沙鹿區,0,1,0,7,2,6,50,3,1,1,5,4,6,6,4,4,10,5,5,2,17,3,10,3,1,B03,7,6,1,8,1,16,,14,14,1,13,4,120.577211,24.241299,2
8482,66000,387130000C,(04)23274275,(04)23288582,2025,7,23,9,51,臺中市,西屯區,0,1,0,7,2,6,50,4,1,1,5,4,6,6,1,1,10,4,4,2,13,2,9,2,1,C03,7,9,1,10,2,11,,7,7,1,12,4,120.648294,24.167899,2
8483,66000,387130000C,(04)23274275,(04)23288582,2025,7,23,9,53,臺中市,太平區,0,2,0,7,3,6,50,3,1,1,5,4,6,6,4,4,10,5,5,1,16,2,9,2,1,C03,7,6,1,10,2,12,,14,14,1,12,4,120.726856,24.14982,2
8484,66000,387130000C,(04)23274275,(04)23288582,2025,7,23,10,1,臺中市,北區,0,0,0,7,,,50,,,,,,,,,,,,,,15,,,,,B03,,,1,,1,,,12,12,1,12,4,120.680489,24.150101,3
8485,66000,387130000C,(04)23274275,(04)23288582,2025,7,23,10,2,臺中市,南屯區,0,0,0,7,,,50,,,,,,,,,,,,,,,,,,,B03,,,1,,1,,,51,51,1,13,4,120.646641,24.142582,3
8486,66000,387130000C,(04)23274275,(04)23288582,2025,7,23,10,2,臺中市,大里區,0,1,0,7,2,6,50,3,1,1,5,4,6,6,4,4,10,5,5,2,17,2,9,1,1,C03,7,1,1,10,2,14,,51,51,1,13,4,120.703686,24.08694,2
8487,66000,387130000C,(04)23274275,(04)23288582,2025,7,23,10,7,臺中市,神岡區,0,1,0,7,2,6,50,13,9,1,5,4,6,6,1,1,5,5,5,1,13,2,9,1,1,C03,7,9,1,10,2,11,,59,59,1,12,4,120.658346,24.277555,2
8488,66000,387130000C,(04)23274275,(04)23288582,2025,7,23,10,11,臺中市,西屯區,0,0,0,7,,,50,,,,,,,,,,,,,,17,,,,,B03,,,1,,2,,,59,59,1,12,4,120.648294,24.167899,3
8489,66000,387130000C,(04)23274275,(04)23288582,2025,7,23,10,12,臺中市,大里區,0,1,0,7,3,6,50,4,2,1,5,4,6,6,1,1,10,5,5,2,12,2,8,2,1,C03,7,9,1,10,2,12,,4,4,1,13,4,120.676734,24.097651,2
8490,66000,387130000C,(04)23274275,(04)23288582,2025,7,23,10,13,臺中市,南區,0,1,0,7,1,6,50,9,11,1,5,4,6,6,4,4,9,4,5,1,12,2,9,1,1,C03,7,9,1,10,2,11,,7,7,1,12,4,120.670686,24.119152,2
8491,66000,387130000C,(04)23274275,(04)23288582,2025,7,23,10,17,臺中市,北屯區,0,1,0,7,2,6,30,4,1,1,5,4,6,6,4,4,10,5,5,2,16,3,10,1,1,C03,7,6,3,19,2,14,,14,14,1,13,4,120.699047,24.171335,2
8492,66000,387130000C,(04)23274275,(04)23288582,2025,7,23,10,20,臺中市,清水區,0,1,0,7,3,6,50,3,1,1,5,4,6,6,4,4,9,4,5,2,17,3,10,3,1,B03,7,9,1,8,2,4,,4,4,1,12,4,120.554328,24.263742,2
8493,66000,387130000C,(04)23274275,(04)23288582,2025,7,23,10,24,臺中市,大雅區,0,0,0,7,,,0,,,,,,,,,,,,,,17,,,,,B12,,,1,,9,,,51,51,1,13,4,120.653226,24.218894,3
8494,66000,387130000C,(04)23274275,(04)23288582,2025,7,23,10,24,臺中市,南區,0,2,0,7,1,6,50,9,11,1,5,4,6,6,4,4,10,4,5,1,12,2,9,1,1,C03,7,14,1,10,2,13,,84,84,1,12,4,120.670686,24.119152,2
8495,66000,387130000C,(04)23274275,(04)23288582,2025,7,23,10,28,臺中市,北屯區,0,1,0,7,2,6,50,13,8,1,5,4,6,6,4,4,1,4,4,2,17,3,10,1,1,C03,7,9,1,10,2,11,,59,59,1,12,4,120.686101,24.181523,2
8496,66000,387130000C,(04)23274275,(04)23288582,2025,7,23,10,32,臺中市,北屯區,0,0,0,7,,,50,,,,,,,,,,,,,,17,,,,,,,,,,,,,119,119,1,,,120.725225,24.164095,3
8497,66000,387130000C,(04)23274275,(04)23288582,2025,7,23,10,35,臺中市,潭子區,0,0,0,7,,,50,,,,,,,,,,,,,,,,,,,B03,,,1,,2,,,51,51,1,12,4,120.709679,24.201239,3
8498,66000,387130000C,(04)23274275,(04)23288582,2025,7,23,10,37,臺中市,北屯區,0,2,0,7,3,6,50,4,1,1,5,4,6,6,1,1,10,5,5,2,13,2,9,3,1,B03,7,9,1,8,2,1,,7,7,1,6,4,120.698385,24.18657,2
8499,66000,387130000C,(04)23274275,(04)23288582,2025,7,23,10,37,臺中市,北屯區,0,0,0,7,,,50,,,,,,,,,,,,,,13,,,,,B12,,,1,,2,,,7,7,1,12,4,120.665977,24.182697,3
8500,66000,387130000C,(04)23274275,(04)23288582,2025,7,23,10,38,臺中市,北區,0,1,0,7,3,6,40,4,2,1,5,4,6,6,1,1,1,4,4,2,17,2,9,1,1,C03,7,9,1,10,2,11,,7,7,1,12,4,120.674031,24.164839,2
8501,66000,387130000C,(04)23274275,(04)23288582,2025,7,23,10,48,臺中市,烏日區,0,2,0,7,2,6,30,4,1,1,5,4,6,6,4,4,10,5,5,2,15,2,9,5,4,C03,7,9,1,10,2,12,,12,12,1,13,4,120.642051,24.103199,2
8502,66000,387130000C,(04)23274275,(04)23288582,2025,7,23,10,48,臺中市,沙鹿區,0,1,0,7,3,6,60,5,1,1,5,4,6,6,1,1,10,5,5,2,17,3,10,3,1,B03,7,15,1,3,2,5,,20,20,1,6,4,120.568207,24.238389,2
8503,66000,387130000C,(04)23274275,(04)23288582,2025,7,23,10,51,臺中市,東勢區,0,1,0,7,3,6,50,5,1,1,5,4,6,6,4,4,9,5,5,2,16,3,10,5,4,B03,7,5,1,8,2,2,,14,14,1,12,4,120.833058,24.253811,2
8504,66000,387130000C,(04)23274275,(04)23288582,2025,7,23,11,0,臺中市,沙鹿區,0,0,0,7,,,60,,,,,,,,,,,,,,14,,,,,B11,,,1,,1,,,39,39,1,12,4,120.597319,24.25002,4
8505,66000,387130000C,(04)23274275,(04)23288582,2025,7,23,11,4,臺中市,大里區,0,1,0,7,3,6,50,3,2,1,5,4,1,6,4,4,5,5,5,1,9,3,10,1,1,C03,7,9,3,19,2,11,,58,58,1,13,4,120.690973,24.11,2
8506,66000,387130000C,(04)23274275,(04)23288582,2025,7,23,11,9,臺中市,西區,0,0,0,7,,,50,,,,,,,,,,,,,,,,,,,B02,,,1,,2,,,7,7,1,6,4,120.666867,24.141338,3
8507,66000,387130000C,(04)23274275,(04)23288582,2025,7,23,11,10,臺中市,梧棲區,0,0,0,7,,,60,,,,,,,,,,,,,,13,,,,,B03,,,1,,1,,,7,7,1,12,4,120.52879,24.222846,3
8508,66000,387130000C,(04)23274275,(04)23288582,2025,7,23,11,12,臺中市,豐原區,0,0,0,7,,,50,,,,,,,,,,,,,,17,,,,,B12,,,1,,2,,,51,51,1,12,4,120.717376,24.253085,3
8509,66000,387130000C,(04)23274275,(04)23288582,2025,7,23,11,15,臺中市,北區,0,2,0,7,2,6,50,4,1,1,5,4,6,6,4,4,10,5,5,2,15,2,8,1,1,C03,7,9,1,10,2,11,,12,12,1,12,4,120.680973,24.162492,2
8510,66000,387130000C,(04)23274275,(04)23288582,2025,7,23,11,15,臺中市,南區,0,0,0,7,,,50,,,,,,,,,,,,,,,,,,,B03,,,3,,9,,,87,87,1,6,4,120.670095,24.119043,3
8511,66000,387130000C,(04)23274275,(04)23288582,2025,7,23,11,16,臺中市,大里區,0,0,0,7,,,50,,,,,,,,,,,,,,23,,,,,B02,,,1,,2,,,84,84,1,6,4,120.697519,24.082419,3
8512,66000,387130000C,(04)23274275,(04)23288582,2025,7,23,11,25,臺中市,霧峰區,0,0,0,7,,,50,,,,,,,,,,,,,,,,,,,B02,,,1,,2,,,84,84,1,6,4,120.680036,24.070907,3