序號,縣市別代碼,機關代碼,市話,傳真,年,月,日,時,分,縣市,區,死亡數量,受傷數量,2-30,天候,道路照明設備,道路類別,道路速限,道路型態,事故位置,路面鋪裝,路面狀態,路面缺陷,障礙物,視距,號誌種類,號誌動作,分向設施,快車道或一般車道間,快慢車道間,路面邊線,事故類型及型態,受傷程度,主要傷處,保護裝備,行動電話或功能裝置,當事者區分(類別),車輛用途,當事者行動狀態,駕照狀態,駕照種類,飲酒情形,車輛撞擊部位最初,車輛撞擊部位其他,肇事因素個別,肇事因素主要,肇事逃逸,職業,共享經濟或外送平台,GPS座標X,GPS座標Y,事故類別
8513,66000,387130000C,(04)23274275,(04)23288582,2025,7,23,11,30,臺中市,大雅區,0,0,0,7,,,30,,,,,,,,,,,,,,,,,,,A11,,,1,,1,,,49,49,1,13,4,120.659316,24.231561,3
8514,66000,387130000C,(04)23274275,(04)23288582,2025,7,23,11,30,臺中市,大里區,0,0,0,7,,,0,,,,,,,,,,,,,,17,,,,,,,,,,,,,119,119,1,,,120.67688,24.114693,3
8515,66000,387130000C,(04)23274275,(04)23288582,2025,7,23,11,31,臺中市,烏日區,0,2,0,7,2,6,50,4,19,1,5,4,6,6,1,1,10,5,5,2,3,2,9,5,4,C03,7,9,1,10,2,14,,84,84,1,12,4,120.644348,24.085868,2
8516,66000,387130000C,(04)23274275,(04)23288582,2025,7,23,11,41,臺中市,大雅區,0,1,0,7,2,6,0,13,9,1,5,4,6,6,4,4,4,5,5,2,14,3,10,3,1,B03,7,2,1,8,2,6,,49,49,1,13,4,120.649229,24.215083,2
8517,66000,387130000C,(04)23274275,(04)23288582,2025,7,23,11,44,臺中市,西屯區,0,0,0,7,,,50,,,,,,,,,,,,,,17,,,,,C03,,,1,,9,,,4,4,1,13,4,120.585608,24.173572,3
8518,66000,387130000C,(04)23274275,(04)23288582,2025,7,23,11,44,臺中市,龍井區,0,0,0,7,,,30,,,,,,,,,,,,,,14,,,,,B03,,,1,,1,,,49,49,1,6,4,120.585363,24.178784,3
8519,66000,387130000C,(04)23274275,(04)23288582,2025,7,23,11,46,臺中市,大里區,0,0,0,7,,,,,,,,,,,,,,,,,18,,,,,,,,,,,,,119,119,1,,,120.702451,24.098138,3
8520,66000,387130000C,(04)23274275,(04)23288582,2025,7,23,11,51,臺中市,南屯區,0,2,0,7,2,6,60,4,2,1,5,4,6,6,2,1,1,3,1,2,13,2,9,1,1,C03,7,9,1,10,2,11,,7,7,1,12,4,120.646789,24.146405,2
8521,66000,387130000C,(04)23274275,(04)23288582,2025,7,23,11,53,臺中市,太平區,0,1,0,7,3,6,50,13,9,1,5,4,6,6,4,4,5,4,5,2,16,3,10,3,1,B02,7,7,3,19,2,5,,40,40,1,12,4,120.715447,24.149038,2
8522,66000,387130000C,(04)23274275,(04)23288582,2025,7,23,11,56,臺中市,北區,0,1,0,7,3,6,50,13,9,1,5,4,6,6,4,4,9,5,5,2,16,3,10,1,1,C03,7,6,1,10,2,14,,20,20,1,12,4,120.687044,24.153118,2
8523,66000,387130000C,(04)23274275,(04)23288582,2025,7,23,11,58,臺中市,豐原區,0,0,0,7,,,30,,,,,,,,,,,,,,14,,,,,B03,,,1,,2,,,49,49,1,12,4,120.711217,24.246339,3
8524,66000,387130000C,(04)23274275,(04)23288582,2025,7,23,12,1,臺中市,北屯區,0,0,0,7,,,50,,,,,,,,,,,,,,13,,,,,C03,,,1,,1,,,59,59,1,12,4,120.684621,24.172432,3
8525,66000,387130000C,(04)23274275,(04)23288582,2025,7,23,12,3,臺中市,西屯區,0,0,0,7,,,50,,,,,,,,,,,,,,17,,,,,B03,,,1,,1,,,51,51,1,12,4,120.637189,24.166416,3
8526,66000,387130000C,(04)23274275,(04)23288582,2025,7,23,12,8,臺中市,梧棲區,0,0,0,7,,,60,,,,,,,,,,,,,,12,,,,,B03,,,1,,1,,,40,40,1,12,4,120.524602,24.22318,3
8527,66000,387130000C,(04)23274275,(04)23288582,2025,7,23,12,10,臺中市,東區,0,1,0,7,2,6,50,4,1,1,5,4,6,6,2,1,10,5,5,2,17,3,10,3,1,B03,7,5,1,8,2,5,,11,11,1,12,4,120.699655,24.144697,2
8528,66000,387130000C,(04)23274275,(04)23288582,2025,7,23,12,14,臺中市,南屯區,0,0,0,7,,,50,,,,,,,,,,,,,,14,,,,,B03,,,1,,2,,,50,50,1,6,4,120.609744,24.139446,3
8529,66000,387130000C,(04)23274275,(04)23288582,2025,7,23,12,14,臺中市,烏日區,0,0,0,6,2,6,50,3,1,1,5,4,6,6,4,4,5,4,4,2,14,3,10,3,1,B03,7,2,3,19,1,6,,49,49,1,6,4,120.634169,24.107361,3
8530,66000,387130000C,(04)23274275,(04)23288582,2025,7,23,12,16,臺中市,南區,0,2,0,7,3,6,50,13,7,1,5,4,6,6,2,1,3,4,4,2,17,2,9,5,4,B03,7,9,1,8,2,1,,7,7,1,6,4,120.679399,24.12407,2
8531,66000,387130000C,(04)23274275,(04)23288582,2025,7,23,12,17,臺中市,沙鹿區,0,2,0,7,2,6,40,3,1,1,5,4,6,6,1,1,3,4,3,2,17,2,9,1,1,C03,7,9,1,10,2,11,,43,43,1,13,2,120.577992,24.2234,2
8532,66000,387130000C,(04)23274275,(04)23288582,2025,7,23,12,22,臺中市,南屯區,0,0,0,7,,,50,,,,,,,,,,,,,,,,,,,B03,,,1,,2,,,40,40,1,13,4,120.61524,24.147704,3
8533,66000,387130000C,(04)23274275,(04)23288582,2025,7,23,12,22,臺中市,西屯區,0,1,0,7,2,6,30,3,2,1,5,4,6,6,4,4,10,5,5,2,17,3,10,5,4,B01,7,9,1,4,3,1,,59,59,1,13,4,120.612294,24.185391,2
8534,66000,387130000C,(04)23274275,(04)23288582,2025,7,23,12,24,臺中市,西屯區,0,0,0,7,,,50,,,,,,,,,,,,,,13,,,,,B03,,,1,,2,,,59,59,1,13,4,120.654079,24.17239,3
8535,66000,387130000C,(04)23274275,(04)23288582,2025,7,23,12,28,臺中市,北區,0,0,0,7,,,50,,,,,,,,,,,,,,,,,,,C03,,,1,,1,,,49,49,1,12,4,120.681004,24.16241,3
8536,66000,387130000C,(04)23274275,(04)23288582,2025,7,23,12,29,臺中市,大雅區,0,1,0,7,2,6,70,13,7,1,5,4,6,6,4,4,1,4,4,1,18,2,9,2,1,C03,7,9,1,10,2,12,,81,81,1,13,4,120.635419,24.235824,2
8537,66000,387130000C,(04)23274275,(04)23288582,2025,7,23,12,39,臺中市,北區,0,0,0,7,,,50,,,,,,,,,,,,,,14,,,,,B12,,,1,,1,3,,49,49,1,12,4,120.680829,24.167105,3
8538,66000,387130000C,(04)23274275,(04)23288582,2025,7,23,12,40,臺中市,潭子區,0,1,0,7,2,6,50,13,9,1,5,4,6,6,4,4,9,5,5,2,17,2,8,2,1,C03,7,9,3,19,2,11,,59,59,1,13,4,120.690318,24.212307,2
8539,66000,387130000C,(04)23274275,(04)23288582,2025,7,23,12,43,臺中市,西屯區,0,0,0,7,,,40,,,,,,,,,,,,,,17,,,,,B03,,,1,,1,,,59,59,1,13,4,120.646454,24.164454,3
8540,66000,387130000C,(04)23274275,(04)23288582,2025,7,23,12,43,臺中市,東勢區,0,2,0,7,3,6,50,5,1,1,5,4,6,6,1,1,10,5,5,2,15,2,7,5,4,C03,7,9,1,10,2,12,,21,21,1,12,4,120.826338,24.260416,2
8541,66000,387130000C,(04)23274275,(04)23288582,2025,7,23,12,51,臺中市,龍井區,0,2,0,7,2,6,50,13,7,1,5,4,6,6,4,4,1,4,1,2,13,2,1,3,1,B03,7,9,1,8,2,1,,7,7,1,6,4,120.587255,24.185771,2
8542,66000,387130000C,(04)23274275,(04)23288582,2025,7,23,12,52,臺中市,西屯區,0,1,0,7,2,6,50,4,1,1,5,4,6,6,2,1,5,5,5,2,16,3,10,5,4,B03,7,5,1,8,2,2,,47,47,1,12,4,120.659799,24.161223,2
8543,66000,387130000C,(04)23274275,(04)23288582,2025,7,23,12,52,臺中市,西屯區,0,0,0,7,,,50,,,,,,,,,,,,,,,,,,,B03,,,1,,9,,,50,50,1,12,4,120.657408,24.17605,3
8544,66000,387130000C,(04)23274275,(04)23288582,2025,7,23,12,53,臺中市,后里區,0,0,0,7,2,6,30,13,9,1,5,4,6,6,4,4,10,5,5,2,17,3,10,3,1,B03,7,9,1,8,2,5,,59,59,1,12,4,120.725182,24.312581,3
8545,66000,387130000C,(04)23274275,(04)23288582,2025,7,23,12,56,臺中市,大里區,0,1,0,7,3,6,30,4,1,1,5,4,6,6,4,4,5,5,4,2,15,2,9,1,1,C03,7,9,1,10,2,11,,12,12,1,13,4,120.683647,24.105966,2
8546,66000,387130000C,(04)23274275,(04)23288582,2025,7,23,12,58,臺中市,西區,0,1,0,7,1,6,50,13,7,1,5,4,6,6,4,4,3,4,4,2,18,2,9,5,4,C03,7,9,1,8,2,15,,84,84,1,12,4,120.660187,24.140158,2
8547,66000,387130000C,(04)23274275,(04)23288582,2025,7,23,13,4,臺中市,西區,0,0,0,7,,,50,,,,,,,,,,,,,,,,,,,C03,,,1,,2,,,84,84,1,12,4,120.663182,24.156542,3
8548,66000,387130000C,(04)23274275,(04)23288582,2025,7,23,13,10,臺中市,潭子區,0,0,0,7,,,50,,,,,,,,,,,,,,2,,,,,C03,,,1,,2,,,84,84,1,12,4,120.707697,24.199418,4
8549,66000,387130000C,(04)23274275,(04)23288582,2025,7,23,13,17,臺中市,南屯區,0,0,0,7,,,50,,,,,,,,,,,,,,,,,,,B12,,,1,,1,,,84,84,1,12,4,120.622269,24.14031,3
8550,66000,387130000C,(04)23274275,(04)23288582,2025,7,23,13,22,臺中市,東區,0,1,0,7,2,6,50,4,1,1,5,4,6,6,2,1,10,5,5,2,15,3,10,1,1,C03,7,9,1,10,2,11,,21,21,1,12,4,120.688291,24.130905,2
8551,66000,387130000C,(04)23274275,(04)23288582,2025,7,23,13,22,臺中市,西屯區,0,2,0,7,2,6,50,13,7,1,5,4,6,6,1,1,5,4,4,2,13,2,9,1,1,C03,7,9,1,8,2,11,,7,7,1,12,4,120.64703,24.173688,2
8552,66000,387130000C,(04)23274275,(04)23288582,2025,7,23,13,23,臺中市,西屯區,0,0,0,7,3,6,0,18,23,4,5,4,6,6,4,4,10,5,5,2,17,,,,,C03,,,1,,1,,,51,51,1,12,2,120.65324,24.166201,3
8553,66000,387130000C,(04)23274275,(04)23288582,2025,7,23,13,29,臺中市,沙鹿區,0,0,0,7,,,50,,,,,,,,,,,,,,17,,,,,B03,,,1,,2,,,51,51,1,12,4,120.56536,24.240667,3
8554,66000,387130000C,(04)23274275,(04)23288582,2025,7,23,13,30,臺中市,大雅區,0,0,0,7,,,50,,,,,,,,,,,,,,,,,,,A41,,,1,,2,,,84,84,1,12,4,120.645167,24.235924,3
8555,66000,387130000C,(04)23274275,(04)23288582,2025,7,23,13,34,臺中市,龍井區,0,0,0,7,,,50,,,,,,,,,,,,,,30,,,,,A04,,,1,,2,,,85,85,1,6,4,120.592722,24.182804,3
8556,66000,387130000C,(04)23274275,(04)23288582,2025,7,23,13,40,臺中市,大雅區,0,1,0,7,2,6,50,4,2,1,5,4,6,6,1,1,5,5,5,1,12,2,9,2,1,C03,7,6,3,19,2,13,,84,84,1,13,4,120.648016,24.2229,2
8557,66000,387130000C,(04)23274275,(04)23288582,2025,7,23,13,42,臺中市,北屯區,0,0,0,7,,,50,,,,,,,,,,,,,,30,,,,,A12,,,1,,2,,,42,42,1,12,4,120.683384,24.177737,3
8558,66000,387130000C,(04)23274275,(04)23288582,2025,7,23,13,42,臺中市,西屯區,0,0,0,7,,,30,,,,,,,,,,,,,,17,,,,,A11,,,1,,1,,,8,8,1,13,4,120.643705,24.197499,3
8559,66000,387130000C,(04)23274275,(04)23288582,2025,7,23,13,50,臺中市,北區,0,0,0,7,,,50,,,,,,,,,,,,,,17,,,,,B03,,,1,,1,,,59,59,1,12,4,120.664151,24.157131,3
8560,66000,387130000C,(04)23274275,(04)23288582,2025,7,23,13,54,臺中市,南屯區,0,1,0,7,3,6,40,13,8,1,5,4,6,6,4,4,5,5,4,2,16,3,10,5,4,B03,7,5,1,8,2,6,,47,47,1,6,4,120.633998,24.158854,2
8561,66000,387130000C,(04)23274275,(04)23288582,2025,7,23,14,0,臺中市,大雅區,0,0,0,7,,,50,,,,,,,,,,,,,,,,,,,B12,,,1,,2,,,50,50,1,13,4,120.65232,24.219481,3
8562,66000,387130000C,(04)23274275,(04)23288582,2025,7,23,14,0,臺中市,西屯區,0,2,0,7,2,6,50,4,1,1,5,4,6,6,1,1,8,4,5,1,17,2,9,4,4,C03,7,3,1,10,2,13,,59,59,1,13,4,120.633778,24.161218,2
8563,66000,387130000C,(04)23274275,(04)23288582,2025,7,23,14,2,臺中市,太平區,0,0,0,7,2,3,40,,,,,,,,,,,,,,,,,,,B03,,,1,,2,1,,84,84,1,12,4,120.71514,24.151775,3
8564,66000,387130000C,(04)23274275,(04)23288582,2025,7,23,14,2,臺中市,沙鹿區,0,0,0,7,,,50,,,,,,,,,,,,,,,,,,,B02,,,1,,2,,,8,8,1,13,4,120.555834,24.231927,3
8565,66000,387130000C,(04)23274275,(04)23288582,2025,7,23,14,8,臺中市,龍井區,0,0,0,7,2,6,60,13,7,1,5,4,6,6,2,1,1,4,1,2,13,3,10,3,1,B03,7,9,1,8,1,1,,84,84,1,6,4,120.586782,24.185777,3
8566,66000,387130000C,(04)23274275,(04)23288582,2025,7,23,14,10,臺中市,太平區,0,0,0,7,,3,80,,,,,,,,,,,,,,,,,,,A41,,,1,,1,,,7,7,1,12,4,120.717354,24.158156,3
8567,66000,387130000C,(04)23274275,(04)23288582,2025,7,23,14,15,臺中市,南屯區,0,1,0,7,2,6,0,13,21,1,5,4,6,6,4,4,10,5,5,2,14,2,9,1,1,C01,7,9,1,9,2,14,,39,39,1,12,4,120.637801,24.118765,2
8568,66000,387130000C,(04)23274275,(04)23288582,2025,7,23,14,33,臺中市,北區,0,0,0,7,,,50,,,,,,,,,,,,,,17,,,,,B03,,,1,,2,6,,84,84,1,12,4,120.685109,24.168051,3
8569,66000,387130000C,(04)23274275,(04)23288582,2025,7,23,14,33,臺中市,北屯區,0,0,0,7,,,50,,,,,,,,,,,,,,13,,,,,B03,,,1,,1,,,58,58,1,12,4,120.672648,24.174234,3
8570,66000,387130000C,(04)23274275,(04)23288582,2025,7,23,14,33,臺中市,西屯區,0,0,0,7,,,50,,,,,,,,,,,,,,13,,,,,B03,,,3,,1,,,7,7,1,12,4,120.635518,24.167369,3
8571,66000,387130000C,(04)23274275,(04)23288582,2025,7,23,14,46,臺中市,潭子區,0,1,0,7,2,6,50,11,9,1,5,4,6,6,4,4,9,5,5,1,17,2,9,2,1,C03,7,9,1,10,2,14,,8,8,1,13,4,120.713845,24.222508,2
8572,66000,387130000C,(04)23274275,(04)23288582,2025,7,23,14,49,臺中市,南區,0,2,0,7,2,6,50,13,9,1,5,4,6,6,4,4,9,5,5,2,17,2,9,1,1,C03,7,1,1,10,2,11,,51,51,1,12,4,120.654072,24.121802,2
8573,66000,387130000C,(04)23274275,(04)23288582,2025,7,23,14,49,臺中市,南區,0,1,0,7,3,6,50,4,9,1,5,4,6,6,2,1,5,5,5,2,16,3,10,5,4,B03,7,5,1,8,2,5,,65,65,1,6,4,120.66251,24.127467,2
8574,66000,387130000C,(04)23274275,(04)23288582,2025,7,23,15,0,臺中市,潭子區,0,1,0,7,3,6,0,13,13,1,5,4,6,6,4,4,10,5,5,1,17,,,,,,,21,,,,,,86,86,2,,,120.703707,24.20249,2
8575,66000,387130000C,(04)23274275,(04)23288582,2025,7,23,15,0,臺中市,西區,0,0,0,7,,,50,,,,,,,,,,,,,,17,,,,,C03,,,1,,11,,,8,8,2,13,4,120.671357,24.138116,3
8576,66000,387130000C,(04)23274275,(04)23288582,2025,7,23,15,0,臺中市,南屯區,0,1,0,7,1,6,50,4,1,1,5,4,6,6,4,4,10,5,5,2,15,2,9,1,1,C03,7,9,1,10,2,11,,15,15,1,6,4,120.65379,24.138918,2
8577,66000,387130000C,(04)23274275,(04)23288582,2025,7,23,15,5,臺中市,東區,0,0,0,7,,,30,,,,,,,,,,,,,,16,,,,,B12,,,5,,1,,,12,12,1,6,4,120.70573,24.131189,3
8578,66000,387130000C,(04)23274275,(04)23288582,2025,7,23,15,5,臺中市,南屯區,0,1,0,7,3,6,0,13,21,1,5,4,6,6,4,4,10,5,5,2,17,2,8,2,4,C03,7,2,1,10,2,13,,84,84,1,6,4,120.652226,24.150721,2
8579,66000,387130000C,(04)23274275,(04)23288582,2025,7,23,15,5,臺中市,豐原區,0,0,0,7,,,60,,,,,,,,,,,,,,13,,,,,B03,,,1,,2,,,7,7,1,12,4,120.726464,24.238229,3
8580,66000,387130000C,(04)23274275,(04)23288582,2025,7,23,15,11,臺中市,豐原區,0,1,0,7,2,6,50,5,7,1,5,4,6,6,4,4,5,4,4,2,16,2,8,1,1,C03,7,6,1,10,2,12,,12,12,1,12,4,120.719545,24.237847,2
8581,66000,387130000C,(04)23274275,(04)23288582,2025,7,23,15,17,臺中市,西區,0,1,0,7,2,6,30,4,1,1,5,4,5,6,4,4,10,5,5,2,15,2,8,2,1,C04,7,9,1,9,2,11,,15,15,1,12,4,120.660938,24.150149,2
8582,66000,387130000C,(04)23274275,(04)23288582,2025,7,23,15,20,臺中市,沙鹿區,0,1,0,7,2,6,30,4,1,1,5,4,6,6,4,4,10,5,5,1,15,3,10,3,1,B12,7,9,1,8,2,1,,15,15,1,12,4,120.564773,24.255563,2
8583,66000,387130000C,(04)23274275,(04)23288582,2025,7,23,15,23,臺中市,北屯區,0,0,0,7,,,50,,,,,,,,,,,,,,17,,,,,B03,,,1,,1,,,76,76,1,12,4,120.688163,24.18577,3
8584,66000,387130000C,(04)23274275,(04)23288582,2025,7,23,15,28,臺中市,龍井區,0,0,0,7,,,40,,,,,,,,,,,,,,1,,,,,A12,,,1,,1,,,75,75,1,6,4,120.535449,24.200399,3
8585,66000,387130000C,(04)23274275,(04)23288582,2025,7,23,15,30,臺中市,南區,0,1,0,7,2,6,30,3,1,1,5,4,6,6,4,4,10,5,5,2,16,3,10,3,1,B03,7,5,1,8,2,8,,14,14,1,12,4,120.683587,24.131735,2
8586,66000,387130000C,(04)23274275,(04)23288582,2025,7,23,15,30,臺中市,北屯區,0,0,0,7,,,50,,,,,,,,,,,,,,13,,,,,B03,,,1,,1,,,7,7,1,6,4,120.685577,24.174551,3
8587,66000,387130000C,(04)23274275,(04)23288582,2025,7,23,15,30,臺中市,大甲區,0,0,0,7,,,50,,,,,,,,,,,,,,,,,,,B13,,,1,,1,,,59,59,1,6,4,120.627863,24.340606,3
8588,66000,387130000C,(04)23274275,(04)23288582,2025,7,23,15,32,臺中市,南屯區,0,2,0,7,3,6,40,3,1,1,5,4,6,6,1,1,10,5,5,2,12,2,8,2,4,C03,7,9,1,10,1,11,,59,59,1,13,4,120.619941,24.136449,2
8589,66000,387130000C,(04)23274275,(04)23288582,2025,7,23,15,32,臺中市,北屯區,0,2,0,7,2,6,40,4,1,1,5,4,6,6,2,1,10,5,5,2,13,2,9,1,1,C03,7,9,1,10,2,11,,84,84,1,6,4,120.685577,24.174551,2
8590,66000,387130000C,(04)23274275,(04)23288582,2025,7,23,15,36,臺中市,太平區,0,1,0,7,2,6,30,13,9,1,5,4,4,6,4,4,10,5,5,2,17,2,9,2,1,C03,7,9,1,10,2,11,,84,84,1,13,4,120.720144,24.1539,2
8591,66000,387130000C,(04)23274275,(04)23288582,2025,7,23,15,38,臺中市,西屯區,0,1,0,7,1,6,50,12,9,1,5,4,6,6,4,4,5,4,5,2,12,3,10,3,1,B03,7,8,1,8,2,4,,40,40,1,12,4,120.647237,24.155725,2
8592,66000,387130000C,(04)23274275,(04)23288582,2025,7,23,15,38,臺中市,大肚區,0,2,0,7,2,6,70,13,7,1,5,4,6,6,4,4,1,4,4,1,12,3,10,3,1,A11,7,7,1,3,2,5,,40,40,1,6,4,120.547764,24.155656,2
8593,66000,387130000C,(04)23274275,(04)23288582,2025,7,23,15,42,臺中市,清水區,0,2,0,7,3,6,40,4,1,1,5,4,6,6,2,1,1,4,4,2,6,2,9,6,5,H01,8,18,7,21,10,17,,95,95,1,12,5,120.57488,24.267395,2
8594,66000,387130000C,(04)23274275,(04)23288582,2025,7,23,15,43,臺中市,后里區,0,0,0,7,2,6,40,4,2,1,5,4,6,6,4,4,4,5,4,1,17,3,10,1,1,F01,7,9,7,21,1,11,,84,84,1,12,4,120.715418,24.310186,3
8595,66000,387130000C,(04)23274275,(04)23288582,2025,7,23,15,45,臺中市,南屯區,0,0,0,7,,,50,,,,,,,,,,,,,,,,,,,B03,,,1,,1,,,8,8,1,13,4,120.612217,24.147286,3
8596,66000,387130000C,(04)23274275,(04)23288582,2025,7,23,15,46,臺中市,龍井區,0,0,0,7,,,50,,,,,,,,,,,,,,,,,,,B03,,,1,,1,,,7,7,1,13,4,120.523379,24.198492,3
8597,66000,387130000C,(04)23274275,(04)23288582,2025,7,23,15,48,臺中市,大里區,0,0,0,7,,,40,,,,,,,,,,,,,,,,,,,C03,,,1,,2,,,7,7,1,12,4,120.687485,24.094385,3
8598,66000,387130000C,(04)23274275,(04)23288582,2025,7,23,15,51,臺中市,南屯區,0,0,0,7,,,50,,,,,,,,,,,,,,13,,,,,B03,,,1,,1,,,7,7,1,13,4,120.634638,24.154596,3
8599,66000,387130000C,(04)23274275,(04)23288582,2025,7,23,15,52,臺中市,大雅區,0,3,0,7,3,6,50,13,9,1,5,4,6,6,4,4,5,5,5,1,17,2,8,2,1,C03,7,9,1,10,2,13,,7,7,1,12,4,120.649449,24.223997,2
8600,66000,387130000C,(04)23274275,(04)23288582,2025,7,23,15,52,臺中市,西屯區,0,1,0,7,2,6,30,3,1,1,5,4,6,6,4,4,10,5,5,2,16,3,10,3,1,B11,7,6,1,4,2,5,,14,14,1,12,4,120.617008,24.183312,2
8601,66000,387130000C,(04)23274275,(04)23288582,2025,7,23,15,53,臺中市,南區,0,1,0,7,3,6,50,3,1,1,5,4,6,6,2,1,10,5,5,2,16,3,10,3,1,B03,7,5,1,8,2,5,,11,11,1,13,4,120.652755,24.121647,2
8602,66000,387130000C,(04)23274275,(04)23288582,2025,7,23,15,55,臺中市,南屯區,0,0,0,7,,,0,,,,,,,,,,,,,,17,,,,,B11,,,1,,1,,,51,51,1,6,4,120.649961,24.140185,3
8603,66000,387130000C,(04)23274275,(04)23288582,2025,7,23,16,0,臺中市,南屯區,0,1,0,7,1,6,50,13,7,1,5,4,6,6,2,1,9,5,4,2,13,2,9,1,1,C03,7,9,1,10,2,11,,59,59,1,6,4,120.645553,24.148441,2
8604,66000,387130000C,(04)23274275,(04)23288582,2025,7,23,16,0,臺中市,西屯區,0,1,0,7,2,6,50,13,7,1,5,4,6,6,4,4,5,4,4,2,17,3,10,2,1,C03,7,9,1,10,2,11,,7,7,1,12,4,120.62596,24.183894,2
8605,66000,387130000C,(04)23274275,(04)23288582,2025,7,23,16,0,臺中市,神岡區,0,0,0,7,,,30,,,,,,,,,,,,,,12,,,,,B03,,,1,,1,,,84,84,1,13,4,120.698174,24.248881,3
8606,66000,387130000C,(04)23274275,(04)23288582,2025,7,23,16,14,臺中市,潭子區,0,0,0,7,,,30,,,,,,,,,,,,,,,,,,,B03,,,1,,2,,,87,87,1,13,4,120.70605,24.210194,3
8607,66000,387130000C,(04)23274275,(04)23288582,2025,7,23,16,16,臺中市,西屯區,0,2,0,7,2,6,40,13,7,1,5,4,6,6,4,4,5,4,4,2,12,2,9,5,4,B03,7,1,1,8,2,8,,51,51,1,12,4,120.63973,24.154826,2
8608,66000,387130000C,(04)23274275,(04)23288582,2025,7,23,16,18,臺中市,西區,0,0,0,7,,,50,,,,,,,,,,,,,,13,,,,,C03,,,1,,1,,,7,7,1,12,4,120.675763,24.138754,3
8609,66000,387130000C,(04)23274275,(04)23288582,2025,7,23,16,18,臺中市,西區,0,0,0,7,,,50,,,,,,,,,,,,,,,,,,,B03,,,1,,1,,,84,84,1,6,4,120.661694,24.139843,3
8610,66000,387130000C,(04)23274275,(04)23288582,2025,7,23,16,20,臺中市,北區,0,0,0,7,,,50,,,,,,,,,,,,,,17,,,,,B03,,,1,,9,,,85,85,1,13,4,120.675796,24.15786,3
8611,66000,387130000C,(04)23274275,(04)23288582,2025,7,23,16,20,臺中市,東區,0,0,0,7,1,6,50,5,1,1,5,4,6,6,1,1,10,5,5,2,17,3,10,3,1,B01,7,5,1,8,2,5,,39,39,1,12,4,120.693248,24.13329,3
8612,66000,387130000C,(04)23274275,(04)23288582,2025,7,23,16,21,臺中市,南區,0,0,0,7,,,50,,,,,,,,,,,,,,16,,,,,C03,,,1,,2,,,12,12,2,13,4,120.647052,24.121625,3
8613,66000,387130000C,(04)23274275,(04)23288582,2025,7,23,16,22,臺中市,西區,0,0,0,7,,,50,,,,,,,,,,,,,,,,,,,B03,,,1,,1,,,49,49,1,12,4,120.665266,24.155786,3
8614,66000,387130000C,(04)23274275,(04)23288582,2025,7,23,16,22,臺中市,北屯區,0,1,0,6,2,6,50,4,1,1,5,4,6,6,2,1,10,5,5,2,12,2,9,1,1,C03,7,4,1,10,2,12,,1,1,1,6,4,120.688179,24.175632,2
8615,66000,387130000C,(04)23274275,(04)23288582,2025,7,23,16,27,臺中市,豐原區,0,0,0,7,2,6,50,13,9,1,5,4,6,6,4,4,5,5,5,2,14,3,10,3,1,B12,7,2,1,8,2,3,,49,49,1,12,4,120.719799,24.247688,3
8616,66000,387130000C,(04)23274275,(04)23288582,2025,7,23,16,33,臺中市,東區,0,0,0,7,,,50,,,,,,,,,,,,,,12,,,,,B01,,,1,,2,,,35,35,1,12,4,120.698007,24.147865,3
8617,66000,387130000C,(04)23274275,(04)23288582,2025,7,23,16,35,臺中市,沙鹿區,0,3,0,7,3,6,50,13,9,1,5,4,6,6,4,4,5,5,5,2,17,2,9,1,1,C03,7,9,3,19,2,11,,4,4,1,7,4,120.561165,24.237588,2
8618,66000,387130000C,(04)23274275,(04)23288582,2025,7,23,16,36,臺中市,北屯區,0,0,0,7,,,50,,,,,,,,,,,,,,,,,,,B03,,,1,,9,,,49,49,1,12,4,120.670059,24.1869,3
8619,66000,387130000C,(04)23274275,(04)23288582,2025,7,23,16,38,臺中市,大雅區,0,1,0,7,1,6,60,3,1,1,5,4,6,6,1,1,1,4,5,2,17,2,9,2,1,C03,7,9,1,10,2,11,,85,85,1,12,4,120.650266,24.2095,2
8620,66000,387130000C,(04)23274275,(04)23288582,2025,7,23,16,38,臺中市,太平區,0,0,0,7,,,50,,,,,,,,,,,,,,,,,,,B12,,,1,,2,,,40,40,1,12,4,120.734169,24.148169,3
8621,66000,387130000C,(04)23274275,(04)23288582,2025,7,23,16,38,臺中市,沙鹿區,0,1,0,7,2,6,50,13,7,1,5,4,6,6,4,4,3,4,3,2,17,3,10,3,1,B03,7,9,1,8,1,1,,84,84,1,13,4,120.571307,24.233849,2
8622,66000,387130000C,(04)23274275,(04)23288582,2025,7,23,16,39,臺中市,北區,0,1,0,7,2,6,50,4,1,1,5,4,6,6,2,1,5,5,5,2,17,3,10,3,1,B03,7,1,1,8,2,1,,51,51,1,12,4,120.68449,24.154363,2
8623,66000,387130000C,(04)23274275,(04)23288582,2025,7,23,16,39,臺中市,大里區,0,0,0,7,,,50,,,,,,,,,,,,,,,,,,,B12,,,1,,1,,,8,8,1,12,4,120.712229,24.103553,3
8624,66000,387130000C,(04)23274275,(04)23288582,2025,7,23,16,39,臺中市,東勢區,0,1,0,7,2,6,50,3,1,1,5,4,6,6,4,4,10,5,5,1,17,3,10,3,1,B03,7,6,1,8,2,1,,12,12,1,12,4,120.826297,24.255101,2