序號,縣市別代碼,機關代碼,市話,傳真,年,月,日,時,分,縣市,區,死亡數量,受傷數量,2-30,天候,道路照明設備,道路類別,道路速限,道路型態,事故位置,路面鋪裝,路面狀態,路面缺陷,障礙物,視距,號誌種類,號誌動作,分向設施,快車道或一般車道間,快慢車道間,路面邊線,事故類型及型態,受傷程度,主要傷處,保護裝備,行動電話或功能裝置,當事者區分(類別),車輛用途,當事者行動狀態,駕照狀態,駕照種類,飲酒情形,車輛撞擊部位最初,車輛撞擊部位其他,肇事因素個別,肇事因素主要,肇事逃逸,職業,共享經濟或外送平台,GPS座標X,GPS座標Y,事故類別
8625,66000,387130000C,(04)23274275,(04)23288582,2025,7,23,16,40,臺中市,東區,0,1,0,7,2,6,50,13,9,1,5,4,6,6,4,4,5,4,5,2,17,2,9,2,1,C03,7,9,1,10,2,11,,7,7,1,6,4,120.692065,24.142824,2
8626,66000,387130000C,(04)23274275,(04)23288582,2025,7,23,16,44,臺中市,潭子區,0,0,0,7,,,60,,,,,,,,,,,,,,14,,,,,B12,,,1,,2,,,49,49,1,12,4,120.705009,24.208291,3
8627,66000,387130000C,(04)23274275,(04)23288582,2025,7,23,16,48,臺中市,大甲區,0,0,0,7,,,50,,,,,,,,,,,,,,,,,,,A02,,,1,,1,,,82,82,1,6,4,120.618024,24.351402,3
8628,66000,387130000C,(04)23274275,(04)23288582,2025,7,23,16,50,臺中市,北屯區,0,1,0,7,2,6,50,5,9,1,5,4,6,6,4,4,10,3,5,2,18,2,9,2,2,C03,7,9,1,10,9,14,,59,59,1,13,4,120.724625,24.176832,2
8629,66000,387130000C,(04)23274275,(04)23288582,2025,7,23,16,50,臺中市,梧棲區,0,2,0,7,2,6,50,13,9,1,5,4,6,6,4,4,1,4,5,1,13,2,8,1,1,C03,7,9,1,10,2,12,,8,8,1,12,4,120.537891,24.245154,2
8630,66000,387130000C,(04)23274275,(04)23288582,2025,7,23,16,50,臺中市,沙鹿區,0,1,0,7,2,6,50,13,14,1,5,4,6,6,4,4,4,5,5,1,18,2,9,1,1,F01,7,9,7,21,9,11,,84,84,1,12,4,120.559871,24.229655,2
8631,66000,387130000C,(04)23274275,(04)23288582,2025,7,23,16,53,臺中市,龍井區,0,1,0,7,2,6,50,4,4,1,5,4,6,6,2,1,5,5,5,2,13,3,10,3,1,B03,7,9,1,8,1,1,,59,59,1,6,4,120.592722,24.182804,2
8632,66000,387130000C,(04)23274275,(04)23288582,2025,7,23,16,54,臺中市,烏日區,0,2,0,7,2,6,50,3,2,1,5,4,6,6,2,1,5,4,5,2,13,3,10,5,4,B03,7,9,1,8,1,1,,59,59,1,13,4,120.609471,24.11256,2
8633,66000,387130000C,(04)23274275,(04)23288582,2025,7,23,16,54,臺中市,神岡區,0,3,0,7,1,6,50,3,2,1,5,4,6,6,1,1,5,4,4,1,17,2,1,1,4,C03,7,15,1,10,2,11,,39,39,1,12,4,120.668263,24.257509,2
8634,66000,387130000C,(04)23274275,(04)23288582,2025,7,23,16,55,臺中市,西區,0,0,0,7,,,50,,,,,,,,,,,,,,12,,,,,B03,,,1,,2,,,8,8,1,13,4,120.667115,24.132177,3
8635,66000,387130000C,(04)23274275,(04)23288582,2025,7,23,16,57,臺中市,西區,0,0,0,7,,,50,,,,,,,,,,,,,,,,,,,B03,,,1,,2,,,50,50,1,12,4,120.653277,24.152185,3
8636,66000,387130000C,(04)23274275,(04)23288582,2025,7,23,17,1,臺中市,南屯區,0,2,0,7,2,6,50,4,1,1,5,4,6,6,2,1,10,5,5,2,11,2,9,2,4,C03,7,6,1,10,2,12,,11,11,1,13,4,120.643106,24.144191,2
8637,66000,387130000C,(04)23274275,(04)23288582,2025,7,23,17,1,臺中市,北屯區,0,0,0,7,,,30,,,,,,,,,,,,,,24,,,,,B03,,,1,8,9,,,84,84,1,13,4,120.712737,24.171647,4
8638,66000,387130000C,(04)23274275,(04)23288582,2025,7,23,17,2,臺中市,龍井區,0,0,0,7,,,50,,,,,,,,,,,,,,,,,,,C03,,,1,,2,,,20,20,1,6,4,120.512718,24.205851,3
8639,66000,387130000C,(04)23274275,(04)23288582,2025,7,23,17,5,臺中市,北屯區,0,1,0,7,2,6,40,13,8,1,5,4,6,6,4,4,1,4,4,2,13,2,9,5,4,C03,7,9,1,10,2,11,,7,7,1,12,4,120.682978,24.181697,2
8640,66000,387130000C,(04)23274275,(04)23288582,2025,7,23,17,7,臺中市,太平區,0,1,0,7,2,6,50,4,1,1,5,4,6,6,4,4,10,5,5,2,16,2,9,4,1,F01,7,6,7,21,2,14,,48,48,1,3,4,120.724081,24.136397,2
8641,66000,387130000C,(04)23274275,(04)23288582,2025,7,23,17,9,臺中市,烏日區,0,1,0,7,2,6,50,3,1,1,5,4,6,6,4,4,10,5,5,2,17,2,8,5,4,C03,7,6,3,19,2,12,,14,14,1,6,4,120.618432,24.10451,2
8642,66000,387130000C,(04)23274275,(04)23288582,2025,7,23,17,10,臺中市,南屯區,0,0,0,7,,,50,,,,,,,,,,,,,,,,,,,C03,,,5,,2,,,7,7,1,6,4,120.632356,24.145477,3
8643,66000,387130000C,(04)23274275,(04)23288582,2025,7,23,17,12,臺中市,西區,0,1,0,7,2,6,50,4,1,1,5,4,6,6,1,1,10,5,5,2,17,2,9,2,1,C03,7,1,5,10,2,14,,51,51,1,12,4,120.672659,24.148221,2
8644,66000,387130000C,(04)23274275,(04)23288582,2025,7,23,17,13,臺中市,南屯區,0,0,0,7,,,50,,,,,,,,,,,,,,,,,,,B03,,,1,,2,,,84,84,1,13,4,120.635848,24.147504,4
8645,66000,387130000C,(04)23274275,(04)23288582,2025,7,23,17,14,臺中市,南屯區,0,2,0,7,2,6,50,13,9,1,5,4,6,6,4,4,1,4,5,2,12,2,9,1,1,C03,7,9,1,10,2,12,,85,85,1,12,4,120.646805,24.13413,2
8646,66000,387130000C,(04)23274275,(04)23288582,2025,7,23,17,14,臺中市,太平區,0,0,0,7,,3,80,,,,,,,,,,,,,,,,,,,B03,,,1,,2,,,40,40,1,12,4,120.717019,24.154433,3
8647,66000,387130000C,(04)23274275,(04)23288582,2025,7,23,17,15,臺中市,豐原區,0,0,0,7,,,50,,,,,,,,,,,,,,13,,,,,B03,,,1,,2,,,7,7,1,12,4,120.721475,24.278128,3
8648,66000,387130000C,(04)23274275,(04)23288582,2025,7,23,17,16,臺中市,大甲區,0,0,0,7,,,50,,,,,,,,,,,,,,13,,,,,B03,,,1,,2,,,7,7,1,12,4,120.624509,24.346235,3
8649,66000,387130000C,(04)23274275,(04)23288582,2025,7,23,17,17,臺中市,潭子區,0,2,0,7,2,6,60,13,7,1,5,4,3,6,4,4,1,4,4,1,17,2,7,2,1,C03,7,9,3,19,2,11,,84,84,1,12,4,120.709229,24.234437,2
8650,66000,387130000C,(04)23274275,(04)23288582,2025,7,23,17,17,臺中市,西區,0,2,0,7,1,6,50,4,9,1,5,4,6,6,1,1,3,4,5,1,17,3,10,5,4,B03,7,1,1,8,9,16,,85,85,1,12,4,120.672519,24.146971,2
8651,66000,387130000C,(04)23274275,(04)23288582,2025,7,23,17,17,臺中市,神岡區,0,3,0,7,1,6,30,3,9,1,5,4,6,6,4,4,10,5,5,1,12,2,9,1,1,C03,7,6,1,10,2,14,,85,85,1,12,4,120.690709,24.254601,2
8652,66000,387130000C,(04)23274275,(04)23288582,2025,7,23,17,20,臺中市,西區,0,0,0,7,,,50,,,,,,,,,,,,,,13,,,,,B03,,,1,,1,,,84,84,1,13,4,120.672733,24.146967,3
8653,66000,387130000C,(04)23274275,(04)23288582,2025,7,23,17,20,臺中市,西屯區,0,0,0,7,,,50,,,,,,,,,,,,,,12,,,,,B03,,,1,,2,,,1,1,1,13,4,120.591569,24.176665,3
8654,66000,387130000C,(04)23274275,(04)23288582,2025,7,23,17,20,臺中市,大里區,0,1,0,7,2,6,50,4,2,1,5,4,6,6,1,1,10,5,5,2,12,2,9,1,1,C03,7,9,1,10,2,11,,8,8,1,12,4,120.666296,24.10931,2
8655,66000,387130000C,(04)23274275,(04)23288582,2025,7,23,17,20,臺中市,大甲區,0,1,0,7,3,6,50,11,8,1,5,4,6,6,4,4,10,5,5,1,18,2,9,1,1,F01,7,9,7,21,2,11,,84,84,1,4,4,120.627849,24.340596,2
8656,66000,387130000C,(04)23274275,(04)23288582,2025,7,23,17,20,臺中市,神岡區,0,0,0,7,,,50,,,,,,,,,,,,,,16,,,,,C03,,,1,,2,,,85,85,1,13,4,120.66983,24.256736,3
8657,66000,387130000C,(04)23274275,(04)23288582,2025,7,23,17,20,臺中市,豐原區,0,2,0,7,3,6,40,3,1,1,5,4,6,6,4,4,1,4,4,1,17,2,9,1,4,F01,7,5,7,21,2,12,,84,84,1,12,1,120.734375,24.259942,2
8658,66000,387130000C,(04)23274275,(04)23288582,2025,7,23,17,21,臺中市,北區,0,1,0,7,2,6,40,13,8,1,5,4,6,6,4,4,5,4,4,2,17,3,10,3,1,B03,7,15,1,8,2,2,,76,76,1,12,4,120.68078,24.148826,2
8659,66000,387130000C,(04)23274275,(04)23288582,2025,7,23,17,23,臺中市,北屯區,0,1,0,7,2,6,40,13,8,1,5,4,6,6,4,4,1,4,4,2,18,2,9,1,1,C03,7,9,1,10,2,12,,84,84,1,12,4,120.666855,24.181029,2
8660,66000,387130000C,(04)23274275,(04)23288582,2025,7,23,17,23,臺中市,霧峰區,0,0,0,7,,,30,,,,,,,,,,,,,,17,,,,,B03,,,1,8,2,,,84,84,1,13,4,120.69608,24.065074,3
8661,66000,387130000C,(04)23274275,(04)23288582,2025,7,23,17,26,臺中市,北屯區,0,1,0,7,2,6,50,13,9,1,5,4,6,6,4,4,1,4,5,2,17,3,10,3,1,B12,7,7,1,8,9,16,,35,35,1,6,4,120.676397,24.173739,2
8662,66000,387130000C,(04)23274275,(04)23288582,2025,7,23,17,27,臺中市,梧棲區,0,2,0,7,1,6,30,4,1,1,5,4,6,6,4,4,10,5,5,2,15,2,9,1,1,C03,7,9,1,10,2,11,,15,15,1,12,4,120.542342,24.233778,2
8663,66000,387130000C,(04)23274275,(04)23288582,2025,7,23,17,29,臺中市,霧峰區,0,1,0,7,2,6,50,4,1,1,5,4,6,6,1,1,10,5,5,2,16,2,9,1,1,C03,7,6,3,19,2,12,,11,11,1,12,4,120.693106,24.073131,2
8664,66000,387130000C,(04)23274275,(04)23288582,2025,7,23,17,30,臺中市,大雅區,0,1,0,7,3,6,50,13,8,1,5,4,6,6,4,4,5,5,4,1,17,3,10,3,1,B13,7,6,1,8,2,6,,34,34,1,12,4,120.644112,24.210149,2
8665,66000,387130000C,(04)23274275,(04)23288582,2025,7,23,17,30,臺中市,北屯區,0,1,0,7,3,6,50,4,2,1,5,4,6,6,4,4,5,4,5,2,13,2,9,2,1,F01,7,9,7,21,2,11,,7,7,1,6,4,120.71089,24.182939,2
8666,66000,387130000C,(04)23274275,(04)23288582,2025,7,23,17,32,臺中市,中區,0,0,0,7,,,50,,,,,,,,,,,,,,,,,,,C03,,,1,,2,,,84,84,1,12,4,120.685322,24.142574,3
8667,66000,387130000C,(04)23274275,(04)23288582,2025,7,23,17,33,臺中市,豐原區,0,2,0,7,2,6,50,4,1,1,5,4,6,6,2,1,1,4,5,2,12,2,9,1,1,C03,7,6,1,10,2,14,,84,84,1,12,4,120.718949,24.243441,2
8668,66000,387130000C,(04)23274275,(04)23288582,2025,7,23,17,34,臺中市,南區,0,0,0,7,,,50,,,,,,,,,,,,,,,,,,,B03,,,1,,1,,,84,84,1,13,4,120.659778,24.116773,3
8669,66000,387130000C,(04)23274275,(04)23288582,2025,7,23,17,35,臺中市,龍井區,0,1,0,7,2,6,50,3,1,1,5,4,6,6,4,4,10,5,5,2,16,3,10,3,1,B03,7,6,1,8,2,1,,14,14,1,6,4,120.582637,24.180134,2
8670,66000,387130000C,(04)23274275,(04)23288582,2025,7,23,17,36,臺中市,北區,0,1,0,7,2,6,50,4,2,1,5,4,6,6,2,1,10,5,5,2,13,2,9,2,1,C02,7,6,1,9,2,11,,7,7,1,13,4,120.685292,24.163714,2
8671,66000,387130000C,(04)23274275,(04)23288582,2025,7,23,17,40,臺中市,大雅區,0,0,0,7,,,70,,,,,,,,,,,,,,,,,,,B03,,,1,,2,,,40,40,1,13,4,120.64426,24.227171,3
8672,66000,387130000C,(04)23274275,(04)23288582,2025,7,23,17,41,臺中市,北屯區,0,1,0,7,2,6,50,13,7,1,5,4,6,6,4,4,5,4,4,2,17,3,10,3,1,B03,7,1,1,8,2,1,,51,51,1,6,4,120.663042,24.19003,2
8673,66000,387130000C,(04)23274275,(04)23288582,2025,7,23,17,42,臺中市,西屯區,0,0,0,7,,,50,,,,,,,,,,,,,,14,,,,,B03,,,1,,1,,,49,49,1,12,4,120.6243,24.178367,3
8674,66000,387130000C,(04)23274275,(04)23288582,2025,7,23,17,42,臺中市,霧峰區,0,0,0,7,,,50,,,,,,,,,,,,,,17,,,,,B03,,,1,19,2,,,84,84,1,13,4,120.698461,24.065375,3
8675,66000,387130000C,(04)23274275,(04)23288582,2025,7,23,17,45,臺中市,大里區,0,1,0,7,2,9,50,13,7,1,5,4,6,6,4,4,5,5,4,2,17,2,9,4,1,F01,7,11,7,21,2,14,,45,45,1,2,4,120.676377,24.110299,2
8676,66000,387130000C,(04)23274275,(04)23288582,2025,7,23,17,45,臺中市,梧棲區,0,0,0,7,,,50,,,,,,,,,,,,,,13,,,,,B03,,,1,,1,,,58,58,1,12,4,120.525639,24.224502,3
8677,66000,387130000C,(04)23274275,(04)23288582,2025,7,23,17,47,臺中市,西區,0,1,0,7,1,6,50,4,1,1,5,4,6,6,1,1,10,5,5,1,17,3,10,5,4,B03,7,5,1,8,2,2,,84,84,1,12,4,120.674898,24.149182,2
8678,66000,387130000C,(04)23274275,(04)23288582,2025,7,23,17,50,臺中市,西區,0,0,0,7,,,50,,,,,,,,,,,,,,17,,,,,C03,,,1,,1,,,84,84,1,12,4,120.67284,24.148385,3
8679,66000,387130000C,(04)23274275,(04)23288582,2025,7,23,17,54,臺中市,大里區,0,0,0,7,,,50,,,,,,,,,,,,,,17,,,,,B03,,,1,,2,,,7,7,1,12,4,120.672531,24.101863,3
8680,66000,387130000C,(04)23274275,(04)23288582,2025,7,23,17,55,臺中市,北屯區,0,0,0,7,,,50,,,,,,,,,,,,,,,,,,,C03,,,1,,2,,,84,84,1,12,4,120.691646,24.175083,3
8681,66000,387130000C,(04)23274275,(04)23288582,2025,7,23,17,56,臺中市,大里區,0,0,0,7,,,50,,,,,,,,,,,,,,,,,,,B03,,,1,,1,,,8,8,1,12,4,120.702403,24.085654,3
8682,66000,387130000C,(04)23274275,(04)23288582,2025,7,23,17,58,臺中市,太平區,0,1,0,7,2,6,50,4,2,1,5,4,6,6,1,1,5,2,4,1,16,3,10,3,1,B03,7,6,1,10,2,2,,39,39,1,12,4,120.710561,24.12248,2
8683,66000,387130000C,(04)23274275,(04)23288582,2025,7,23,17,59,臺中市,大甲區,0,0,0,7,,,50,,,,,,,,,,,,,,13,,,,,C03,,,1,,2,,,7,7,1,12,4,120.643775,24.400831,3
8684,66000,387130000C,(04)23274275,(04)23288582,2025,7,23,18,0,臺中市,南區,0,0,0,7,1,6,50,13,8,1,5,4,6,6,4,4,1,4,4,2,17,3,10,1,1,C03,7,15,1,10,1,11,,84,84,1,12,4,120.667286,24.114129,3
8685,66000,387130000C,(04)23274275,(04)23288582,2025,7,23,18,0,臺中市,南屯區,0,2,0,7,1,6,50,5,1,1,5,4,6,6,2,1,10,5,5,2,17,2,8,1,1,C03,7,9,1,10,2,14,,84,84,1,6,4,120.646641,24.14273,2
8686,66000,387130000C,(04)23274275,(04)23288582,2025,7,23,18,0,臺中市,大肚區,0,1,0,7,2,6,30,18,9,1,5,4,6,6,4,4,10,5,5,2,17,3,10,1,1,C03,7,1,1,10,2,11,,51,51,1,6,4,120.544343,24.159267,2
8687,66000,387130000C,(04)23274275,(04)23288582,2025,7,23,18,2,臺中市,龍井區,0,0,0,7,2,6,60,4,7,1,5,4,6,6,2,1,1,2,1,2,13,3,10,3,1,B03,7,9,1,8,1,1,,59,59,1,6,4,120.585565,24.186184,3
8688,66000,387130000C,(04)23274275,(04)23288582,2025,7,23,18,9,臺中市,梧棲區,0,0,0,7,,,50,,,,,,,,,,,,,,13,,,,,B03,,,1,,1,,,7,7,1,12,4,120.543095,24.256279,3
8689,66000,387130000C,(04)23274275,(04)23288582,2025,7,23,18,11,臺中市,沙鹿區,0,0,0,7,,,30,,,,,,,,,,,,,,,,,,,B03,,,1,,2,,,49,49,1,6,4,120.562074,24.243957,3
8690,66000,387130000C,(04)23274275,(04)23288582,2025,7,23,18,19,臺中市,豐原區,0,1,0,7,3,6,50,4,1,1,5,4,6,6,1,1,5,5,5,1,17,3,10,1,4,C03,7,9,1,10,2,14,,7,7,1,12,4,120.719394,24.247927,2
8691,66000,387130000C,(04)23274275,(04)23288582,2025,7,23,18,20,臺中市,北區,0,2,0,5,1,6,50,3,1,1,4,4,6,6,4,4,10,5,5,2,17,2,5,1,1,C03,7,6,1,10,2,12,,14,14,1,12,4,120.68784,24.152286,2
8692,66000,387130000C,(04)23274275,(04)23288582,2025,7,23,18,20,臺中市,北屯區,0,0,0,7,,,50,,,,,,,,,,,,,,17,,,,,C04,,,3,,1,,,34,34,1,12,4,120.683144,24.170467,4
8693,66000,387130000C,(04)23274275,(04)23288582,2025,7,23,18,22,臺中市,潭子區,0,0,0,6,,,50,,,,,,,,,,,,,,,,,,,C03,,,1,,2,,,84,84,1,13,4,120.699704,24.194435,3
8694,66000,387130000C,(04)23274275,(04)23288582,2025,7,23,18,24,臺中市,神岡區,0,1,0,7,1,6,30,4,1,1,5,4,6,6,4,4,10,5,5,2,15,2,9,1,1,C03,7,9,1,10,2,11,,15,15,1,12,4,120.657893,24.268741,2
8695,66000,387130000C,(04)23274275,(04)23288582,2025,7,23,18,26,臺中市,西屯區,0,0,0,7,,,40,,,,,,,,,,,,,,13,,,,,B03,,,1,,1,,,7,7,1,12,4,120.635989,24.182182,3
8696,66000,387130000C,(04)23274275,(04)23288582,2025,7,23,18,27,臺中市,西屯區,0,0,0,7,,,60,,,,,,,,,,,,,,,,,,,B01,,,1,4,1,,,8,8,1,12,4,120.62904,24.163157,3
8697,66000,387130000C,(04)23274275,(04)23288582,2025,7,23,18,30,臺中市,大雅區,0,0,0,7,,,30,,,,,,,,,,,,,,,,,,,B02,,,1,,1,,,49,49,1,13,4,120.649972,24.217545,3
8698,66000,387130000C,(04)23274275,(04)23288582,2025,7,23,18,33,臺中市,大里區,0,2,0,7,2,6,50,4,1,1,5,4,6,6,2,1,10,5,5,1,17,2,8,1,1,C03,7,9,1,10,2,11,,84,84,1,12,4,120.679951,24.109579,2
8699,66000,387130000C,(04)23274275,(04)23288582,2025,7,23,18,34,臺中市,南區,0,0,0,7,,,0,,,,,,,,,,,,,,17,,,,,,,,,,,,,119,119,1,,,120.653433,24.113201,3
8700,66000,387130000C,(04)23274275,(04)23288582,2025,7,23,18,35,臺中市,大肚區,0,0,0,7,,,50,,,,,,,,,,,,,,,,,,,A11,,,1,,2,,,83,83,1,6,4,120.578256,24.118153,3
8701,66000,387130000C,(04)23274275,(04)23288582,2025,7,23,18,35,臺中市,沙鹿區,0,1,0,7,2,6,40,4,2,1,5,4,6,6,4,4,10,5,5,2,9,3,10,3,1,B03,7,2,1,8,2,3,,49,49,1,12,4,120.571079,24.203681,2
8702,66000,387130000C,(04)23274275,(04)23288582,2025,7,23,18,36,臺中市,南屯區,0,0,0,7,,,50,,,,,,,,,,,,,,,,,,,B12,,,1,,1,,,7,7,1,13,4,120.62348,24.149368,3
8703,66000,387130000C,(04)23274275,(04)23288582,2025,7,23,18,37,臺中市,北屯區,0,0,0,7,,3,80,,,,,,,,,,,,,,17,,,,,B12,,,1,,1,,,73,73,1,6,4,120.721182,24.177368,3
8704,66000,387130000C,(04)23274275,(04)23288582,2025,7,23,18,45,臺中市,中區,0,0,0,7,,,50,,,,,,,,,,,,,,9,,,,,C03,,,1,,1,,,7,7,1,13,2,120.682192,24.1401,3
8705,66000,387130000C,(04)23274275,(04)23288582,2025,7,23,18,45,臺中市,西屯區,0,0,0,7,,,50,,,,,,,,,,,,,,13,,,,,B03,,,1,,2,,,7,7,1,13,4,120.646886,24.15706,3
8706,66000,387130000C,(04)23274275,(04)23288582,2025,7,23,18,50,臺中市,神岡區,0,0,0,7,,,50,,,,,,,,,,,,,,12,,,,,B03,,,1,,9,,,8,8,1,13,4,120.696315,24.248404,3
8707,66000,387130000C,(04)23274275,(04)23288582,2025,7,23,18,54,臺中市,大里區,0,0,0,6,,,50,,,,,,,,,,,,,,17,,,,,B03,,,1,,1,,,7,7,1,12,4,120.690909,24.100987,3
8708,66000,387130000C,(04)23274275,(04)23288582,2025,7,23,19,0,臺中市,豐原區,0,2,0,7,1,6,50,4,3,1,5,4,6,6,2,1,1,2,5,1,13,2,9,1,1,C03,7,9,1,10,2,11,,21,21,1,11,4,120.714482,24.244863,2
8709,66000,387130000C,(04)23274275,(04)23288582,2025,7,23,19,1,臺中市,西屯區,0,0,0,7,,,50,,,,,,,,,,,,,,17,,,,,A11,,,1,,2,,,8,8,1,12,4,120.648092,24.174008,3
8710,66000,387130000C,(04)23274275,(04)23288582,2025,7,23,19,3,臺中市,西屯區,0,0,0,7,,,60,,,,,,,,,,,,,,12,,,,,B02,,,1,,1,,,59,59,1,12,4,120.637533,24.185955,3
8711,66000,387130000C,(04)23274275,(04)23288582,2025,7,23,19,5,臺中市,西屯區,0,1,0,7,1,6,50,3,1,1,5,4,6,6,1,1,10,5,5,2,13,2,8,2,1,C03,7,9,1,10,2,14,,59,59,1,12,4,120.653849,24.176154,2
8712,66000,387130000C,(04)23274275,(04)23288582,2025,7,23,19,5,臺中市,沙鹿區,0,0,0,7,,,50,,,,,,,,,,,,,,14,,,,,B03,,,1,,1,,,82,82,1,6,4,120.576531,24.22206,3
8713,66000,387130000C,(04)23274275,(04)23288582,2025,7,23,19,6,臺中市,西區,0,1,0,7,1,6,50,4,1,1,5,4,6,6,2,1,10,5,5,2,17,3,10,3,1,B03,7,2,1,8,2,6,,49,49,1,12,4,120.660211,24.14667,2
8714,66000,387130000C,(04)23274275,(04)23288582,2025,7,23,19,8,臺中市,北屯區,0,0,0,7,,,50,,,,,,,,,,,,,,12,,,,,B03,,,1,,2,,,11,11,1,6,4,120.719611,24.180137,4
8715,66000,387130000C,(04)23274275,(04)23288582,2025,7,23,19,13,臺中市,潭子區,0,1,0,6,3,6,50,3,1,1,5,4,6,6,1,1,5,4,4,2,17,3,10,3,1,B03,7,5,1,8,2,2,,20,20,1,13,4,120.701039,24.209742,2
8716,66000,387130000C,(04)23274275,(04)23288582,2025,7,23,19,19,臺中市,北屯區,0,1,0,7,1,6,50,4,19,1,5,4,6,6,2,1,5,5,4,2,3,3,10,3,1,B01,7,6,1,4,9,8,,10,10,1,6,4,120.690761,24.164965,2
8717,66000,387130000C,(04)23274275,(04)23288582,2025,7,23,19,19,臺中市,龍井區,0,1,0,7,1,6,40,13,8,1,5,4,6,6,4,4,3,4,3,1,13,3,10,3,1,B03,7,13,1,8,1,7,,77,77,1,6,4,120.573989,24.179779,2
8718,66000,387130000C,(04)23274275,(04)23288582,2025,7,23,19,20,臺中市,南屯區,0,0,0,7,,,50,,,,,,,,,,,,,,17,,,,,B03,,,1,,1,,,84,84,1,13,4,120.64662,24.137254,3
8719,66000,387130000C,(04)23274275,(04)23288582,2025,7,23,19,22,臺中市,北屯區,0,0,0,7,,,50,,,,,,,,,,,,,,,,,,,B03,,,1,,2,,,56,56,1,12,4,120.753825,24.166851,3
8720,66000,387130000C,(04)23274275,(04)23288582,2025,7,23,19,23,臺中市,東區,0,1,0,7,1,6,50,4,1,1,5,4,6,6,4,4,10,5,5,2,17,3,10,2,1,C03,7,6,1,10,2,16,,48,48,1,6,4,120.68406,24.125492,2
8721,66000,387130000C,(04)23274275,(04)23288582,2025,7,23,19,23,臺中市,烏日區,0,1,0,7,1,6,30,4,1,1,5,4,6,6,4,4,10,5,5,2,17,2,9,5,4,C03,7,9,1,9,2,11,,15,15,1,5,4,120.641503,24.102888,2
8722,66000,387130000C,(04)23274275,(04)23288582,2025,7,23,19,29,臺中市,南屯區,0,0,0,7,,,50,,,,,,,,,,,,,,15,,,,,B03,,,1,,2,,,12,12,1,13,4,120.650719,24.133334,3
8723,66000,387130000C,(04)23274275,(04)23288582,2025,7,23,19,33,臺中市,潭子區,0,2,0,7,1,6,50,3,1,1,5,4,6,6,4,4,10,5,5,2,16,2,3,2,1,C03,7,6,1,10,2,14,,20,20,1,12,4,120.706805,24.231425,2
8724,66000,387130000C,(04)23274275,(04)23288582,2025,7,23,19,34,臺中市,豐原區,0,1,0,7,1,6,50,13,9,1,5,4,6,6,4,4,5,5,5,2,2,3,10,1,1,C03,7,9,1,10,2,11,,84,84,1,12,4,120.705328,24.249282,2
8725,66000,387130000C,(04)23274275,(04)23288582,2025,7,23,19,42,臺中市,西屯區,0,1,0,7,1,6,40,13,8,1,5,4,6,6,1,1,1,3,1,2,13,2,9,2,1,C03,7,9,1,10,2,11,,7,7,1,12,4,120.639439,24.16925,2
8726,66000,387130000C,(04)23274275,(04)23288582,2025,7,23,19,43,臺中市,神岡區,0,2,0,7,1,6,50,5,1,1,5,4,6,6,1,1,10,5,5,1,15,2,9,1,1,C03,7,9,1,10,1,12,,21,21,1,12,4,120.655431,24.258675,2
8727,66000,387130000C,(04)23274275,(04)23288582,2025,7,23,19,44,臺中市,太平區,0,1,0,7,1,6,50,11,9,1,5,4,6,6,4,4,5,4,5,2,18,2,9,1,1,C03,7,9,1,10,2,14,,84,84,1,12,4,120.705011,24.157169,2
8728,66000,387130000C,(04)23274275,(04)23288582,2025,7,23,19,50,臺中市,南屯區,0,2,0,7,1,6,30,13,9,1,5,4,6,6,4,4,10,5,5,2,17,2,2,3,1,B03,7,1,1,8,2,7,,51,51,1,6,4,120.611798,24.141958,2
8729,66000,387130000C,(04)23274275,(04)23288582,2025,7,23,19,55,臺中市,沙鹿區,0,1,0,7,1,6,40,3,1,1,5,4,6,6,4,4,1,4,3,1,16,3,10,3,1,B02,7,5,1,8,2,7,,47,47,1,6,4,120.572814,24.232304,2
8730,66000,387130000C,(04)23274275,(04)23288582,2025,7,23,19,58,臺中市,大里區,0,0,0,7,,,50,,,,,,,,,,,,,,,,,,,B03,,,1,,2,,,40,40,1,12,4,120.672614,24.105165,3
8731,66000,387130000C,(04)23274275,(04)23288582,2025,7,23,19,59,臺中市,南區,0,0,0,7,,,30,,,,,,,,,,,,,,17,,,,,B03,,,1,,9,,,50,50,1,6,4,120.647867,24.112271,3
8732,66000,387130000C,(04)23274275,(04)23288582,2025,7,23,20,0,臺中市,西屯區,0,1,0,7,1,6,50,4,1,1,5,4,6,6,1,1,5,4,4,2,17,3,10,5,4,B03,7,6,1,4,2,16,,11,11,1,12,4,120.657199,24.194548,2
8733,66000,387130000C,(04)23274275,(04)23288582,2025,7,23,20,0,臺中市,西屯區,0,0,0,7,,,,,,,,,,,,,,,,,17,,,,,,,,,,,,,119,119,1,,,120.656544,24.169041,3
8734,66000,387130000C,(04)23274275,(04)23288582,2025,7,23,20,8,臺中市,北屯區,0,1,0,7,2,6,50,13,9,1,5,4,6,6,4,4,9,4,5,2,12,3,10,5,4,B03,7,13,1,10,2,4,,87,87,1,6,4,120.728222,24.17303,2
8735,66000,387130000C,(04)23274275,(04)23288582,2025,7,23,20,9,臺中市,豐原區,0,0,0,7,,,50,,,,,,,,,,,,,,13,,,,,B03,,,1,,2,,,84,84,1,12,4,120.705598,24.250025,3