序號,縣市別代碼,機關代碼,市話,傳真,年,月,日,時,分,縣市,區,死亡數量,受傷數量,2-30,天候,道路照明設備,道路類別,道路速限,道路型態,事故位置,路面鋪裝,路面狀態,路面缺陷,障礙物,視距,號誌種類,號誌動作,分向設施,快車道或一般車道間,快慢車道間,路面邊線,事故類型及型態,受傷程度,主要傷處,保護裝備,行動電話或功能裝置,當事者區分(類別),車輛用途,當事者行動狀態,駕照狀態,駕照種類,飲酒情形,車輛撞擊部位最初,車輛撞擊部位其他,肇事因素個別,肇事因素主要,肇事逃逸,職業,共享經濟或外送平台,GPS座標X,GPS座標Y,事故類別
8960,66000,387130000C,(04)23274275,(04)23288582,2025,7,24,15,20,臺中市,南屯區,0,0,0,7,,,50,,,,,,,,,,,,,,12,,,,,B03,,,1,,2,,,8,8,1,13,4,120.626038,24.148505,3
8961,66000,387130000C,(04)23274275,(04)23288582,2025,7,24,15,27,臺中市,西屯區,0,0,0,7,,,50,,,,,,,,,,,,,,13,,,,,B03,,,1,,1,,,7,7,1,13,4,120.649392,24.162649,3
8962,66000,387130000C,(04)23274275,(04)23288582,2025,7,24,15,34,臺中市,北屯區,0,0,0,7,,,50,,,,,,,,,,,,,,17,,,,,C03,,,1,,1,,,50,50,1,13,4,120.686854,24.188164,3
8963,66000,387130000C,(04)23274275,(04)23288582,2025,7,24,15,37,臺中市,梧棲區,0,0,0,7,,,50,,,,,,,,,,,,,,14,,,,,B03,,,1,,1,,,49,49,1,12,4,120.526677,24.24922,3
8964,66000,387130000C,(04)23274275,(04)23288582,2025,7,24,15,38,臺中市,豐原區,0,0,0,7,,,50,,,,,,,,,,,,,,17,,,,,B03,,,1,,2,,,51,51,1,12,4,120.714402,24.245084,3
8965,66000,387130000C,(04)23274275,(04)23288582,2025,7,24,15,45,臺中市,南屯區,0,2,0,7,1,6,50,4,1,1,5,4,6,6,4,4,10,5,5,2,15,2,9,1,1,C03,7,9,1,10,2,13,,15,15,1,13,4,120.645463,24.139586,2
8966,66000,387130000C,(04)23274275,(04)23288582,2025,7,24,15,51,臺中市,西區,0,1,0,7,1,6,50,13,9,1,5,4,6,6,4,4,10,5,5,2,17,2,9,5,4,C03,7,9,1,10,2,12,,84,84,1,12,4,120.665753,24.143486,2
8967,66000,387130000C,(04)23274275,(04)23288582,2025,7,24,15,51,臺中市,北屯區,0,2,0,7,2,6,50,3,1,1,5,4,6,6,2,1,10,5,5,2,17,3,10,5,4,B03,7,5,1,8,2,15,,85,85,1,12,4,120.699654,24.170192,2
8968,66000,387130000C,(04)23274275,(04)23288582,2025,7,24,15,55,臺中市,龍井區,0,0,0,7,,,60,,,,,,,,,,,,,,13,,,,,A12,,,1,,1,,,84,84,1,6,4,120.574186,24.183846,3
8969,66000,387130000C,(04)23274275,(04)23288582,2025,7,24,15,58,臺中市,潭子區,0,1,0,6,3,6,60,4,1,1,5,4,6,6,1,1,1,4,4,1,12,3,10,3,1,A02,7,7,1,1,2,5,,40,40,1,13,4,120.705267,24.209873,2
8970,66000,387130000C,(04)23274275,(04)23288582,2025,7,24,16,2,臺中市,東區,0,1,0,7,2,6,50,13,9,1,5,4,6,6,4,4,9,4,5,2,17,3,10,3,1,B03,7,11,1,8,2,4,,45,45,1,13,4,120.703049,24.140244,2
8971,66000,387130000C,(04)23274275,(04)23288582,2025,7,24,16,2,臺中市,大里區,0,0,0,7,,,50,,,,,,,,,,,,,,17,,,,,B03,,,1,,2,,,94,94,1,12,4,120.69469,24.12305,3
8972,66000,387130000C,(04)23274275,(04)23288582,2025,7,24,16,8,臺中市,清水區,0,0,0,7,,,50,,,,,,,,,,,,,,,,,,,B03,,,1,,1,,,7,7,1,12,4,120.573023,24.262897,3
8973,66000,387130000C,(04)23274275,(04)23288582,2025,7,24,16,8,臺中市,東勢區,0,0,0,7,,,50,,,,,,,,,,,,,,,,,,,B12,,,1,,2,,,49,49,1,13,4,120.844252,24.246567,3
8974,66000,387130000C,(04)23274275,(04)23288582,2025,7,24,16,10,臺中市,西屯區,0,0,0,7,,,50,,,,,,,,,,,,,,13,,,,,B03,,,1,,1,,,59,59,1,12,4,120.643643,24.165818,3
8975,66000,387130000C,(04)23274275,(04)23288582,2025,7,24,16,12,臺中市,沙鹿區,0,0,0,7,,,50,,,,,,,,,,,,,,,,,,,B03,,,1,,1,,,49,49,1,6,4,120.560601,24.237886,4
8976,66000,387130000C,(04)23274275,(04)23288582,2025,7,24,16,12,臺中市,大甲區,0,1,0,7,3,6,50,3,1,1,5,4,6,6,4,4,10,5,5,2,16,3,10,1,1,C03,7,6,1,10,2,11,,14,14,1,6,4,120.621808,24.345272,2
8977,66000,387130000C,(04)23274275,(04)23288582,2025,7,24,16,14,臺中市,大雅區,0,1,0,7,3,6,50,11,9,1,5,4,6,6,4,4,9,4,5,1,12,2,8,2,1,C03,7,9,1,10,2,12,,84,84,1,13,4,120.655347,24.249581,2
8978,66000,387130000C,(04)23274275,(04)23288582,2025,7,24,16,14,臺中市,西區,0,0,0,7,,,50,,,,,,,,,,,,,,17,,,,,C03,,,1,,1,,,7,7,1,12,4,120.662123,24.163157,3
8979,66000,387130000C,(04)23274275,(04)23288582,2025,7,24,16,20,臺中市,清水區,0,1,0,7,2,6,50,5,1,1,5,4,6,6,1,1,8,3,4,1,17,3,10,3,1,B12,7,5,1,8,2,2,,47,47,1,12,4,120.556773,24.266315,2
8980,66000,387130000C,(04)23274275,(04)23288582,2025,7,24,16,22,臺中市,西區,0,1,0,7,2,6,50,13,9,1,5,4,6,6,4,4,1,4,5,1,13,2,9,2,1,C03,7,9,1,10,2,11,,7,7,1,13,4,120.661188,24.15601,2
8981,66000,387130000C,(04)23274275,(04)23288582,2025,7,24,16,25,臺中市,潭子區,0,1,0,7,2,6,50,13,7,1,5,4,6,6,4,4,5,4,4,2,17,3,10,3,1,B03,7,11,1,8,2,8,,39,39,1,13,4,120.706933,24.208639,2
8982,66000,387130000C,(04)23274275,(04)23288582,2025,7,24,16,30,臺中市,南屯區,0,0,0,7,,,50,,,,,,,,,,,,,,12,,,,,C03,,,1,,9,,,59,59,2,13,4,120.646828,24.148385,3
8983,66000,387130000C,(04)23274275,(04)23288582,2025,7,24,16,31,臺中市,太平區,0,0,0,7,,,50,,,,,,,,,,,,,,16,,,,,F01,,,1,,2,,,84,84,1,13,4,120.710802,24.126647,3
8984,66000,387130000C,(04)23274275,(04)23288582,2025,7,24,16,34,臺中市,南屯區,0,0,0,7,,,40,,,,,,,,,,,,,,,,,,,B03,,,1,,1,,,50,50,1,13,4,120.643297,24.14554,3
8985,66000,387130000C,(04)23274275,(04)23288582,2025,7,24,16,35,臺中市,大甲區,0,0,0,7,,,50,,,,,,,,,,,,,,23,,,,,B03,,,1,,2,,,84,84,1,12,4,120.61873,24.354399,3
8986,66000,387130000C,(04)23274275,(04)23288582,2025,7,24,16,37,臺中市,西屯區,0,1,0,7,2,6,40,13,8,1,5,4,6,6,4,4,1,5,3,2,13,2,9,5,4,C03,7,9,1,10,1,11,14,8,8,1,12,4,120.604444,24.183024,2
8987,66000,387130000C,(04)23274275,(04)23288582,2025,7,24,16,38,臺中市,西區,0,0,0,7,,,50,,,,,,,,,,,,,,17,,,,,B12,,,1,,2,,,58,58,1,12,4,120.659482,24.14553,3
8988,66000,387130000C,(04)23274275,(04)23288582,2025,7,24,16,42,臺中市,龍井區,0,0,0,7,,,30,,,,,,,,,,,,,,14,,,,,B03,,,1,,1,,,49,49,1,6,4,120.576509,24.183071,3
8989,66000,387130000C,(04)23274275,(04)23288582,2025,7,24,16,43,臺中市,北屯區,0,0,0,7,,3,80,,,,,,,,,,,,,,13,,,,,B03,,,1,,1,,,7,7,1,6,4,120.722396,24.187889,3
8990,66000,387130000C,(04)23274275,(04)23288582,2025,7,24,16,45,臺中市,南屯區,0,0,0,7,,,50,,,,,,,,,,,,,,,,,,,B12,,,1,,1,,,50,50,1,13,4,120.615887,24.153446,3
8991,66000,387130000C,(04)23274275,(04)23288582,2025,7,24,16,48,臺中市,太平區,0,0,0,7,,,30,,,,,,,,,,,,,,,,,,,B03,,,1,,1,,,49,49,1,12,4,120.723144,24.137066,3
8992,66000,387130000C,(04)23274275,(04)23288582,2025,7,24,16,49,臺中市,太平區,0,1,0,7,2,6,40,13,7,1,5,4,6,6,4,4,5,5,4,2,16,2,7,2,1,C03,7,8,5,10,1,14,,40,40,1,12,4,120.717525,24.117675,2
8993,66000,387130000C,(04)23274275,(04)23288582,2025,7,24,16,51,臺中市,烏日區,0,0,0,7,,,50,,,,,,,,,,,,,,13,,,,,B03,,,1,,1,,,7,7,1,6,4,120.60728,24.110265,3
8994,66000,387130000C,(04)23274275,(04)23288582,2025,7,24,16,54,臺中市,霧峰區,0,1,0,7,2,6,40,13,8,1,5,4,6,6,4,4,5,5,4,1,17,2,7,2,1,C03,7,9,1,10,2,14,,87,87,1,13,4,120.696485,24.065363,2
8995,66000,387130000C,(04)23274275,(04)23288582,2025,7,24,16,55,臺中市,南屯區,0,0,0,7,,,50,,,,,,,,,,,,,,13,,,,,B02,,,1,,1,,,59,59,1,12,4,120.610069,24.14019,3
8996,66000,387130000C,(04)23274275,(04)23288582,2025,7,24,16,56,臺中市,北區,0,0,0,7,,,50,,,,,,,,,,,,,,13,,,,,C03,,,1,,1,,,59,59,1,12,4,120.686025,24.153485,3
8997,66000,387130000C,(04)23274275,(04)23288582,2025,7,24,16,59,臺中市,東區,0,0,0,7,,,50,,,,,,,,,,,,,,14,,,,,B03,,,1,,9,,,49,49,2,13,4,120.691711,24.126441,3
8998,66000,387130000C,(04)23274275,(04)23288582,2025,7,24,17,0,臺中市,西屯區,0,0,0,7,,,70,,,,,,,,,,,,,,16,,,,,B03,,,1,,1,,,47,47,1,13,4,120.626986,24.17739,3
8999,66000,387130000C,(04)23274275,(04)23288582,2025,7,24,17,3,臺中市,大雅區,0,0,0,7,,,30,,,,,,,,,,,,,,,,,,,B03,,,1,,2,,,49,49,1,13,4,120.620889,24.234609,3
9000,66000,387130000C,(04)23274275,(04)23288582,2025,7,24,17,3,臺中市,后里區,0,2,0,7,2,6,30,13,9,1,5,4,6,6,4,4,10,5,5,1,2,2,9,2,1,C03,7,9,1,3,2,11,,85,85,1,12,4,120.687583,24.315191,2
9001,66000,387130000C,(04)23274275,(04)23288582,2025,7,24,17,6,臺中市,豐原區,0,1,0,7,2,6,50,13,8,1,5,4,6,6,4,4,5,5,4,2,14,3,10,5,4,B03,7,2,1,8,2,7,,49,49,1,12,4,120.709322,24.245248,2
9002,66000,387130000C,(04)23274275,(04)23288582,2025,7,24,17,7,臺中市,北屯區,0,1,0,7,3,6,50,4,1,1,5,4,6,6,2,1,10,5,5,2,16,3,10,3,1,B03,7,6,1,8,2,5,,11,11,1,6,4,120.668466,24.195411,2
9003,66000,387130000C,(04)23274275,(04)23288582,2025,7,24,17,11,臺中市,北區,0,2,0,7,2,6,30,4,1,1,5,4,6,6,4,4,10,5,5,2,15,2,9,1,1,C03,7,9,1,10,2,11,,12,12,1,13,4,120.682215,24.162376,2
9004,66000,387130000C,(04)23274275,(04)23288582,2025,7,24,17,11,臺中市,清水區,0,0,0,7,,,50,,,,,,,,,,,,,,,,,,,B03,,,1,,2,,,8,8,1,12,4,120.537851,24.280945,3
9005,66000,387130000C,(04)23274275,(04)23288582,2025,7,24,17,12,臺中市,東勢區,0,0,0,7,,,50,,,,,,,,,,,,,,,,,,,C03,,,1,,2,,,12,12,1,12,4,120.829471,24.254572,3
9006,66000,387130000C,(04)23274275,(04)23288582,2025,7,24,17,13,臺中市,西屯區,0,0,0,7,,,70,,,,,,,,,,,,,,13,,,,,B03,,,1,,1,,,59,59,1,12,4,120.588741,24.184938,3
9007,66000,387130000C,(04)23274275,(04)23288582,2025,7,24,17,15,臺中市,南屯區,0,0,0,7,,,,,,,,,,,,,,,,,12,,,,,,,,,,,,,87,87,1,,,120.628399,24.140188,3
9008,66000,387130000C,(04)23274275,(04)23288582,2025,7,24,17,18,臺中市,潭子區,0,1,0,6,3,6,60,3,2,1,5,2,6,6,4,4,1,4,4,1,18,2,9,2,1,C03,7,9,1,10,2,14,,84,84,1,13,4,120.688818,24.219736,2
9009,66000,387130000C,(04)23274275,(04)23288582,2025,7,24,17,18,臺中市,南屯區,0,1,0,7,3,6,50,3,9,1,5,4,6,6,4,4,5,2,5,2,13,2,8,2,1,C03,7,9,1,10,2,11,,7,7,1,12,4,120.642833,24.134757,2
9010,66000,387130000C,(04)23274275,(04)23288582,2025,7,24,17,19,臺中市,南屯區,0,0,0,7,,,50,,,,,,,,,,,,,,,,,,,C03,,,1,,2,,,7,7,1,13,4,120.630749,24.144795,3
9011,66000,387130000C,(04)23274275,(04)23288582,2025,7,24,17,21,臺中市,烏日區,0,1,0,7,2,6,50,5,1,1,5,4,6,6,1,1,10,5,5,2,17,3,10,5,4,A12,7,15,1,3,2,2,,84,84,1,12,4,120.646528,24.110521,2
9012,66000,387130000C,(04)23274275,(04)23288582,2025,7,24,17,21,臺中市,大甲區,0,0,0,7,,,50,,,,,,,,,,,,,,,,,,,B12,,,1,,2,,,84,84,1,6,4,120.627574,24.340915,3
9013,66000,387130000C,(04)23274275,(04)23288582,2025,7,24,17,22,臺中市,南屯區,0,0,0,7,,,50,,,,,,,,,,,,,,,,,,,C03,,,1,,1,,,85,85,1,13,4,120.651513,24.151481,3
9014,66000,387130000C,(04)23274275,(04)23288582,2025,7,24,17,23,臺中市,北屯區,0,1,0,7,3,6,50,3,1,1,5,4,6,6,4,4,10,5,5,2,17,3,10,2,1,C03,7,1,1,10,2,11,,51,51,1,13,4,120.725565,24.166714,2
9015,66000,387130000C,(04)23274275,(04)23288582,2025,7,24,17,24,臺中市,北屯區,0,0,0,7,,3,80,,,,,,,,,,,,,,35,,,,,B03,,,1,,10,,,81,81,1,13,4,120.684333,24.20115,3
9016,66000,387130000C,(04)23274275,(04)23288582,2025,7,24,17,24,臺中市,豐原區,0,0,0,7,,,,,,,,,,,,,,,,,17,,,,,,,,,,,,,86,86,1,,,120.7109,24.242011,3
9017,66000,387130000C,(04)23274275,(04)23288582,2025,7,24,17,26,臺中市,豐原區,0,2,0,7,2,6,50,13,9,1,5,4,6,6,4,4,10,5,5,1,12,2,7,6,1,F01,7,15,7,21,2,14,,84,84,1,4,4,120.725445,24.26419,2
9018,66000,387130000C,(04)23274275,(04)23288582,2025,7,24,17,31,臺中市,南屯區,0,1,0,7,2,6,50,4,2,1,5,4,6,6,1,1,5,5,5,2,13,2,8,1,1,C03,7,9,1,10,2,11,,7,7,1,12,4,120.611568,24.138461,2
9019,66000,387130000C,(04)23274275,(04)23288582,2025,7,24,17,32,臺中市,北屯區,0,0,0,7,,,30,,,,,,,,,,,,,,16,,,,,B03,,,1,,1,,,14,14,1,6,4,120.714426,24.173336,3
9020,66000,387130000C,(04)23274275,(04)23288582,2025,7,24,17,34,臺中市,西區,0,1,0,7,1,6,50,13,9,1,5,4,6,6,4,4,3,4,5,1,17,2,9,5,4,C03,7,9,1,10,2,14,,84,84,1,12,4,120.654748,24.151089,2
9021,66000,387130000C,(04)23274275,(04)23288582,2025,7,24,17,35,臺中市,沙鹿區,0,1,0,7,2,6,50,13,7,1,5,4,6,6,4,4,5,5,4,2,18,2,7,1,1,C03,7,9,1,10,2,14,,59,59,1,6,4,120.596959,24.24923,2
9022,66000,387130000C,(04)23274275,(04)23288582,2025,7,24,17,41,臺中市,梧棲區,0,1,0,7,2,6,50,3,1,1,5,4,6,6,4,4,10,5,5,2,16,3,10,3,1,B03,7,5,1,8,2,2,,14,14,1,12,4,120.536299,24.262754,2
9023,66000,387130000C,(04)23274275,(04)23288582,2025,7,24,17,45,臺中市,南區,0,0,0,7,,,50,,,,,,,,,,,,,,17,,,,,B03,,,1,,1,,,59,59,1,6,4,120.672154,24.11917,3
9024,66000,387130000C,(04)23274275,(04)23288582,2025,7,24,17,45,臺中市,龍井區,0,1,0,7,3,6,50,4,2,1,5,4,6,6,1,1,9,4,5,1,17,2,9,1,4,C03,7,9,3,19,2,11,,7,7,1,13,4,120.5235,24.203003,2
9025,66000,387130000C,(04)23274275,(04)23288582,2025,7,24,17,48,臺中市,北屯區,0,1,0,7,2,6,50,13,9,1,5,4,6,6,4,4,8,3,5,2,13,2,9,2,1,C03,7,9,1,10,2,11,12,7,7,1,13,4,120.731761,24.15973,2
9026,66000,387130000C,(04)23274275,(04)23288582,2025,7,24,17,48,臺中市,龍井區,0,1,0,7,1,6,50,13,9,1,5,4,6,6,4,4,9,5,5,2,16,2,9,1,1,C03,7,5,1,10,2,11,,87,87,1,6,4,120.58802,24.19221,2
9027,66000,387130000C,(04)23274275,(04)23288582,2025,7,24,17,49,臺中市,北屯區,0,1,0,7,3,6,40,13,8,1,5,4,6,6,4,4,1,4,4,1,18,2,9,2,1,C03,7,9,1,10,2,12,,59,59,1,13,4,120.791206,24.204943,2
9028,66000,387130000C,(04)23274275,(04)23288582,2025,7,24,17,50,臺中市,西屯區,0,0,0,7,,,50,,,,,,,,,,,,,,13,,,,,B03,,,1,,1,,,7,7,1,12,4,120.653891,24.168102,3
9029,66000,387130000C,(04)23274275,(04)23288582,2025,7,24,17,50,臺中市,梧棲區,0,1,0,7,2,6,50,13,9,1,5,4,6,6,4,4,9,4,4,1,13,3,10,3,1,B03,7,14,1,8,2,1,,58,58,1,12,4,120.536627,24.239179,2
9030,66000,387130000C,(04)23274275,(04)23288582,2025,7,24,17,50,臺中市,豐原區,0,1,0,7,2,6,50,13,8,1,5,4,6,6,4,4,9,5,4,2,17,2,9,2,1,C03,7,9,1,10,2,11,,57,57,1,13,4,120.698751,24.245915,2
9031,66000,387130000C,(04)23274275,(04)23288582,2025,7,24,17,51,臺中市,南區,0,1,0,7,2,6,50,4,1,1,5,4,6,6,1,1,9,4,5,2,17,3,10,3,1,B03,7,9,1,8,2,2,,8,8,1,12,4,120.653832,24.122322,2
9032,66000,387130000C,(04)23274275,(04)23288582,2025,7,24,17,52,臺中市,北屯區,0,0,0,7,,,50,,,,,,,,,,,,,,12,,,,,B03,,,1,8,2,,,8,8,1,6,4,120.666694,24.185735,3
9033,66000,387130000C,(04)23274275,(04)23288582,2025,7,24,17,54,臺中市,西屯區,0,1,0,7,1,6,50,4,1,1,5,4,6,6,2,1,10,5,5,2,16,2,9,1,1,C03,7,9,1,10,2,12,,1,1,1,12,4,120.664635,24.178944,2
9034,66000,387130000C,(04)23274275,(04)23288582,2025,7,24,17,56,臺中市,西屯區,0,0,0,7,,,50,,,,,,,,,,,,,,12,,,,,B03,,,1,,1,,,8,8,1,12,4,120.659595,24.164277,3
9035,66000,387130000C,(04)23274275,(04)23288582,2025,7,24,17,57,臺中市,南屯區,0,0,0,7,,,50,,,,,,,,,,,,,,13,,,,,C03,,,1,,2,,,7,7,1,12,4,120.62075,24.13986,3
9036,66000,387130000C,(04)23274275,(04)23288582,2025,7,24,18,0,臺中市,梧棲區,0,0,0,7,,,50,,,,,,,,,,,,,,13,,,,,B03,,,1,,1,,,7,7,1,12,4,120.534332,24.246405,3
9037,66000,387130000C,(04)23274275,(04)23288582,2025,7,24,18,2,臺中市,南屯區,0,0,0,7,,,50,,,,,,,,,,,,,,,,,,,B03,,,1,,1,,,8,8,1,13,4,120.625635,24.14096,4
9038,66000,387130000C,(04)23274275,(04)23288582,2025,7,24,18,5,臺中市,北區,0,0,0,7,,,60,,,,,,,,,,,,,,13,,,,,B03,,,1,,1,,,84,84,1,12,4,120.664569,24.154707,3
9039,66000,387130000C,(04)23274275,(04)23288582,2025,7,24,18,8,臺中市,南區,0,0,0,7,,,50,,,,,,,,,,,,,,17,,,,,B03,,,1,,1,,,85,85,1,12,4,120.655872,24.113689,3
9040,66000,387130000C,(04)23274275,(04)23288582,2025,7,24,18,11,臺中市,豐原區,0,0,0,7,,,50,,,,,,,,,,,,,,13,,,,,B03,,,1,,2,,,57,57,1,12,4,120.696863,24.241984,3
9041,66000,387130000C,(04)23274275,(04)23288582,2025,7,24,18,19,臺中市,北屯區,0,0,0,7,,,50,,,,,,,,,,,,,,13,,,,,B03,,,1,8,1,,,58,58,1,12,4,120.701188,24.179998,3
9042,66000,387130000C,(04)23274275,(04)23288582,2025,7,24,18,19,臺中市,西屯區,0,2,0,7,2,6,50,4,1,1,5,4,6,6,2,1,10,5,5,2,15,2,9,2,1,C03,7,9,1,10,2,11,,21,21,1,12,4,120.632516,24.182843,2
9043,66000,387130000C,(04)23274275,(04)23288582,2025,7,24,18,20,臺中市,大雅區,0,0,0,7,,,,,,,,,,,,,,,,,17,,,,,,,,,,,,,86,86,1,,,120.641391,24.231769,3
9044,66000,387130000C,(04)23274275,(04)23288582,2025,7,24,18,23,臺中市,西屯區,0,0,0,7,,,50,,,,,,,,,,,,,,16,,,,,B03,,,1,,1,,,8,8,1,12,4,120.616309,24.188701,3
9045,66000,387130000C,(04)23274275,(04)23288582,2025,7,24,18,26,臺中市,太平區,0,0,0,7,,,50,,,,,,,,,,,,,,13,,,,,B02,,,1,,2,,,7,7,1,13,4,120.715112,24.118242,3
9046,66000,387130000C,(04)23274275,(04)23288582,2025,7,24,18,30,臺中市,沙鹿區,0,1,0,7,2,6,60,13,7,1,5,4,6,6,4,4,1,4,4,1,13,3,10,3,1,B03,7,9,1,8,2,5,,58,58,1,6,4,120.613398,24.244521,2
9047,66000,387130000C,(04)23274275,(04)23288582,2025,7,24,18,32,臺中市,北屯區,0,0,0,7,,,50,,,,,,,,,,,,,,17,,,,,,,,,,,,,119,119,1,,,120.703588,24.175364,3
9048,66000,387130000C,(04)23274275,(04)23288582,2025,7,24,18,38,臺中市,東區,0,0,0,7,,,,,,,,,,,,,,,,,17,,,,,,,,,,,,,119,119,1,,,120.691341,24.149999,4
9049,66000,387130000C,(04)23274275,(04)23288582,2025,7,24,18,41,臺中市,北屯區,0,1,0,7,1,6,50,4,1,1,5,4,6,6,4,4,4,3,4,2,16,3,10,3,1,B03,7,6,1,8,2,5,,14,14,1,13,4,120.683983,24.180976,2
9050,66000,387130000C,(04)23274275,(04)23288582,2025,7,24,18,42,臺中市,西屯區,0,1,0,7,2,6,30,3,2,1,5,4,6,6,1,1,10,5,5,2,13,3,10,5,4,B03,7,9,1,8,2,1,,84,84,1,12,4,120.659629,24.201115,2
9051,66000,387130000C,(04)23274275,(04)23288582,2025,7,24,18,46,臺中市,西區,0,0,0,7,,,50,,,,,,,,,,,,,,13,,,,,C03,,,1,,1,,,7,7,1,13,4,120.657307,24.157349,3
9052,66000,387130000C,(04)23274275,(04)23288582,2025,7,24,19,8,臺中市,南屯區,0,0,0,7,,,50,,,,,,,,,,,,,,17,,,,,C03,,,1,,1,,,8,8,1,12,4,120.63988,24.134892,3
9053,66000,387130000C,(04)23274275,(04)23288582,2025,7,24,19,8,臺中市,大甲區,0,1,0,7,1,6,40,13,9,1,5,4,6,6,4,4,6,5,5,2,18,2,9,1,1,C03,7,1,1,10,2,14,,51,51,1,12,4,120.604863,24.347152,2
9054,66000,387130000C,(04)23274275,(04)23288582,2025,7,24,19,17,臺中市,西屯區,0,0,0,7,,,50,,,,,,,,,,,,,,13,,,,,B12,,,1,,1,,,59,59,1,12,4,120.645903,24.172225,3
9055,66000,387130000C,(04)23274275,(04)23288582,2025,7,24,19,21,臺中市,西屯區,0,0,0,7,,,50,,,,,,,,,,,,,,13,,,,,B03,,,1,,1,,,56,56,1,12,4,120.657575,24.167808,3
9056,66000,387130000C,(04)23274275,(04)23288582,2025,7,24,19,21,臺中市,后里區,0,0,0,7,1,5,50,13,2,1,5,4,6,6,1,1,5,2,5,1,13,3,10,3,1,B03,7,1,1,3,2,1,,84,84,1,13,4,120.707653,24.325817,3
9057,66000,387130000C,(04)23274275,(04)23288582,2025,7,24,19,22,臺中市,豐原區,0,0,0,7,1,6,50,4,9,1,5,4,6,6,2,1,1,2,5,2,12,3,10,1,1,C03,7,6,1,10,2,14,,48,48,1,12,4,120.710387,24.237105,3
9058,66000,387130000C,(04)23274275,(04)23288582,2025,7,24,19,23,臺中市,北屯區,0,0,0,7,,,50,,,,,,,,,,,,,,17,,,,,C03,,,1,,1,,,51,51,1,13,4,120.690227,24.175034,4
9059,66000,387130000C,(04)23274275,(04)23288582,2025,7,24,19,25,臺中市,西屯區,0,0,0,7,,,30,,,,,,,,,,,,,,14,,,,,B03,,,1,,1,,,8,8,1,12,4,120.66279,24.167682,3
9060,66000,387130000C,(04)23274275,(04)23288582,2025,7,24,19,29,臺中市,南屯區,0,0,0,7,,,50,,,,,,,,,,,,,,,,,,,B03,,,1,,1,,,84,84,1,13,4,120.653038,24.135749,3
9061,66000,387130000C,(04)23274275,(04)23288582,2025,7,24,19,30,臺中市,沙鹿區,0,0,0,7,,,50,,,,,,,,,,,,,,17,,,,,B03,,,1,,1,,,84,84,1,6,4,120.569067,24.220322,3
9062,66000,387130000C,(04)23274275,(04)23288582,2025,7,24,19,53,臺中市,西屯區,0,1,0,7,1,6,40,3,4,1,5,4,6,6,2,1,1,5,1,2,13,3,10,5,4,C03,7,9,1,10,2,11,,84,84,1,13,4,120.614123,24.183851,2
9063,66000,387130000C,(04)23274275,(04)23288582,2025,7,24,19,55,臺中市,北區,0,1,0,7,2,6,50,4,1,1,5,4,6,6,1,1,5,5,4,2,17,3,10,3,1,B03,7,6,1,8,2,8,,20,20,1,12,4,120.675649,24.169958,2
9064,66000,387130000C,(04)23274275,(04)23288582,2025,7,24,19,55,臺中市,大肚區,0,1,0,6,1,6,40,3,1,1,5,4,6,6,1,1,10,5,5,2,16,2,8,1,1,C03,7,9,3,19,2,11,,21,21,1,6,4,120.582118,24.171715,2
9065,66000,387130000C,(04)23274275,(04)23288582,2025,7,24,19,58,臺中市,沙鹿區,0,0,0,7,,,50,,,,,,,,,,,,,,,,,,,B03,,,1,,1,,,49,49,1,6,4,120.56963,24.219092,3
9066,66000,387130000C,(04)23274275,(04)23288582,2025,7,24,20,0,臺中市,西屯區,0,0,0,7,,,50,,,,,,,,,,,,,,12,,,,,B03,,,1,,1,,,59,59,1,12,4,120.644268,24.171377,3
9067,66000,387130000C,(04)23274275,(04)23288582,2025,7,24,20,2,臺中市,大里區,0,0,0,7,,,50,,,,,,,,,,,,,,,,,,,B03,,,1,,2,,,84,84,1,12,4,120.683294,24.099688,3
9068,66000,387130000C,(04)23274275,(04)23288582,2025,7,24,20,2,臺中市,霧峰區,0,1,0,7,1,6,50,13,9,1,5,4,6,6,4,4,5,5,5,1,28,,,,,,,,,,,,,118,118,1,,,120.671178,24.079189,2
9069,66000,387130000C,(04)23274275,(04)23288582,2025,7,24,20,7,臺中市,大里區,0,1,0,7,1,6,50,4,1,1,5,4,6,6,1,1,10,5,5,2,17,3,10,3,1,B03,7,6,1,8,2,16,,11,11,1,12,4,120.680726,24.105657,2
9070,66000,387130000C,(04)23274275,(04)23288582,2025,7,24,20,11,臺中市,東區,0,1,0,7,1,6,50,4,1,1,5,4,6,6,2,1,10,5,5,2,16,3,10,3,1,B03,7,5,5,19,2,5,,47,47,1,12,4,120.710413,24.141,2
9071,66000,387130000C,(04)23274275,(04)23288582,2025,7,24,20,14,臺中市,西屯區,0,0,0,7,,,30,,,,,,,,,,,,,,17,,,,,C03,,,1,,9,,,8,8,1,12,4,120.648621,24.176243,3
9072,66000,387130000C,(04)23274275,(04)23288582,2025,7,24,20,16,臺中市,南區,0,1,0,7,1,6,50,4,2,1,5,4,6,6,1,1,9,5,4,2,17,3,10,1,1,C03,7,6,1,10,1,16,,48,48,1,12,4,120.655215,24.108959,2