序號,縣市別代碼,機關代碼,市話,傳真,年,月,日,時,分,縣市,區,死亡數量,受傷數量,2-30,天候,道路照明設備,道路類別,道路速限,道路型態,事故位置,路面鋪裝,路面狀態,路面缺陷,障礙物,視距,號誌種類,號誌動作,分向設施,快車道或一般車道間,快慢車道間,路面邊線,事故類型及型態,受傷程度,主要傷處,保護裝備,行動電話或功能裝置,當事者區分(類別),車輛用途,當事者行動狀態,駕照狀態,駕照種類,飲酒情形,車輛撞擊部位最初,車輛撞擊部位其他,肇事因素個別,肇事因素主要,肇事逃逸,職業,共享經濟或外送平台,GPS座標X,GPS座標Y,事故類別
9073,66000,387130000C,(04)23274275,(04)23288582,2025,7,24,20,17,臺中市,沙鹿區,0,2,0,6,1,6,50,3,2,1,5,4,6,6,4,4,8,3,5,1,17,2,9,5,4,B03,7,1,1,8,2,1,,51,51,1,13,4,120.561565,24.232067,2
9074,66000,387130000C,(04)23274275,(04)23288582,2025,7,24,20,28,臺中市,梧棲區,0,0,0,7,,,50,,,,,,,,,,,,,,14,,,,,B03,,,1,,1,,,49,49,1,12,4,120.543451,24.243387,3
9075,66000,387130000C,(04)23274275,(04)23288582,2025,7,24,20,32,臺中市,西屯區,0,1,0,7,1,6,50,13,9,1,5,4,6,6,1,1,5,5,5,2,12,3,10,2,1,C03,7,6,5,19,1,14,,65,65,1,12,4,120.650893,24.170869,2
9076,66000,387130000C,(04)23274275,(04)23288582,2025,7,24,20,33,臺中市,西區,0,0,0,7,,,50,,,,,,,,,,,,,,,,,,,B03,,,1,,1,,,84,84,1,12,4,120.659687,24.157317,3
9077,66000,387130000C,(04)23274275,(04)23288582,2025,7,24,20,38,臺中市,豐原區,0,0,0,7,,,50,,,,,,,,,,,,,,16,,,,,B03,,,1,,2,,,11,11,1,12,4,120.727044,24.251781,3
9078,66000,387130000C,(04)23274275,(04)23288582,2025,7,24,20,43,臺中市,北區,0,0,0,7,,,40,,,,,,,,,,,,,,14,,,,,B03,,,1,,2,,,50,50,1,12,4,120.676734,24.158987,3
9079,66000,387130000C,(04)23274275,(04)23288582,2025,7,24,20,46,臺中市,西屯區,0,1,0,7,1,6,50,3,9,1,5,4,6,6,1,1,3,4,5,2,13,3,10,3,1,B03,7,7,1,8,2,1,,59,59,1,12,4,120.595143,24.190912,2
9080,66000,387130000C,(04)23274275,(04)23288582,2025,7,24,20,50,臺中市,神岡區,0,4,0,7,1,6,50,4,4,1,5,4,6,6,1,1,5,5,5,2,17,2,9,4,1,B03,7,15,5,19,2,1,,84,84,1,12,4,120.699053,24.249267,2
9081,66000,387130000C,(04)23274275,(04)23288582,2025,7,24,20,56,臺中市,西屯區,0,0,0,7,,,50,,,,,,,,,,,,,,13,,,,,C03,,,1,,1,,,7,7,1,12,4,120.644672,24.171907,3
9082,66000,387130000C,(04)23274275,(04)23288582,2025,7,24,21,2,臺中市,南區,0,0,0,7,,,50,,,,,,,,,,,,,,17,,,,,,,,,,,,,119,119,1,,,120.651324,24.124922,4
9083,66000,387130000C,(04)23274275,(04)23288582,2025,7,24,21,7,臺中市,太平區,0,0,0,7,,,30,,,,,,,,,,,,,,,,,,,B03,,,1,,2,,,50,50,1,6,4,120.717192,24.120664,3
9084,66000,387130000C,(04)23274275,(04)23288582,2025,7,24,21,8,臺中市,西屯區,0,1,0,7,1,6,50,13,8,1,5,4,6,6,4,4,5,4,4,2,16,3,10,5,4,B03,7,5,1,8,2,5,,47,47,1,12,4,120.652646,24.176464,2
9085,66000,387130000C,(04)23274275,(04)23288582,2025,7,24,21,11,臺中市,西屯區,0,1,0,7,1,6,50,3,2,1,5,4,6,6,1,1,10,5,5,2,13,3,10,5,4,B02,7,9,1,8,2,1,,56,56,1,12,4,120.659001,24.171068,2
9086,66000,387130000C,(04)23274275,(04)23288582,2025,7,24,21,14,臺中市,大里區,0,0,0,7,,,40,,,,,,,,,,,,,,,,,,,B03,,,1,,2,,,7,7,1,12,4,120.691862,24.101233,3
9087,66000,387130000C,(04)23274275,(04)23288582,2025,7,24,21,15,臺中市,北屯區,0,2,0,7,1,6,50,13,9,1,5,4,6,6,4,4,9,4,5,2,17,2,9,1,1,C03,7,9,1,8,11,11,,59,59,1,12,4,120.688041,24.170495,2
9088,66000,387130000C,(04)23274275,(04)23288582,2025,7,24,21,20,臺中市,潭子區,0,1,0,6,1,6,50,4,1,1,5,4,6,6,1,1,5,4,4,2,17,2,9,2,1,C03,7,9,1,10,2,14,,85,85,1,13,4,120.69658,24.194323,2
9089,66000,387130000C,(04)23274275,(04)23288582,2025,7,24,21,20,臺中市,南屯區,0,2,0,7,3,6,50,4,1,1,5,4,6,6,1,1,10,5,5,2,17,2,9,2,1,C03,7,6,1,10,2,14,,36,36,1,12,4,120.640698,24.144392,2
9090,66000,387130000C,(04)23274275,(04)23288582,2025,7,24,21,21,臺中市,北屯區,0,1,0,7,1,6,50,4,1,1,5,4,6,6,2,1,10,5,5,2,16,3,10,3,1,B03,7,6,1,8,2,8,,11,11,1,12,4,120.69502,24.18128,2
9091,66000,387130000C,(04)23274275,(04)23288582,2025,7,24,21,30,臺中市,中區,0,0,0,7,,,50,,,,,,,,,,,,,,,,,,,B03,,,1,8,1,,,84,84,1,13,4,120.684403,24.142256,3
9092,66000,387130000C,(04)23274275,(04)23288582,2025,7,24,21,33,臺中市,梧棲區,0,0,0,7,,,40,,,,,,,,,,,,,,13,,,,,B03,,,1,,1,,,84,84,1,6,4,120.542584,24.247199,3
9093,66000,387130000C,(04)23274275,(04)23288582,2025,7,24,21,37,臺中市,南屯區,0,4,0,7,2,6,50,4,1,1,5,4,6,6,2,1,9,4,1,2,13,2,9,1,1,C03,7,9,1,10,2,11,,7,7,1,12,4,120.646808,24.148836,2
9094,66000,387130000C,(04)23274275,(04)23288582,2025,7,24,21,40,臺中市,北區,0,1,0,7,1,6,50,13,9,1,5,2,6,6,4,4,9,5,5,2,18,2,9,1,1,C03,7,9,1,10,2,12,,84,84,1,13,4,120.668943,24.160937,2
9095,66000,387130000C,(04)23274275,(04)23288582,2025,7,24,21,43,臺中市,豐原區,0,0,0,7,1,6,50,4,7,1,5,4,6,6,2,1,5,2,4,2,13,3,10,3,1,B01,7,9,1,4,2,1,,84,84,1,12,4,120.720232,24.263941,3
9096,66000,387130000C,(04)23274275,(04)23288582,2025,7,24,21,46,臺中市,大里區,0,0,0,7,,,50,,,,,,,,,,,,,,17,,,,,B03,,,1,,2,,,49,49,1,12,4,120.68047,24.109063,3
9097,66000,387130000C,(04)23274275,(04)23288582,2025,7,24,21,50,臺中市,南屯區,0,1,0,7,1,6,50,4,1,1,5,4,6,6,4,4,10,5,5,2,17,3,10,3,1,B03,7,9,1,8,2,1,,15,15,1,12,4,120.647745,24.155633,2
9098,66000,387130000C,(04)23274275,(04)23288582,2025,7,24,21,53,臺中市,西屯區,0,1,0,7,1,6,50,13,9,1,5,4,6,6,4,4,5,5,5,2,16,3,10,5,4,B03,7,5,1,8,2,5,,42,42,1,13,4,120.58919,24.175834,2
9099,66000,387130000C,(04)23274275,(04)23288582,2025,7,24,21,53,臺中市,西屯區,0,0,0,7,,,40,,,,,,,,,,,,,,14,,,,,B03,,,1,,2,,,49,49,1,12,4,120.657189,24.195046,3
9100,66000,387130000C,(04)23274275,(04)23288582,2025,7,24,21,54,臺中市,南區,0,1,0,7,1,6,50,13,9,1,5,4,6,6,4,4,9,5,5,2,17,3,10,3,1,B03,7,1,1,8,2,4,,51,51,1,12,4,120.680593,24.131382,2
9101,66000,387130000C,(04)23274275,(04)23288582,2025,7,24,21,54,臺中市,大里區,0,0,0,7,,,30,,,,,,,,,,,,,,,,,,,B03,,,1,,2,,,51,51,1,12,4,120.685721,24.109109,3
9102,66000,387130000C,(04)23274275,(04)23288582,2025,7,24,22,1,臺中市,北區,0,1,0,7,1,6,50,4,2,1,5,4,6,6,2,1,10,5,5,2,13,3,10,3,1,B03,7,9,1,8,2,8,,59,59,1,13,4,120.67051,24.155741,2
9103,66000,387130000C,(04)23274275,(04)23288582,2025,7,24,22,4,臺中市,北屯區,0,2,0,7,1,6,50,4,1,1,5,4,6,6,2,1,1,3,5,2,13,2,9,2,1,C03,7,9,1,10,2,11,14,59,59,1,13,4,120.700546,24.178479,2
9104,66000,387130000C,(04)23274275,(04)23288582,2025,7,24,22,7,臺中市,潭子區,0,0,0,7,,,40,,,,,,,,,,,,,,,,,,,B03,,,1,,2,,,8,8,1,13,4,120.698294,24.205309,3
9105,66000,387130000C,(04)23274275,(04)23288582,2025,7,24,22,9,臺中市,豐原區,0,2,0,7,1,6,50,4,1,1,5,4,6,6,2,1,1,4,5,1,15,2,9,1,1,C03,7,9,1,10,2,12,,21,21,1,12,4,120.73323,24.274069,2
9106,66000,387130000C,(04)23274275,(04)23288582,2025,7,24,22,11,臺中市,梧棲區,0,2,0,7,1,6,70,4,7,1,5,4,6,6,1,1,1,4,4,1,13,2,9,3,1,B03,7,9,1,8,2,1,,7,7,1,6,4,120.535988,24.249974,2
9107,66000,387130000C,(04)23274275,(04)23288582,2025,7,24,22,14,臺中市,西屯區,0,0,0,7,,,70,,,,,,,,,,,,,,13,,,,,B03,,,1,,1,,,7,7,1,12,4,120.623919,24.178801,3
9108,66000,387130000C,(04)23274275,(04)23288582,2025,7,24,22,17,臺中市,南屯區,0,1,0,7,2,6,40,13,8,1,5,4,6,6,4,4,9,4,4,2,12,2,9,1,1,C03,7,9,1,10,2,12,,84,84,1,12,4,120.636199,24.147196,2
9109,66000,387130000C,(04)23274275,(04)23288582,2025,7,24,22,20,臺中市,南屯區,0,0,0,7,,,50,,,,,,,,,,,,,,12,,,,,B03,,,1,,2,,,50,50,1,12,4,120.632413,24.149136,3
9110,66000,387130000C,(04)23274275,(04)23288582,2025,7,24,22,20,臺中市,西屯區,0,0,0,7,,,50,,,,,,,,,,,,,,16,,,,,B03,,,1,,1,,,20,20,1,12,4,120.654711,24.199461,3
9111,66000,387130000C,(04)23274275,(04)23288582,2025,7,24,22,22,臺中市,西屯區,0,1,0,7,1,6,40,13,8,1,5,4,6,6,4,4,1,4,1,2,17,3,10,1,4,C03,7,9,1,10,2,16,,91,91,1,12,4,120.623447,24.179511,2
9112,66000,387130000C,(04)23274275,(04)23288582,2025,7,24,22,38,臺中市,南區,0,0,0,7,,,50,,,,,,,,,,,,,,12,,,,,B03,,,1,,2,,,85,85,1,6,4,120.649953,24.120828,3
9113,66000,387130000C,(04)23274275,(04)23288582,2025,7,24,22,55,臺中市,北屯區,0,0,0,7,,,50,,,,,,,,,,,,,,9,,,,,C03,,,1,,9,,,84,84,1,12,4,120.685189,24.170894,3
9114,66000,387130000C,(04)23274275,(04)23288582,2025,7,24,23,11,臺中市,北區,0,1,0,7,1,6,40,4,8,1,5,4,6,6,4,4,1,4,4,2,28,,,,,,,,,,,,,118,118,1,,,120.687507,24.155693,2
9115,66000,387130000C,(04)23274275,(04)23288582,2025,7,24,23,16,臺中市,北區,0,1,0,7,1,6,50,5,2,1,5,4,6,6,2,1,10,5,5,2,3,2,9,6,5,H01,8,16,7,21,10,17,,95,95,1,13,5,120.67752,24.152971,2
9116,66000,387130000C,(04)23274275,(04)23288582,2025,7,24,23,24,臺中市,北屯區,0,1,0,7,1,6,40,3,1,1,5,4,6,6,4,4,1,4,1,2,18,2,9,1,1,C03,7,9,1,10,2,14,,85,85,1,12,4,120.724936,24.161481,2
9117,66000,387130000C,(04)23274275,(04)23288582,2025,7,24,23,24,臺中市,新社區,0,1,0,7,1,6,30,3,1,1,5,4,6,6,4,4,10,5,5,2,16,3,10,5,4,B03,7,5,1,8,2,4,,12,12,1,13,4,120.80292,24.234291,2
9118,66000,387130000C,(04)23274275,(04)23288582,2025,7,24,23,38,臺中市,西區,0,1,0,7,1,6,50,4,1,1,5,4,6,6,3,1,5,5,5,2,15,2,1,3,1,B03,7,9,1,10,2,2,,12,12,1,12,4,120.670542,24.139213,2
9119,66000,387130000C,(04)23274275,(04)23288582,2025,7,24,23,41,臺中市,潭子區,0,0,0,7,,,50,,,,,,,,,,,,,,,,,,,B03,,,1,,10,,,50,50,2,12,4,120.70065,24.196277,3
9120,66000,387130000C,(04)23274275,(04)23288582,2025,7,25,0,38,臺中市,北屯區,0,1,0,7,1,6,40,4,2,1,5,4,6,6,1,1,5,5,4,2,17,2,1,1,1,C03,7,9,5,10,2,11,,59,59,1,12,4,120.694687,24.175451,2
9121,66000,387130000C,(04)23274275,(04)23288582,2025,7,25,1,50,臺中市,北區,0,1,0,7,2,6,50,4,2,1,5,4,6,6,2,1,10,5,5,2,18,2,9,2,1,C03,7,9,1,10,2,14,,84,84,1,13,4,120.686037,24.146672,2
9122,66000,387130000C,(04)23274275,(04)23288582,2025,7,25,2,4,臺中市,潭子區,0,0,0,6,,,50,,,,,,,,,,,,,,,,,,,C03,,,1,,2,,,8,8,1,13,4,120.701038,24.211531,3
9123,66000,387130000C,(04)23274275,(04)23288582,2025,7,25,2,24,臺中市,北區,0,1,0,7,1,6,30,13,9,1,5,4,6,6,4,4,10,5,5,2,13,2,9,1,1,C03,7,9,1,10,9,11,14,59,59,1,13,4,120.681799,24.160886,2
9124,66000,387130000C,(04)23274275,(04)23288582,2025,7,25,4,0,臺中市,烏日區,0,0,0,7,,,50,,,,,,,,,,,,,,13,,,,,B12,,,1,,2,,,82,82,1,6,4,120.618636,24.102807,3
9125,66000,387130000C,(04)23274275,(04)23288582,2025,7,25,5,18,臺中市,豐原區,0,0,0,7,,,50,,,,,,,,,,,,,,13,,,,,B03,,,1,,1,,,84,84,1,12,4,120.722285,24.236259,3
9126,66000,387130000C,(04)23274275,(04)23288582,2025,7,25,6,7,臺中市,北屯區,0,0,0,7,,,50,,,,,,,,,,,,,,17,,,,,B03,,,1,,11,,,39,39,1,12,4,120.722682,24.17963,3
9127,66000,387130000C,(04)23274275,(04)23288582,2025,7,25,6,30,臺中市,北區,0,2,0,7,2,6,50,4,2,1,5,4,6,6,2,1,10,5,5,2,13,2,9,1,1,C03,7,9,5,10,2,11,,7,7,1,13,4,120.682356,24.153633,2
9128,66000,387130000C,(04)23274275,(04)23288582,2025,7,25,6,46,臺中市,太平區,0,0,0,7,,,30,,,,,,,,,,,,,,,,,,,F03,,,7,,9,,,78,78,1,12,4,120.723652,24.12138,3
9129,66000,387130000C,(04)23274275,(04)23288582,2025,7,25,6,47,臺中市,北屯區,0,1,0,7,2,6,50,4,1,1,5,4,6,6,2,1,10,5,5,2,13,3,10,3,1,B03,7,9,1,8,2,1,,84,84,1,12,4,120.709921,24.180086,2
9130,66000,387130000C,(04)23274275,(04)23288582,2025,7,25,6,48,臺中市,大雅區,0,2,0,7,3,6,40,13,8,1,5,4,6,6,4,4,1,5,4,1,17,2,8,2,1,C03,7,9,1,10,2,11,,84,84,1,12,4,120.634109,24.236968,2
9131,66000,387130000C,(04)23274275,(04)23288582,2025,7,25,6,52,臺中市,梧棲區,0,0,0,7,,,50,,,,,,,,,,,,,,17,,,,,B03,,,1,,2,,,84,84,1,6,4,120.549354,24.251813,3
9132,66000,387130000C,(04)23274275,(04)23288582,2025,7,25,7,7,臺中市,沙鹿區,0,0,0,7,,,50,,,,,,,,,,,,,,,,,,,B03,,,1,,1,,,50,50,1,13,4,120.570009,24.227484,3
9133,66000,387130000C,(04)23274275,(04)23288582,2025,7,25,7,10,臺中市,豐原區,0,1,0,7,2,6,30,13,9,1,5,4,6,6,4,4,10,5,5,1,13,2,9,2,1,C03,7,9,1,10,2,11,,7,7,1,13,4,120.731506,24.271139,2
9134,66000,387130000C,(04)23274275,(04)23288582,2025,7,25,7,21,臺中市,霧峰區,0,1,0,7,3,6,50,13,9,1,5,4,6,6,4,4,10,5,5,1,16,2,9,1,1,C03,7,6,1,10,2,12,,84,84,1,12,4,120.685591,24.054046,2
9135,66000,387130000C,(04)23274275,(04)23288582,2025,7,25,7,24,臺中市,潭子區,0,1,0,7,2,6,50,13,7,1,5,4,6,6,4,4,5,4,4,2,16,3,10,3,1,B03,7,11,1,8,2,5,,45,45,1,13,4,120.702623,24.211755,2
9136,66000,387130000C,(04)23274275,(04)23288582,2025,7,25,7,32,臺中市,西屯區,0,1,0,7,2,6,50,13,9,1,5,4,6,6,4,4,5,5,5,2,9,3,10,3,1,A04,7,14,1,1,2,2,,76,76,1,6,4,120.637221,24.179639,2
9137,66000,387130000C,(04)23274275,(04)23288582,2025,7,25,7,36,臺中市,神岡區,0,1,0,7,2,6,50,13,9,1,5,4,6,6,1,1,9,4,5,2,12,3,10,5,4,B03,7,9,1,8,2,2,,90,90,1,12,4,120.689371,24.247436,2
9138,66000,387130000C,(04)23274275,(04)23288582,2025,7,25,7,38,臺中市,烏日區,0,1,0,7,2,6,30,3,1,1,5,4,6,6,4,4,10,5,5,2,11,3,10,3,1,B03,7,5,1,8,2,5,,47,47,1,6,4,120.607068,24.120211,2
9139,66000,387130000C,(04)23274275,(04)23288582,2025,7,25,7,39,臺中市,西屯區,0,2,0,7,2,6,50,3,2,1,5,4,6,6,4,4,5,5,4,2,16,2,9,2,1,C03,7,5,1,10,2,14,,13,13,1,12,4,120.590375,24.174924,2
9140,66000,387130000C,(04)23274275,(04)23288582,2025,7,25,7,40,臺中市,龍井區,0,1,0,7,3,6,40,3,1,1,5,4,6,6,1,1,1,4,4,2,13,2,8,1,1,C03,7,15,1,10,2,11,,7,7,1,12,4,120.550955,24.211258,2
9141,66000,387130000C,(04)23274275,(04)23288582,2025,7,25,7,41,臺中市,西屯區,0,0,0,7,,,50,,,,,,,,,,,,,,,,,,,C03,,,3,,1,,,84,84,1,12,4,120.643873,24.187586,3
9142,66000,387130000C,(04)23274275,(04)23288582,2025,7,25,7,44,臺中市,霧峰區,0,1,0,7,3,6,40,13,9,1,5,4,6,6,4,4,9,5,5,1,13,2,9,1,1,C03,7,9,1,10,2,11,,84,84,1,13,4,120.693345,24.066246,2
9143,66000,387130000C,(04)23274275,(04)23288582,2025,7,25,7,45,臺中市,西區,0,1,0,7,2,6,30,4,1,1,5,4,6,6,4,4,10,5,5,2,17,2,9,1,1,C03,7,9,1,10,2,11,,15,15,1,13,4,120.658191,24.138532,2
9144,66000,387130000C,(04)23274275,(04)23288582,2025,7,25,7,45,臺中市,北區,0,1,0,7,2,6,50,3,2,1,5,4,6,6,4,4,5,5,5,2,3,2,9,6,5,H01,8,16,7,21,10,17,,95,95,1,12,5,120.684323,24.157648,2
9145,66000,387130000C,(04)23274275,(04)23288582,2025,7,25,7,45,臺中市,西屯區,0,1,0,7,2,6,50,4,1,1,5,4,6,6,2,1,10,5,5,2,16,3,10,5,4,B03,7,5,1,8,2,5,,84,84,1,13,4,120.622124,24.174088,2
9146,66000,387130000C,(04)23274275,(04)23288582,2025,7,25,7,45,臺中市,霧峰區,0,2,0,7,3,6,50,3,1,1,5,4,6,6,1,1,10,5,5,1,13,3,10,3,1,B03,7,9,1,8,2,7,,84,84,1,12,4,120.691202,24.071223,2
9147,66000,387130000C,(04)23274275,(04)23288582,2025,7,25,7,46,臺中市,烏日區,0,0,0,7,,,50,,,,,,,,,,,,,,16,,,,,B03,,,1,,1,,,20,20,1,6,4,120.647405,24.109976,3
9148,66000,387130000C,(04)23274275,(04)23288582,2025,7,25,7,46,臺中市,清水區,0,2,0,7,3,6,30,4,1,1,5,4,6,6,4,4,9,5,5,2,15,2,9,3,1,B03,7,9,1,8,2,8,,15,15,1,12,4,120.561107,24.263082,2
9149,66000,387130000C,(04)23274275,(04)23288582,2025,7,25,7,47,臺中市,大甲區,0,0,0,7,,,30,,,,,,,,,,,,,,13,,,,,C03,,,1,,1,,,7,7,1,6,4,120.633714,24.35603,3
9150,66000,387130000C,(04)23274275,(04)23288582,2025,7,25,7,48,臺中市,南屯區,0,0,0,7,,,50,,,,,,,,,,,,,,,,,,,B03,,,1,,1,,,8,8,1,12,4,120.647803,24.147741,3
9151,66000,387130000C,(04)23274275,(04)23288582,2025,7,25,7,50,臺中市,大雅區,0,0,0,5,,,30,,,,,,,,,,,,,,17,,,,,B03,,,1,,11,,,50,50,1,12,4,120.673698,24.2312,3
9152,66000,387130000C,(04)23274275,(04)23288582,2025,7,25,7,50,臺中市,西區,0,1,0,7,2,6,50,13,7,1,5,4,6,6,4,4,5,4,4,2,17,2,9,1,1,C03,7,9,1,10,2,14,,8,8,1,12,4,120.665465,24.147258,2
9153,66000,387130000C,(04)23274275,(04)23288582,2025,7,25,7,52,臺中市,北屯區,0,0,0,7,,,50,,,,,,,,,,,,,,,,,,,B03,,,1,,1,,,84,84,1,12,4,120.705853,24.173006,3
9154,66000,387130000C,(04)23274275,(04)23288582,2025,7,25,7,52,臺中市,神岡區,0,1,0,7,2,6,50,3,1,1,5,4,6,6,1,1,10,5,5,1,17,2,9,5,4,C03,7,1,1,10,2,11,,51,51,1,13,4,120.673285,24.253864,2
9155,66000,387130000C,(04)23274275,(04)23288582,2025,7,25,7,53,臺中市,太平區,0,0,0,7,,,50,,,,,,,,,,,,,,,,,,,C03,,,4,,2,,,39,39,1,12,4,120.72314,24.156596,3
9156,66000,387130000C,(04)23274275,(04)23288582,2025,7,25,7,55,臺中市,北屯區,0,2,0,7,2,6,30,3,1,1,5,4,6,6,4,4,10,5,5,2,16,2,9,2,1,C03,7,6,1,10,1,14,,20,20,1,12,4,120.714513,24.187446,2
9157,66000,387130000C,(04)23274275,(04)23288582,2025,7,25,7,55,臺中市,清水區,0,0,0,7,,,30,,,,,,,,,,,,,,,,,,,B03,,,1,,2,,,84,84,1,12,4,120.567211,24.281557,3
9158,66000,387130000C,(04)23274275,(04)23288582,2025,7,25,7,56,臺中市,南區,0,1,0,7,3,6,50,4,1,1,5,4,6,6,1,1,5,5,5,2,12,2,9,2,1,C03,7,8,1,10,2,14,,40,40,1,6,4,120.673337,24.130517,2
9159,66000,387130000C,(04)23274275,(04)23288582,2025,7,25,7,59,臺中市,西屯區,0,1,0,7,2,6,50,13,9,1,5,4,6,6,4,4,1,4,5,2,13,3,10,5,4,A41,7,9,1,1,2,1,,7,7,1,13,4,120.644068,24.201469,2
9160,66000,387130000C,(04)23274275,(04)23288582,2025,7,25,8,2,臺中市,后里區,0,0,0,7,2,6,50,13,9,1,5,4,6,6,4,4,5,5,5,2,17,3,10,3,1,B12,7,9,1,8,2,2,,84,84,1,12,4,120.711963,24.303362,3
9161,66000,387130000C,(04)23274275,(04)23288582,2025,7,25,8,4,臺中市,南屯區,0,0,0,7,,,50,,,,,,,,,,,,,,,,,,,B03,,,3,,9,,,90,90,1,13,4,120.638559,24.118602,3
9162,66000,387130000C,(04)23274275,(04)23288582,2025,7,25,8,5,臺中市,南屯區,0,1,0,7,2,6,50,4,1,1,5,4,6,6,1,1,9,5,5,2,17,3,10,3,1,B03,7,6,1,8,2,2,,11,11,1,13,4,120.650647,24.148829,2
9163,66000,387130000C,(04)23274275,(04)23288582,2025,7,25,8,5,臺中市,北屯區,0,1,0,7,2,6,50,13,9,1,5,4,6,6,4,4,1,4,5,2,17,2,9,2,1,C03,7,9,1,10,2,11,,59,59,1,12,4,120.727949,24.170961,2
9164,66000,387130000C,(04)23274275,(04)23288582,2025,7,25,8,7,臺中市,神岡區,0,1,0,7,2,6,50,13,6,1,5,4,6,6,4,4,10,4,4,1,16,3,10,5,4,B03,7,6,1,8,2,4,,84,84,1,12,4,120.689798,24.2478,2
9165,66000,387130000C,(04)23274275,(04)23288582,2025,7,25,8,9,臺中市,西屯區,0,2,0,7,2,6,30,4,1,1,5,4,6,6,4,4,10,5,5,2,15,2,9,1,1,C03,7,9,1,10,2,11,12,15,15,1,12,4,120.662075,24.167588,2
9166,66000,387130000C,(04)23274275,(04)23288582,2025,7,25,8,12,臺中市,潭子區,0,1,0,7,2,6,50,4,2,1,5,4,6,3,4,4,5,4,4,2,16,2,8,2,1,C03,7,1,1,10,2,14,,51,51,1,12,4,120.707604,24.20687,2
9167,66000,387130000C,(04)23274275,(04)23288582,2025,7,25,8,17,臺中市,大里區,0,0,0,7,,,30,,,,,,,,,,,,,,,,,,,C03,,,1,,2,,,84,84,1,13,4,120.699439,24.096075,3
9168,66000,387130000C,(04)23274275,(04)23288582,2025,7,25,8,21,臺中市,神岡區,0,0,0,7,,,50,,,,,,,,,,,,,,12,,,,,B03,,,1,,9,,,59,59,1,12,4,120.656583,24.251377,3
9169,66000,387130000C,(04)23274275,(04)23288582,2025,7,25,8,29,臺中市,豐原區,0,1,0,7,2,6,30,11,9,1,5,4,6,6,4,4,10,5,5,1,28,,,,,,,,,,,,,118,118,1,,,120.746503,24.274463,2
9170,66000,387130000C,(04)23274275,(04)23288582,2025,7,25,8,30,臺中市,大肚區,0,0,0,7,,,40,,,,,,,,,,,,,,,,,,,A31,,,1,,2,,,7,7,1,12,4,120.57944,24.168497,3
9171,66000,387130000C,(04)23274275,(04)23288582,2025,7,25,8,31,臺中市,梧棲區,0,1,0,7,3,6,50,13,9,1,5,4,6,6,4,4,5,5,5,1,30,,,,,,,,,,,,,119,119,1,,,120.52972,24.23968,2
9172,66000,387130000C,(04)23274275,(04)23288582,2025,7,25,8,32,臺中市,大里區,0,2,0,7,3,6,50,13,9,1,5,4,6,6,4,4,1,4,5,1,12,3,10,3,1,B03,7,8,3,19,2,4,,40,40,1,13,4,120.682228,24.102058,2
9173,66000,387130000C,(04)23274275,(04)23288582,2025,7,25,8,34,臺中市,東區,0,1,0,7,3,6,50,3,1,1,5,4,6,6,1,1,10,5,5,2,16,3,10,3,1,B03,7,5,1,8,2,5,,11,11,1,6,4,120.702876,24.125403,2
9174,66000,387130000C,(04)23274275,(04)23288582,2025,7,25,8,35,臺中市,梧棲區,0,1,0,7,3,6,50,4,1,1,5,4,6,6,3,1,10,5,5,2,16,2,9,1,1,C03,7,6,1,10,2,14,,26,26,1,6,4,120.53354,24.265343,2
9175,66000,387130000C,(04)23274275,(04)23288582,2025,7,25,8,35,臺中市,大甲區,0,0,0,6,,,,,,,,,,,,,,,,,,,,,,,,,,,,,,87,87,1,,,120.622461,24.349296,3
9176,66000,387130000C,(04)23274275,(04)23288582,2025,7,25,8,37,臺中市,北屯區,0,1,0,7,2,6,30,13,9,1,5,4,6,6,4,4,10,5,5,2,18,2,9,1,1,C03,7,9,1,10,2,12,,82,82,1,6,4,120.727065,24.187277,2
9177,66000,387130000C,(04)23274275,(04)23288582,2025,7,25,8,37,臺中市,沙鹿區,0,2,0,7,2,6,40,3,1,1,5,4,6,6,3,1,10,5,5,2,16,2,9,2,1,C03,7,6,1,10,2,14,,48,48,1,6,4,120.566,24.23441,2
9178,66000,387130000C,(04)23274275,(04)23288582,2025,7,25,8,38,臺中市,大里區,0,1,0,7,3,6,30,4,1,1,5,4,6,6,4,4,10,5,5,2,15,2,9,2,1,C03,7,9,1,10,2,14,,13,13,1,6,4,120.67211,24.097361,2
9179,66000,387130000C,(04)23274275,(04)23288582,2025,7,25,8,42,臺中市,南屯區,0,2,0,7,2,6,40,4,2,1,5,4,6,6,3,1,9,3,5,1,17,2,8,1,1,C03,7,9,1,10,2,14,,24,24,1,12,4,120.612764,24.13896,2
9180,66000,387130000C,(04)23274275,(04)23288582,2025,7,25,8,42,臺中市,西屯區,0,1,0,7,2,6,30,3,1,1,5,4,6,6,4,4,10,5,5,2,16,3,10,5,4,B03,7,5,1,8,2,8,,12,12,1,13,4,120.614128,24.18457,2
9181,66000,387130000C,(04)23274275,(04)23288582,2025,7,25,8,42,臺中市,龍井區,0,1,0,7,3,6,40,4,1,1,5,4,6,6,4,4,10,5,5,2,17,3,10,3,1,B03,7,9,1,8,2,2,,15,15,1,12,4,120.544711,24.205598,2