序號,縣市別代碼,機關代碼,市話,傳真,年,月,日,時,分,縣市,區,死亡數量,受傷數量,2-30,天候,道路照明設備,道路類別,道路速限,道路型態,事故位置,路面鋪裝,路面狀態,路面缺陷,障礙物,視距,號誌種類,號誌動作,分向設施,快車道或一般車道間,快慢車道間,路面邊線,事故類型及型態,受傷程度,主要傷處,保護裝備,行動電話或功能裝置,當事者區分(類別),車輛用途,當事者行動狀態,駕照狀態,駕照種類,飲酒情形,車輛撞擊部位最初,車輛撞擊部位其他,肇事因素個別,肇事因素主要,肇事逃逸,職業,共享經濟或外送平台,GPS座標X,GPS座標Y,事故類別
9182,66000,387130000C,(04)23274275,(04)23288582,2025,7,25,8,43,臺中市,北區,0,1,0,7,3,6,50,4,1,1,5,4,6,6,1,1,5,5,5,2,17,2,9,1,1,C03,7,9,1,10,2,11,,84,84,1,12,4,120.678582,24.160412,2
9183,66000,387130000C,(04)23274275,(04)23288582,2025,7,25,8,43,臺中市,南區,0,1,0,7,3,6,50,4,9,1,5,4,6,6,1,1,5,5,5,2,17,3,10,5,4,C03,7,6,3,19,2,11,,84,84,1,6,4,120.651957,24.114744,2
9184,66000,387130000C,(04)23274275,(04)23288582,2025,7,25,8,43,臺中市,烏日區,0,1,0,7,2,6,30,11,9,1,5,4,6,6,4,4,10,5,5,2,13,2,8,5,4,C03,7,9,1,10,2,11,,7,7,1,12,4,120.605814,24.118634,2
9185,66000,387130000C,(04)23274275,(04)23288582,2025,7,25,8,44,臺中市,南屯區,0,0,0,7,,,50,,,,,,,,,,,,,,,,,,,B03,,,1,,2,,,59,59,1,12,4,120.648037,24.146803,3
9186,66000,387130000C,(04)23274275,(04)23288582,2025,7,25,8,44,臺中市,外埔區,0,1,0,7,2,6,50,3,1,1,5,4,6,6,4,4,5,5,5,1,17,2,9,2,1,C03,7,4,5,19,2,11,,85,85,1,12,4,120.655488,24.338054,2
9187,66000,387130000C,(04)23274275,(04)23288582,2025,7,25,8,46,臺中市,西區,0,0,0,7,,,50,,,,,,,,,,,,,,13,,,,,B03,,,1,,1,,,59,59,1,12,4,120.673668,24.147719,3
9188,66000,387130000C,(04)23274275,(04)23288582,2025,7,25,8,47,臺中市,南屯區,0,0,0,7,,,50,,,,,,,,,,,,,,,,,,,C03,,,1,,1,,,84,84,1,13,4,120.623141,24.145201,3
9189,66000,387130000C,(04)23274275,(04)23288582,2025,7,25,8,50,臺中市,大肚區,0,0,0,7,,,30,,,,,,,,,,,,,,,,,,,C03,,,1,,2,,,14,14,1,6,4,120.54652,24.152958,3
9190,66000,387130000C,(04)23274275,(04)23288582,2025,7,25,8,52,臺中市,北屯區,0,2,0,7,2,6,50,13,7,1,5,4,6,6,4,4,5,4,4,2,12,2,9,2,1,C03,7,6,1,10,2,14,,25,25,1,12,4,120.667345,24.178296,2
9191,66000,387130000C,(04)23274275,(04)23288582,2025,7,25,8,58,臺中市,南屯區,0,1,0,7,1,6,50,4,1,1,5,4,6,6,2,1,1,4,4,2,13,3,10,2,1,C03,7,9,1,10,2,11,,7,7,1,13,4,120.648711,24.15078,2
9192,66000,387130000C,(04)23274275,(04)23288582,2025,7,25,8,59,臺中市,潭子區,0,0,0,7,,,30,,,,,,,,,,,,,,14,,,,,B03,,,1,,1,,,49,49,1,13,4,120.687263,24.207206,3
9193,66000,387130000C,(04)23274275,(04)23288582,2025,7,25,9,2,臺中市,東區,0,0,0,7,,,40,,,,,,,,,,,,,,14,,,,,B12,,,1,,1,,,49,49,1,12,4,120.7072,24.136456,3
9194,66000,387130000C,(04)23274275,(04)23288582,2025,7,25,9,7,臺中市,東區,0,0,0,7,,,50,,,,,,,,,,,,,,,,,,,C03,,,1,,2,,,7,7,1,6,4,120.699877,24.142826,3
9195,66000,387130000C,(04)23274275,(04)23288582,2025,7,25,9,9,臺中市,南屯區,0,0,0,7,,,50,,,,,,,,,,,,,,17,,,,,B03,,,1,,1,,,8,8,1,12,4,120.62466,24.144818,3
9196,66000,387130000C,(04)23274275,(04)23288582,2025,7,25,9,10,臺中市,豐原區,0,1,0,7,2,6,50,3,1,1,5,4,6,6,4,4,5,4,4,2,16,3,10,3,1,B03,7,9,1,8,2,8,,84,84,1,12,4,120.699381,24.248449,2
9197,66000,387130000C,(04)23274275,(04)23288582,2025,7,25,9,11,臺中市,太平區,0,0,0,7,,,30,,,,,,,,,,,,,,17,,,,,B12,,,1,,1,,,84,84,1,12,4,120.720532,24.127355,3
9198,66000,387130000C,(04)23274275,(04)23288582,2025,7,25,9,14,臺中市,西屯區,0,0,0,7,,,0,,,,,,,,,,,,,,14,,,,,B02,,,1,,1,,,49,49,1,12,4,120.594433,24.191356,3
9199,66000,387130000C,(04)23274275,(04)23288582,2025,7,25,9,15,臺中市,南屯區,0,0,0,7,,,50,,,,,,,,,,,,,,,,,,,B03,,,1,,2,,,59,59,1,12,4,120.652257,24.131608,3
9200,66000,387130000C,(04)23274275,(04)23288582,2025,7,25,9,19,臺中市,南屯區,0,0,0,7,,,50,,,,,,,,,,,,,,,,,,,B03,,,1,,1,,,84,84,1,13,4,120.647359,24.155473,3
9201,66000,387130000C,(04)23274275,(04)23288582,2025,7,25,9,20,臺中市,西屯區,0,0,0,7,,,50,,,,,,,,,,,,,,,,,,,B03,,,1,,1,,,7,7,1,12,4,120.658106,24.170746,3
9202,66000,387130000C,(04)23274275,(04)23288582,2025,7,25,9,24,臺中市,神岡區,0,0,0,7,,,50,,,,,,,,,,,,,,17,,,,,B03,,,1,,2,,,51,51,1,13,4,120.698174,24.248881,3
9203,66000,387130000C,(04)23274275,(04)23288582,2025,7,25,9,27,臺中市,西屯區,0,1,0,7,2,6,50,13,9,1,5,4,6,6,1,1,5,4,5,2,13,2,9,1,1,C03,7,9,1,10,2,11,,7,7,1,12,4,120.655444,24.158573,2
9204,66000,387130000C,(04)23274275,(04)23288582,2025,7,25,9,30,臺中市,烏日區,0,1,0,7,1,6,30,13,9,1,5,4,6,6,4,4,10,5,5,1,11,2,8,1,1,C03,7,9,1,10,2,14,,41,41,1,6,4,120.61102,24.117444,2
9205,66000,387130000C,(04)23274275,(04)23288582,2025,7,25,9,32,臺中市,南屯區,0,0,0,7,,,50,,,,,,,,,,,,,,,,,,,B03,,,1,,2,,,47,47,1,13,4,120.647597,24.124399,3
9206,66000,387130000C,(04)23274275,(04)23288582,2025,7,25,9,32,臺中市,梧棲區,0,1,0,7,3,6,40,4,1,1,5,4,6,6,1,1,10,5,5,2,15,2,9,1,1,C03,7,9,1,10,2,11,,84,84,1,6,4,120.532978,24.242825,2
9207,66000,387130000C,(04)23274275,(04)23288582,2025,7,25,9,33,臺中市,石岡區,0,0,0,7,,,70,,,,,,,,,,,,,,,,,,,B03,,,1,,1,,,51,51,1,12,4,120.79102,24.273084,3
9208,66000,387130000C,(04)23274275,(04)23288582,2025,7,25,9,35,臺中市,中區,0,0,0,7,,,50,,,,,,,,,,,,,,,,,,,B03,,,1,,1,,,8,8,1,13,4,120.685417,24.137773,3
9209,66000,387130000C,(04)23274275,(04)23288582,2025,7,25,9,37,臺中市,烏日區,0,0,0,7,,,30,,,,,,,,,,,,,,14,,,,,B03,,,1,,1,,,49,49,1,6,4,120.639497,24.068134,3
9210,66000,387130000C,(04)23274275,(04)23288582,2025,7,25,9,38,臺中市,東區,0,1,0,7,3,6,50,3,1,1,5,4,4,6,4,4,10,5,5,2,17,3,10,1,1,C03,7,11,1,10,2,14,,39,39,1,6,4,120.689287,24.138778,2
9211,66000,387130000C,(04)23274275,(04)23288582,2025,7,25,9,40,臺中市,北屯區,0,0,0,7,,,50,,,,,,,,,,,,,,,,,,,B03,,,1,,2,,,84,84,1,12,4,120.683681,24.175939,3
9212,66000,387130000C,(04)23274275,(04)23288582,2025,7,25,9,42,臺中市,西屯區,0,0,0,7,,,40,,,,,,,,,,,,,,12,,,,,B03,,,1,,1,,,8,8,1,12,4,120.641707,24.156325,4
9213,66000,387130000C,(04)23274275,(04)23288582,2025,7,25,9,43,臺中市,南區,0,2,0,7,3,6,50,4,9,1,5,4,6,6,2,1,5,5,5,2,17,2,9,5,4,C03,7,9,1,10,2,11,,7,7,1,6,4,120.661925,24.130102,2
9214,66000,387130000C,(04)23274275,(04)23288582,2025,7,25,9,48,臺中市,霧峰區,0,0,0,7,,,50,,,,,,,,,,,,,,13,,,,,B03,,,1,,2,,,84,84,1,12,4,120.663005,24.05952,3
9215,66000,387130000C,(04)23274275,(04)23288582,2025,7,25,9,51,臺中市,西屯區,0,0,0,7,,,50,,,,,,,,,,,,,,,,,,,C03,,,1,,1,,,26,26,1,12,4,120.649619,24.162914,3
9216,66000,387130000C,(04)23274275,(04)23288582,2025,7,25,9,53,臺中市,龍井區,0,1,0,7,3,6,60,13,9,1,5,4,6,6,4,4,5,5,4,1,30,2,9,2,4,C03,7,9,1,10,2,11,,87,87,1,13,4,120.509391,24.191694,2
9217,66000,387130000C,(04)23274275,(04)23288582,2025,7,25,9,55,臺中市,西區,0,0,0,7,,,50,,,,,,,,,,,,,,,,,,,B01,,,1,,1,,,51,51,2,13,4,120.672681,24.135782,3
9218,66000,387130000C,(04)23274275,(04)23288582,2025,7,25,9,56,臺中市,南屯區,0,0,0,7,,,50,,,,,,,,,,,,,,17,,,,,B03,,,1,,2,,,59,59,1,12,4,120.630806,24.150796,3
9219,66000,387130000C,(04)23274275,(04)23288582,2025,7,25,9,58,臺中市,豐原區,0,0,0,7,,,60,,,,,,,,,,,,,,13,,,,,B03,,,1,,1,,,7,7,1,12,4,120.713868,24.243727,3
9220,66000,387130000C,(04)23274275,(04)23288582,2025,7,25,10,2,臺中市,北區,0,0,0,7,,,50,,,,,,,,,,,,,,14,,,,,A12,,,1,,2,,,49,49,1,12,4,120.692597,24.159176,3
9221,66000,387130000C,(04)23274275,(04)23288582,2025,7,25,10,11,臺中市,清水區,0,0,0,7,,,50,,,,,,,,,,,,,,,,,,,B03,,,1,,11,,,20,20,1,12,4,120.571978,24.258988,3
9222,66000,387130000C,(04)23274275,(04)23288582,2025,7,25,10,15,臺中市,南屯區,0,0,0,7,,,50,,,,,,,,,,,,,,,,,,,B01,,,1,,9,,,7,7,1,13,4,120.632356,24.145477,3
9223,66000,387130000C,(04)23274275,(04)23288582,2025,7,25,10,15,臺中市,龍井區,0,1,0,7,3,6,30,4,1,1,5,4,6,6,4,4,10,5,5,2,15,2,7,2,1,C03,7,9,1,10,2,11,,15,15,1,12,4,120.528832,24.214496,2
9224,66000,387130000C,(04)23274275,(04)23288582,2025,7,25,10,17,臺中市,西屯區,0,0,0,7,,,50,,,,,,,,,,,,,,12,,,,,C03,,,1,,1,,,8,8,1,12,4,120.654345,24.194323,3
9225,66000,387130000C,(04)23274275,(04)23288582,2025,7,25,10,23,臺中市,霧峰區,0,0,0,7,,,30,,,,,,,,,,,,,,,,,,,B03,,,1,,2,,,84,84,1,13,4,120.676423,24.023312,3
9226,66000,387130000C,(04)23274275,(04)23288582,2025,7,25,10,23,臺中市,太平區,0,0,0,7,,,50,,,,,,,,,,,,,,,,,,,B01,,,1,,2,,,8,8,1,12,4,120.712858,24.144449,3
9227,66000,387130000C,(04)23274275,(04)23288582,2025,7,25,10,29,臺中市,大雅區,0,1,0,7,3,6,0,4,2,1,5,4,6,6,1,1,5,2,4,1,17,3,10,1,1,C03,7,9,1,10,2,12,,21,21,1,12,4,120.644453,24.227323,2
9228,66000,387130000C,(04)23274275,(04)23288582,2025,7,25,10,30,臺中市,西區,0,1,0,7,2,6,50,4,1,1,5,4,6,6,4,4,10,5,5,2,17,2,9,1,1,C03,7,6,1,10,2,12,,14,14,1,13,4,120.667172,24.139309,2
9229,66000,387130000C,(04)23274275,(04)23288582,2025,7,25,10,30,臺中市,龍井區,0,1,0,7,3,6,50,4,1,1,5,4,6,6,4,4,10,4,5,2,15,2,9,2,1,C03,7,15,1,10,2,11,,20,20,1,12,4,120.524234,24.20163,2
9230,66000,387130000C,(04)23274275,(04)23288582,2025,7,25,10,37,臺中市,西區,0,2,0,7,2,6,50,4,1,1,5,4,6,6,2,2,5,5,5,2,17,2,9,1,1,C03,7,9,1,10,2,11,,21,21,1,12,4,120.674195,24.149753,2
9231,66000,387130000C,(04)23274275,(04)23288582,2025,7,25,10,38,臺中市,北屯區,0,0,0,7,,,50,,,,,,,,,,,,,,17,,,,,B12,,,1,,1,,,50,50,1,12,4,120.702585,24.185794,3
9232,66000,387130000C,(04)23274275,(04)23288582,2025,7,25,10,40,臺中市,西屯區,0,1,0,7,2,6,50,13,9,1,5,4,6,6,4,4,5,4,4,2,18,2,9,2,4,C03,7,12,1,10,2,12,,82,82,1,13,4,120.636196,24.164089,2
9233,66000,387130000C,(04)23274275,(04)23288582,2025,7,25,10,42,臺中市,北屯區,0,1,0,7,2,6,50,5,1,1,5,4,6,6,1,1,10,5,5,2,12,2,8,1,1,C03,7,4,1,10,2,11,,26,26,1,6,2,120.697663,24.170449,2
9234,66000,387130000C,(04)23274275,(04)23288582,2025,7,25,10,44,臺中市,南屯區,0,0,0,7,,,50,,,,,,,,,,,,,,,,,,,B03,,,1,,1,,,26,26,1,13,4,120.623497,24.149515,3
9235,66000,387130000C,(04)23274275,(04)23288582,2025,7,25,10,44,臺中市,西屯區,0,1,0,7,3,6,50,3,1,1,5,4,6,6,4,4,3,4,4,2,16,3,10,5,4,B03,7,5,1,8,2,6,,14,14,1,13,4,120.641904,24.159453,2
9236,66000,387130000C,(04)23274275,(04)23288582,2025,7,25,10,45,臺中市,清水區,0,1,0,7,3,6,50,3,1,1,5,4,6,6,4,4,5,4,5,2,16,3,10,3,1,B03,7,6,1,8,2,8,,12,12,1,12,4,120.569822,24.280515,2
9237,66000,387130000C,(04)23274275,(04)23288582,2025,7,25,10,48,臺中市,南屯區,0,2,0,7,2,6,50,4,2,1,5,4,6,6,4,4,5,4,4,2,17,2,9,2,1,C03,7,1,3,19,2,14,,51,51,1,12,4,120.637875,24.139116,2
9238,66000,387130000C,(04)23274275,(04)23288582,2025,7,25,10,50,臺中市,大雅區,0,0,0,7,,,50,,,,,,,,,,,,,,,,,,,B03,,,1,,1,,,56,56,1,12,4,120.656538,24.221764,3
9239,66000,387130000C,(04)23274275,(04)23288582,2025,7,25,10,54,臺中市,東區,0,0,0,7,,,50,,,,,,,,,,,,,,,,,,,B03,,,1,,1,,,84,84,1,13,4,120.692443,24.142766,3
9240,66000,387130000C,(04)23274275,(04)23288582,2025,7,25,10,59,臺中市,北區,0,0,0,7,,,50,,,,,,,,,,,,,,13,,,,,B03,,,1,,2,,,59,59,1,13,4,120.674134,24.163774,3
9241,66000,387130000C,(04)23274275,(04)23288582,2025,7,25,11,0,臺中市,南區,0,1,0,7,3,6,50,4,2,1,5,4,6,6,1,1,5,5,4,2,13,2,9,1,1,C03,7,9,1,10,2,11,,8,8,1,6,4,120.653832,24.122322,2
9242,66000,387130000C,(04)23274275,(04)23288582,2025,7,25,11,2,臺中市,北屯區,0,1,0,7,3,6,50,4,1,1,5,4,6,6,2,1,10,5,5,2,3,3,10,3,1,B03,7,6,1,7,2,8,,10,10,1,6,4,120.686552,24.195196,2
9243,66000,387130000C,(04)23274275,(04)23288582,2025,7,25,11,8,臺中市,南區,0,1,0,7,3,6,50,13,9,1,5,4,6,6,4,4,5,5,5,2,17,3,10,5,4,B03,7,2,1,8,2,3,,49,49,1,6,4,120.655075,24.114755,2
9244,66000,387130000C,(04)23274275,(04)23288582,2025,7,25,11,9,臺中市,北區,0,0,0,7,,,50,,,,,,,,,,,,,,,,,,,B03,,,1,,2,,,50,50,1,12,4,120.695645,24.15838,3
9245,66000,387130000C,(04)23274275,(04)23288582,2025,7,25,11,9,臺中市,霧峰區,0,0,0,7,,,50,,,,,,,,,,,,,,12,,,,,B03,,,1,,2,,,40,40,1,12,4,120.695925,24.063748,3
9246,66000,387130000C,(04)23274275,(04)23288582,2025,7,25,11,10,臺中市,沙鹿區,0,1,0,7,2,6,30,13,9,1,5,4,6,6,4,4,10,5,5,2,16,3,10,3,1,B03,7,6,1,8,2,4,,65,65,1,12,4,120.550692,24.218491,2
9247,66000,387130000C,(04)23274275,(04)23288582,2025,7,25,11,10,臺中市,清水區,0,2,0,7,3,6,50,13,9,1,5,4,6,6,4,4,5,5,5,1,13,3,10,3,1,B03,7,9,1,8,2,1,,7,7,1,12,4,120.543022,24.262817,2
9248,66000,387130000C,(04)23274275,(04)23288582,2025,7,25,11,13,臺中市,烏日區,0,0,0,7,,,50,,,,,,,,,,,,,,,,,,,B03,,,3,,2,,,55,55,1,6,4,120.594098,24.107905,3
9249,66000,387130000C,(04)23274275,(04)23288582,2025,7,25,11,15,臺中市,南區,0,0,0,7,,,50,,,,,,,,,,,,,,17,,,,,B03,,,1,,2,,,84,84,1,12,4,120.675341,24.128709,3
9250,66000,387130000C,(04)23274275,(04)23288582,2025,7,25,11,18,臺中市,西屯區,0,0,0,7,,,50,,,,,,,,,,,,,,13,,,,,B02,,,5,,2,,,59,59,1,12,4,120.629951,24.159043,3
9251,66000,387130000C,(04)23274275,(04)23288582,2025,7,25,11,18,臺中市,烏日區,0,2,0,7,2,6,50,3,1,1,5,4,6,6,4,4,10,5,5,2,12,2,9,1,1,C03,7,9,1,10,2,12,,4,4,1,5,4,120.628083,24.102926,2
9252,66000,387130000C,(04)23274275,(04)23288582,2025,7,25,11,20,臺中市,南屯區,0,0,0,7,,,50,,,,,,,,,,,,,,13,,,,,B03,,,1,,1,,,7,7,1,12,4,120.646681,24.153613,3
9253,66000,387130000C,(04)23274275,(04)23288582,2025,7,25,11,20,臺中市,北屯區,0,2,0,7,3,6,50,13,9,1,5,4,6,6,4,4,1,4,5,2,12,2,8,2,1,C03,7,9,1,10,2,13,,84,84,1,12,4,120.68506,24.171192,2
9254,66000,387130000C,(04)23274275,(04)23288582,2025,7,25,11,23,臺中市,沙鹿區,0,0,0,7,,,50,,,,,,,,,,,,,,,,,,,A11,,,1,,2,,,40,40,1,13,4,120.564813,24.206066,3
9255,66000,387130000C,(04)23274275,(04)23288582,2025,7,25,11,24,臺中市,西屯區,0,0,0,7,,,50,,,,,,,,,,,,,,,,,,,B03,,,1,,1,,,20,20,1,12,4,120.633875,24.162821,3
9256,66000,387130000C,(04)23274275,(04)23288582,2025,7,25,11,25,臺中市,中區,0,1,0,7,2,6,50,13,9,1,5,4,6,6,4,4,10,4,5,2,17,2,9,1,1,C03,7,7,1,10,2,12,,20,20,1,12,4,120.684967,24.139601,2
9257,66000,387130000C,(04)23274275,(04)23288582,2025,7,25,11,26,臺中市,梧棲區,0,0,0,7,,,50,,,,,,,,,,,,,,16,,,,,B03,,,1,,2,,,39,39,1,12,4,120.533072,24.254056,3
9258,66000,387130000C,(04)23274275,(04)23288582,2025,7,25,11,27,臺中市,南區,0,0,0,7,,,40,,,,,,,,,,,,,,17,,,,,B03,,,1,,2,,,84,84,1,12,4,120.65679,24.116244,3
9259,66000,387130000C,(04)23274275,(04)23288582,2025,7,25,11,30,臺中市,北區,0,0,0,7,,,50,,,,,,,,,,,,,,17,,,,,C03,,,1,,1,,,84,84,1,12,4,120.684516,24.150256,3
9260,66000,387130000C,(04)23274275,(04)23288582,2025,7,25,11,32,臺中市,南屯區,0,0,0,7,,,50,,,,,,,,,,,,,,,,,,,B03,,,1,,2,,,50,50,1,13,4,120.635515,24.158563,3
9261,66000,387130000C,(04)23274275,(04)23288582,2025,7,25,11,35,臺中市,北區,0,0,0,7,,,50,,,,,,,,,,,,,,,,,,,C03,,,1,,2,,,51,51,1,12,4,120.683195,24.163325,3
9262,66000,387130000C,(04)23274275,(04)23288582,2025,7,25,11,40,臺中市,北屯區,0,0,0,7,,,50,,,,,,,,,,,,,,14,,,,,A11,,,1,,2,,,49,49,1,12,4,120.713314,24.182072,3
9263,66000,387130000C,(04)23274275,(04)23288582,2025,7,25,11,46,臺中市,南屯區,0,0,0,7,,,50,,,,,,,,,,,,,,,,,,,B03,,,1,,1,,,7,7,1,12,4,120.623241,24.137107,3
9264,66000,387130000C,(04)23274275,(04)23288582,2025,7,25,11,50,臺中市,西屯區,0,0,0,7,,,50,,,,,,,,,,,,,,,,,,,B03,,,1,,1,,,7,7,1,12,4,120.63881,24.168906,3
9265,66000,387130000C,(04)23274275,(04)23288582,2025,7,25,11,52,臺中市,清水區,0,0,0,7,,,50,,,,,,,,,,,,,,,,,,,B03,,,1,,2,,,20,20,1,12,4,120.574806,24.267533,3
9266,66000,387130000C,(04)23274275,(04)23288582,2025,7,25,11,55,臺中市,南屯區,0,0,0,7,,,50,,,,,,,,,,,,,,,,,,,B03,,,1,,1,,,84,84,1,13,4,120.634977,24.152593,3
9267,66000,387130000C,(04)23274275,(04)23288582,2025,7,25,11,55,臺中市,北屯區,0,0,0,7,,,50,,,,,,,,,,,,,,,,,,,B03,,,1,,1,,,84,84,1,12,4,120.69493,24.182981,3
9268,66000,387130000C,(04)23274275,(04)23288582,2025,7,25,11,56,臺中市,東區,0,0,0,7,,,50,,,,,,,,,,,,,,,,,,,A11,,,1,,2,,,8,8,1,6,4,120.706168,24.129645,3
9269,66000,387130000C,(04)23274275,(04)23288582,2025,7,25,11,57,臺中市,大里區,0,2,0,7,3,6,30,4,1,1,5,4,6,6,4,4,10,5,5,2,15,2,9,2,1,C03,7,9,1,10,2,12,,15,15,1,13,4,120.68883,24.124427,2
9270,66000,387130000C,(04)23274275,(04)23288582,2025,7,25,12,1,臺中市,西屯區,0,0,0,7,,,50,,,,,,,,,,,,,,17,,,,,B03,,,1,,2,,,7,7,1,13,4,120.618341,24.179116,3
9271,66000,387130000C,(04)23274275,(04)23288582,2025,7,25,12,2,臺中市,龍井區,0,1,0,7,2,6,30,3,2,1,5,4,6,6,4,4,10,5,5,2,17,2,9,5,4,C03,7,6,1,10,2,12,,14,14,1,12,4,120.588467,24.178239,2
9272,66000,387130000C,(04)23274275,(04)23288582,2025,7,25,12,5,臺中市,霧峰區,0,0,0,7,,,50,,,,,,,,,,,,,,,,,,,B03,,,1,,10,,,87,87,1,13,4,120.699884,24.075405,3
9273,66000,387130000C,(04)23274275,(04)23288582,2025,7,25,12,10,臺中市,北屯區,0,1,0,7,2,6,50,11,9,1,5,4,6,6,4,4,1,4,5,2,18,2,9,1,1,C03,7,9,3,19,2,15,,82,82,1,12,4,120.782668,24.203401,2
9274,66000,387130000C,(04)23274275,(04)23288582,2025,7,25,12,14,臺中市,烏日區,0,0,0,7,,,50,,,,,,,,,,,,,,17,,,,,A12,,,1,,1,,,50,50,1,6,4,120.607115,24.109159,3
9275,66000,387130000C,(04)23274275,(04)23288582,2025,7,25,12,14,臺中市,沙鹿區,0,0,0,7,,,50,,,,,,,,,,,,,,30,,,,,B03,,,1,,10,,,87,87,1,12,4,120.557266,24.233345,4
9276,66000,387130000C,(04)23274275,(04)23288582,2025,7,25,12,15,臺中市,清水區,0,2,0,7,3,6,50,4,1,1,5,4,5,4,4,4,5,5,5,2,16,2,9,6,1,F01,7,6,7,21,2,14,,14,14,1,12,4,120.550302,24.267397,2
9277,66000,387130000C,(04)23274275,(04)23288582,2025,7,25,12,22,臺中市,潭子區,0,1,0,7,2,6,60,13,8,1,5,4,1,6,4,4,1,4,4,1,29,2,9,2,1,C03,7,9,1,10,2,11,,59,59,1,13,4,120.702533,24.187831,2
9278,66000,387130000C,(04)23274275,(04)23288582,2025,7,25,12,22,臺中市,大里區,0,1,0,7,3,6,50,4,1,1,5,4,6,6,2,1,5,4,5,1,16,2,9,1,1,C03,7,6,1,10,2,14,,36,36,1,13,4,120.689808,24.108775,2
9279,66000,387130000C,(04)23274275,(04)23288582,2025,7,25,12,23,臺中市,東區,0,0,0,7,,,50,,,,,,,,,,,,,,13,,,,,B02,,,1,,2,,,56,56,1,6,4,120.694453,24.151108,3
9280,66000,387130000C,(04)23274275,(04)23288582,2025,7,25,12,23,臺中市,北屯區,0,1,0,7,2,6,40,13,8,1,5,4,6,6,4,4,1,5,1,2,17,2,9,2,1,C03,7,9,1,10,2,11,,58,58,1,12,4,120.725183,24.161236,2
9281,66000,387130000C,(04)23274275,(04)23288582,2025,7,25,12,28,臺中市,北區,0,0,0,7,,,50,,,,,,,,,,,,,,16,,,,,B03,,,1,,1,,,48,48,1,13,4,120.677171,24.165195,3
9282,66000,387130000C,(04)23274275,(04)23288582,2025,7,25,12,28,臺中市,大甲區,0,3,0,7,1,6,50,4,1,1,5,4,6,6,4,4,5,5,5,1,16,2,9,1,1,C03,7,6,1,10,2,14,,14,14,1,12,4,120.652754,24.381977,2
9283,66000,387130000C,(04)23274275,(04)23288582,2025,7,25,12,31,臺中市,北區,0,0,0,7,,,50,,,,,,,,,,,,,,,,,,,A02,,,1,,1,,,7,7,1,12,4,120.689128,24.15361,3
9284,66000,387130000C,(04)23274275,(04)23288582,2025,7,25,12,32,臺中市,大里區,0,0,0,7,,,60,,,,,,,,,,,,,,17,,,,,B03,,,1,,9,,,84,84,1,13,4,120.680865,24.104523,3
9285,66000,387130000C,(04)23274275,(04)23288582,2025,7,25,12,34,臺中市,西屯區,0,1,0,7,2,6,40,3,1,1,5,4,6,6,2,1,10,4,5,2,12,3,10,5,4,B02,7,5,1,4,2,5,,20,20,1,13,4,120.634806,24.160842,2
9286,66000,387130000C,(04)23274275,(04)23288582,2025,7,25,12,36,臺中市,北屯區,0,1,0,7,2,6,50,5,1,1,5,4,6,6,1,1,10,5,5,2,16,2,9,1,1,C03,7,1,1,10,2,14,,51,51,1,5,4,120.676387,24.177009,2
9287,66000,387130000C,(04)23274275,(04)23288582,2025,7,25,12,37,臺中市,西屯區,0,0,0,7,,,40,,,,,,,,,,,,,,16,,,,,B03,,,1,,1,,,20,20,1,13,4,120.623447,24.179511,3
9288,66000,387130000C,(04)23274275,(04)23288582,2025,7,25,12,38,臺中市,大里區,0,1,0,7,2,6,30,13,9,1,5,4,6,6,1,1,10,5,5,2,17,3,10,5,4,B03,7,2,1,8,2,3,,49,49,1,12,4,120.703323,24.090067,2
9289,66000,387130000C,(04)23274275,(04)23288582,2025,7,25,12,41,臺中市,南區,0,0,0,7,,,50,,,,,,,,,,,,,,,,,,,B03,,,1,,2,,,7,7,1,6,4,120.648654,24.119707,3
9290,66000,387130000C,(04)23274275,(04)23288582,2025,7,25,12,41,臺中市,南屯區,0,0,0,7,,,30,,,,,,,,,,,,,,17,,,,,B12,,,1,,1,,,50,50,1,12,4,120.635631,24.143715,3
9291,66000,387130000C,(04)23274275,(04)23288582,2025,7,25,12,43,臺中市,西屯區,0,2,0,7,2,6,50,13,9,1,5,4,6,6,4,4,10,4,5,2,16,3,10,3,1,B02,7,11,1,8,2,5,,45,45,1,6,4,120.614321,24.179372,2
9292,66000,387130000C,(04)23274275,(04)23288582,2025,7,25,12,44,臺中市,東區,0,1,0,7,2,6,50,13,9,1,5,4,6,6,4,4,5,4,5,2,17,3,10,3,1,B03,7,9,1,8,2,2,,84,84,1,12,4,120.705579,24.13036,2
9293,66000,387130000C,(04)23274275,(04)23288582,2025,7,25,12,46,臺中市,西屯區,0,0,0,7,,,50,,,,,,,,,,,,,,,,,,,B11,,,1,,1,,,73,73,1,12,4,120.65998,24.169234,3
9294,66000,387130000C,(04)23274275,(04)23288582,2025,7,25,12,50,臺中市,西區,0,0,0,7,,,50,,,,,,,,,,,,,,,,,,,B03,,,1,,1,,,84,84,1,12,4,120.661379,24.158763,3
9295,66000,387130000C,(04)23274275,(04)23288582,2025,7,25,12,50,臺中市,烏日區,0,0,0,7,,,50,,,,,,,,,,,,,,30,,,,,A31,,,1,,2,,,43,43,1,6,4,120.642735,24.07164,3