序號,縣市別代碼,機關代碼,市話,傳真,年,月,日,時,分,縣市,區,死亡數量,受傷數量,2-30,天候,道路照明設備,道路類別,道路速限,道路型態,事故位置,路面鋪裝,路面狀態,路面缺陷,障礙物,視距,號誌種類,號誌動作,分向設施,快車道或一般車道間,快慢車道間,路面邊線,事故類型及型態,受傷程度,主要傷處,保護裝備,行動電話或功能裝置,當事者區分(類別),車輛用途,當事者行動狀態,駕照狀態,駕照種類,飲酒情形,車輛撞擊部位最初,車輛撞擊部位其他,肇事因素個別,肇事因素主要,肇事逃逸,職業,共享經濟或外送平台,GPS座標X,GPS座標Y,事故類別
9631,66000,387130000C,(04)23274275,(04)23288582,2025,7,26,10,24,臺中市,南屯區,0,0,0,6,,,50,,,,,,,,,,,,,,,,,,,B02,,,1,,2,,,50,50,1,13,4,120.643819,24.137071,3
9632,66000,387130000C,(04)23274275,(04)23288582,2025,7,26,10,28,臺中市,西屯區,0,0,0,7,,,50,,,,,,,,,,,,,,13,,,,,B03,,,1,,1,,,7,7,1,13,4,120.613948,24.18368,3
9633,66000,387130000C,(04)23274275,(04)23288582,2025,7,26,10,37,臺中市,大雅區,0,0,0,7,,,30,,,,,,,,,,,,,,,,,,,B03,,,1,,2,,,49,49,1,13,4,120.666849,24.21651,3
9634,66000,387130000C,(04)23274275,(04)23288582,2025,7,26,10,37,臺中市,沙鹿區,0,0,0,7,,,60,,,,,,,,,,,,,,13,,,,,B03,,,1,,1,,,7,7,1,6,4,120.563795,24.239502,3
9635,66000,387130000C,(04)23274275,(04)23288582,2025,7,26,10,39,臺中市,大甲區,0,1,0,6,3,6,30,13,9,1,5,4,6,6,4,4,10,5,5,2,14,3,10,3,1,B03,7,2,1,8,2,3,,49,49,1,6,4,120.622213,24.350941,2
9636,66000,387130000C,(04)23274275,(04)23288582,2025,7,26,10,40,臺中市,北屯區,0,0,0,7,,,50,,,,,,,,,,,,,,13,,,,,A12,,,1,,2,,,84,84,1,6,4,120.686582,24.201323,3
9637,66000,387130000C,(04)23274275,(04)23288582,2025,7,26,10,43,臺中市,霧峰區,0,1,0,7,3,6,50,13,7,1,5,4,6,6,4,4,5,5,4,1,17,2,9,1,1,C03,7,11,1,10,2,14,,45,45,1,12,4,120.699103,24.069552,2
9638,66000,387130000C,(04)23274275,(04)23288582,2025,7,26,10,47,臺中市,北屯區,0,2,0,7,2,6,50,4,1,1,5,4,6,6,3,1,10,5,5,2,15,2,9,1,1,C03,7,9,3,19,2,14,,24,24,1,12,4,120.690674,24.168753,2
9639,66000,387130000C,(04)23274275,(04)23288582,2025,7,26,10,49,臺中市,南區,0,0,0,7,,,50,,,,,,,,,,,,,,,,,,,B03,,,1,,2,,,84,84,1,13,4,120.649934,24.120612,3
9640,66000,387130000C,(04)23274275,(04)23288582,2025,7,26,10,51,臺中市,神岡區,0,1,0,5,2,6,30,13,9,1,4,4,6,6,4,4,10,5,5,1,17,2,9,2,1,C03,7,4,1,10,2,11,,1,1,1,6,4,120.694569,24.259056,2
9641,66000,387130000C,(04)23274275,(04)23288582,2025,7,26,10,56,臺中市,西區,0,1,0,6,2,6,50,4,1,1,5,4,6,6,1,1,10,5,5,2,18,2,9,2,1,C03,7,9,1,10,2,14,,84,84,1,12,4,120.66837,24.139732,2
9642,66000,387130000C,(04)23274275,(04)23288582,2025,7,26,10,56,臺中市,西屯區,0,0,0,5,,,40,,,,,,,,,,,,,,13,,,,,C03,,,1,,2,,,7,7,1,12,4,120.646454,24.164454,3
9643,66000,387130000C,(04)23274275,(04)23288582,2025,7,26,10,59,臺中市,東區,0,1,0,7,3,6,50,13,9,1,4,4,6,6,1,1,1,5,5,2,12,2,9,2,1,C03,7,9,1,10,2,11,,84,84,1,13,4,120.686618,24.135898,2
9644,66000,387130000C,(04)23274275,(04)23288582,2025,7,26,11,0,臺中市,沙鹿區,0,0,0,7,2,7,50,4,9,1,5,4,6,6,1,1,4,3,5,1,12,,,,,C03,,,1,,2,,,84,84,1,12,4,120.565097,24.242946,3
9645,66000,387130000C,(04)23274275,(04)23288582,2025,7,26,11,2,臺中市,大甲區,0,0,0,7,,,50,,,,,,,,,,,,,,21,,,,,B03,,,1,,2,,,84,84,1,12,4,120.642536,24.409161,3
9646,66000,387130000C,(04)23274275,(04)23288582,2025,7,26,11,6,臺中市,東區,0,0,0,5,,,50,,,,,,,,,,,,,,,,,,,B12,,,1,,1,,,8,8,1,6,4,120.689563,24.146237,3
9647,66000,387130000C,(04)23274275,(04)23288582,2025,7,26,11,8,臺中市,西屯區,0,2,0,7,2,6,50,4,1,1,5,4,6,6,1,1,10,5,5,2,17,3,10,5,4,B12,7,9,1,8,9,15,,59,59,1,12,4,120.655099,24.176111,2
9648,66000,387130000C,(04)23274275,(04)23288582,2025,7,26,11,8,臺中市,石岡區,0,1,0,6,2,6,50,11,9,1,4,1,6,6,4,4,5,5,5,1,18,2,9,1,4,C03,7,9,1,10,2,14,,84,84,1,12,4,120.814602,24.253478,2
9649,66000,387130000C,(04)23274275,(04)23288582,2025,7,26,11,9,臺中市,后里區,0,0,0,6,2,6,50,3,1,1,4,4,6,6,1,1,1,4,4,1,15,,,,,B03,,,1,10,2,,,59,59,1,6,4,120.728133,24.309134,3
9650,66000,387130000C,(04)23274275,(04)23288582,2025,7,26,11,11,臺中市,西屯區,0,0,0,7,,,30,,,,,,,,,,,,,,13,,,,,B03,,,1,,1,,,59,59,1,12,4,120.629819,24.165377,3
9651,66000,387130000C,(04)23274275,(04)23288582,2025,7,26,11,15,臺中市,西區,0,0,0,6,,,50,,,,,,,,,,,,,,,,,,,B03,,,1,,1,,,7,7,1,12,4,120.662142,24.144414,3
9652,66000,387130000C,(04)23274275,(04)23288582,2025,7,26,11,16,臺中市,北區,0,0,0,7,,,50,,,,,,,,,,,,,,,,,,,B03,,,1,,1,,,39,39,1,12,4,120.695913,24.160136,3
9653,66000,387130000C,(04)23274275,(04)23288582,2025,7,26,11,16,臺中市,大安區,0,2,0,7,2,6,30,13,9,1,5,4,6,6,4,4,10,5,5,2,16,2,9,2,1,C03,7,9,1,10,2,11,,85,85,1,6,2,120.589885,24.393195,2
9654,66000,387130000C,(04)23274275,(04)23288582,2025,7,26,11,17,臺中市,北屯區,0,1,0,5,2,6,50,13,8,1,4,4,6,6,4,4,9,5,4,2,9,3,10,3,1,A02,7,14,1,2,2,16,,85,85,1,12,4,120.739147,24.178764,2
9655,66000,387130000C,(04)23274275,(04)23288582,2025,7,26,11,17,臺中市,霧峰區,0,0,0,7,,,50,,,,,,,,,,,,,,17,,,,,B03,,,1,,2,,,51,51,1,12,4,120.697658,24.064684,3
9656,66000,387130000C,(04)23274275,(04)23288582,2025,7,26,11,20,臺中市,太平區,0,0,0,6,2,6,50,13,9,1,4,4,6,6,4,4,1,4,5,2,13,3,10,3,1,B03,7,9,1,8,1,1,,59,59,1,6,4,120.711955,24.143458,3
9657,66000,387130000C,(04)23274275,(04)23288582,2025,7,26,11,20,臺中市,太平區,0,1,0,6,2,6,50,13,7,1,5,4,6,6,2,1,5,5,4,2,12,3,10,3,1,B03,7,9,1,8,2,5,,1,1,1,12,4,120.718418,24.116754,2
9658,66000,387130000C,(04)23274275,(04)23288582,2025,7,26,11,21,臺中市,北屯區,0,0,0,7,,,50,,,,,,,,,,,,,,,,,,,B12,,,1,,2,,,84,84,1,6,4,120.69638,24.162756,3
9659,66000,387130000C,(04)23274275,(04)23288582,2025,7,26,11,22,臺中市,清水區,0,2,0,7,3,6,50,4,1,1,5,4,6,6,4,4,9,4,5,2,15,2,9,3,1,B03,7,9,1,8,2,2,,13,13,1,12,4,120.536385,24.269214,2
9660,66000,387130000C,(04)23274275,(04)23288582,2025,7,26,11,25,臺中市,北屯區,0,0,0,7,,,50,,,,,,,,,,,,,,14,,,,,B03,,,1,,2,,,50,50,1,12,4,120.679605,24.194807,3
9661,66000,387130000C,(04)23274275,(04)23288582,2025,7,26,11,30,臺中市,清水區,0,0,0,7,,,60,,,,,,,,,,,,,,30,,,,,B02,,,1,,2,,,87,87,1,12,4,120.545127,24.270689,3
9662,66000,387130000C,(04)23274275,(04)23288582,2025,7,26,11,32,臺中市,東區,0,1,0,6,2,6,50,13,9,1,4,4,6,6,4,4,1,4,5,2,17,2,8,2,1,C03,7,9,1,10,1,11,,4,4,1,13,4,120.69739,24.132512,2
9663,66000,387130000C,(04)23274275,(04)23288582,2025,7,26,11,34,臺中市,西屯區,0,0,0,7,,3,80,,,,,,,,,,,,,,17,,,,,B03,,,1,,2,,,87,87,1,13,4,120.649531,24.197105,3
9664,66000,387130000C,(04)23274275,(04)23288582,2025,7,26,11,37,臺中市,南區,0,1,0,6,3,6,50,13,8,1,4,4,6,6,4,4,1,4,4,2,18,2,9,2,1,C03,7,9,1,10,2,16,,84,84,1,13,4,120.656136,24.115716,2
9665,66000,387130000C,(04)23274275,(04)23288582,2025,7,26,11,38,臺中市,南區,0,1,0,6,3,6,50,4,9,1,5,4,6,6,2,1,5,5,5,2,16,3,10,5,4,B03,7,5,1,8,2,2,,20,20,1,6,4,120.668671,24.114552,2
9666,66000,387130000C,(04)23274275,(04)23288582,2025,7,26,11,40,臺中市,西區,0,0,0,7,,,50,,,,,,,,,,,,,,,,,,,B12,,,1,,2,,,49,49,1,12,4,120.661342,24.13646,3
9667,66000,387130000C,(04)23274275,(04)23288582,2025,7,26,11,40,臺中市,南區,0,0,0,7,,,40,,,,,,,,,,,,,,13,,,,,B03,,,1,,1,,,84,84,1,13,5,120.653809,24.122064,3
9668,66000,387130000C,(04)23274275,(04)23288582,2025,7,26,11,40,臺中市,西屯區,0,0,0,7,,,50,,,,,,,,,,,,,,13,,,,,B03,,,1,,1,,,7,7,1,12,4,120.656061,24.193914,3
9669,66000,387130000C,(04)23274275,(04)23288582,2025,7,26,11,42,臺中市,石岡區,0,0,0,7,,,70,,,,,,,,,,,,,,,,,,,B03,,,1,,1,,,40,40,1,12,4,120.764331,24.277104,3
9670,66000,387130000C,(04)23274275,(04)23288582,2025,7,26,11,46,臺中市,西屯區,0,0,0,7,,,50,,,,,,,,,,,,,,12,,,,,B03,,,1,3,1,,,40,40,1,13,4,120.640414,24.165144,3
9671,66000,387130000C,(04)23274275,(04)23288582,2025,7,26,11,50,臺中市,西區,0,0,0,7,,,50,,,,,,,,,,,,,,,,,,,B02,,,1,,1,,,7,7,1,12,4,120.667532,24.141802,3
9672,66000,387130000C,(04)23274275,(04)23288582,2025,7,26,11,50,臺中市,北屯區,0,1,0,6,3,6,50,4,1,1,5,4,6,6,1,1,10,5,5,2,16,3,10,2,1,C03,7,6,1,10,1,11,,11,11,1,6,4,120.718838,24.172649,2
9673,66000,387130000C,(04)23274275,(04)23288582,2025,7,26,11,50,臺中市,梧棲區,0,1,0,7,2,6,50,4,2,1,5,4,6,6,1,1,9,4,4,2,12,3,10,3,1,B12,7,7,1,8,2,6,,40,40,1,13,4,120.530094,24.253785,2
9674,66000,387130000C,(04)23274275,(04)23288582,2025,7,26,11,55,臺中市,東區,0,0,0,7,,,50,,,,,,,,,,,,,,,,,,,B03,,,1,,2,,,84,84,1,13,4,120.689203,24.141405,3
9675,66000,387130000C,(04)23274275,(04)23288582,2025,7,26,11,55,臺中市,太平區,0,0,0,5,,3,80,,,,,,,,,,,,,,,,,,,B03,,,1,,1,,,84,84,1,8,4,120.717797,24.159539,3
9676,66000,387130000C,(04)23274275,(04)23288582,2025,7,26,11,57,臺中市,北屯區,0,0,0,7,,,50,,,,,,,,,,,,,,17,,,,,B03,,,1,,1,,,11,11,1,12,4,120.713455,24.180122,3
9677,66000,387130000C,(04)23274275,(04)23288582,2025,7,26,11,59,臺中市,北屯區,0,1,0,7,2,6,30,3,1,1,5,4,6,6,4,4,10,5,5,2,17,3,10,3,1,B03,7,6,1,8,2,8,,12,12,1,12,4,120.747286,24.19414,2
9678,66000,387130000C,(04)23274275,(04)23288582,2025,7,26,12,0,臺中市,南屯區,0,0,0,7,,,50,,,,,,,,,,,,,,14,,,,,B03,,,1,,9,,,50,50,1,12,4,120.649093,24.138597,3
9679,66000,387130000C,(04)23274275,(04)23288582,2025,7,26,12,0,臺中市,龍井區,0,1,0,7,2,6,50,13,9,1,5,4,6,6,4,4,5,5,5,1,13,2,7,5,4,C03,7,9,1,10,2,11,,7,7,1,12,4,120.58402,24.181752,2
9680,66000,387130000C,(04)23274275,(04)23288582,2025,7,26,12,3,臺中市,北屯區,0,0,0,7,,,50,,,,,,,,,,,,,,13,,,,,B03,,,1,,1,,,11,11,1,6,4,120.697745,24.170349,3
9681,66000,387130000C,(04)23274275,(04)23288582,2025,7,26,12,3,臺中市,霧峰區,0,0,0,7,,,40,,,,,,,,,,,,,,15,,,,,B03,,,1,,2,,,51,51,1,13,4,120.662522,24.072078,3
9682,66000,387130000C,(04)23274275,(04)23288582,2025,7,26,12,5,臺中市,霧峰區,0,1,0,7,3,6,50,13,9,1,5,4,6,6,4,4,5,5,5,1,17,3,10,3,1,B03,7,11,1,7,2,8,,39,39,1,12,4,120.705662,24.042698,2
9683,66000,387130000C,(04)23274275,(04)23288582,2025,7,26,12,8,臺中市,西區,0,0,0,6,,,50,,,,,,,,,,,,,,,,,,,B03,,,1,,1,,,49,49,1,12,4,120.663094,24.136558,3
9684,66000,387130000C,(04)23274275,(04)23288582,2025,7,26,12,10,臺中市,北屯區,0,0,0,7,,,50,,,,,,,,,,,,,,15,,,,,B01,,,1,,2,,,15,15,1,12,4,120.725163,24.163455,3
9685,66000,387130000C,(04)23274275,(04)23288582,2025,7,26,12,14,臺中市,大甲區,0,0,0,7,,,50,,,,,,,,,,,,,,17,,,,,A02,,,1,,2,,,7,7,1,12,4,120.637933,24.361245,3
9686,66000,387130000C,(04)23274275,(04)23288582,2025,7,26,12,19,臺中市,南屯區,0,0,0,7,,,50,,,,,,,,,,,,,,,,,,,B03,,,1,,1,,,15,15,1,13,4,120.62875,24.116376,3
9687,66000,387130000C,(04)23274275,(04)23288582,2025,7,26,12,20,臺中市,北屯區,0,0,0,7,,,50,,,,,,,,,,,,,,13,,,,,B01,,,1,,1,,,7,7,1,6,4,120.665781,24.182774,4
9688,66000,387130000C,(04)23274275,(04)23288582,2025,7,26,12,20,臺中市,西屯區,0,0,0,7,,3,80,,,,,,,,,,,,,,13,,,,,B03,,,1,,1,,,7,7,1,12,4,120.631948,24.169649,3
9689,66000,387130000C,(04)23274275,(04)23288582,2025,7,26,12,20,臺中市,霧峰區,0,1,0,7,2,6,60,4,1,1,5,4,6,6,1,1,10,5,5,2,16,2,9,5,4,C03,7,1,1,10,2,11,,51,51,1,12,4,120.696075,24.065666,2
9690,66000,387130000C,(04)23274275,(04)23288582,2025,7,26,12,26,臺中市,北屯區,0,1,0,5,2,6,50,4,1,1,4,4,6,6,4,4,10,5,5,2,16,2,9,2,1,C03,7,6,1,10,2,11,,12,12,1,12,4,120.706474,24.18131,2
9691,66000,387130000C,(04)23274275,(04)23288582,2025,7,26,12,30,臺中市,北區,0,0,0,7,,,50,,,,,,,,,,,,,,13,,,,,B03,,,1,,1,,,59,59,1,13,4,120.690374,24.147393,3
9692,66000,387130000C,(04)23274275,(04)23288582,2025,7,26,12,32,臺中市,大里區,0,0,0,7,,,50,,,,,,,,,,,,,,,,,,,B03,,,1,,2,,,7,7,1,12,4,120.72487,24.086811,3
9693,66000,387130000C,(04)23274275,(04)23288582,2025,7,26,12,32,臺中市,霧峰區,0,0,0,7,,,50,,,,,,,,,,,,,,17,,,,,,,,,,,,,119,119,1,,,120.698388,24.063021,3
9694,66000,387130000C,(04)23274275,(04)23288582,2025,7,26,12,32,臺中市,大里區,0,0,0,7,,,,,,,,,,,,,,,,,17,,,,,,,,,,,,,115,115,1,,5,120.694709,24.090931,3
9695,66000,387130000C,(04)23274275,(04)23288582,2025,7,26,12,33,臺中市,西屯區,0,1,0,7,2,6,50,4,1,1,5,4,6,6,1,1,10,5,5,2,16,3,10,5,4,B03,7,5,1,8,1,8,,84,84,1,12,4,120.637238,24.166041,2
9696,66000,387130000C,(04)23274275,(04)23288582,2025,7,26,12,34,臺中市,豐原區,0,2,0,6,2,6,50,13,9,1,5,4,6,6,4,4,5,5,5,2,16,2,9,1,1,C03,7,11,1,10,2,13,,34,34,1,6,2,120.72073,24.249803,2
9697,66000,387130000C,(04)23274275,(04)23288582,2025,7,26,12,35,臺中市,清水區,0,1,0,7,3,6,50,4,1,1,5,4,6,6,3,1,5,5,4,2,15,3,10,3,1,B03,7,9,1,8,2,1,,12,12,1,12,4,120.560058,24.279656,2
9698,66000,387130000C,(04)23274275,(04)23288582,2025,7,26,12,38,臺中市,清水區,0,0,0,7,,,50,,,,,,,,,,,,,,,,,,,B03,,,1,,11,,,35,35,1,12,4,120.537027,24.269925,3
9699,66000,387130000C,(04)23274275,(04)23288582,2025,7,26,12,45,臺中市,西屯區,0,0,0,7,,,50,,,,,,,,,,,,,,13,,,,,A11,,,1,,1,,,59,59,1,6,4,120.627408,24.180912,3
9700,66000,387130000C,(04)23274275,(04)23288582,2025,7,26,12,49,臺中市,西區,0,0,0,7,,,50,,,,,,,,,,,,,,,,,,,B03,,,1,,1,,,84,84,1,12,4,120.656698,24.146701,3
9701,66000,387130000C,(04)23274275,(04)23288582,2025,7,26,12,53,臺中市,東區,0,1,0,7,3,6,50,13,8,1,5,4,6,6,4,4,5,4,4,2,17,2,9,5,4,C03,7,15,1,10,2,11,,84,84,1,6,4,120.695869,24.14265,2
9702,66000,387130000C,(04)23274275,(04)23288582,2025,7,26,12,55,臺中市,南屯區,0,2,0,7,2,6,50,13,9,1,5,4,6,6,4,4,5,4,4,2,17,3,10,3,1,B03,7,7,1,8,2,3,,40,40,1,12,4,120.646106,24.135358,2
9703,66000,387130000C,(04)23274275,(04)23288582,2025,7,26,12,58,臺中市,南屯區,0,0,0,7,,,50,,,,,,,,,,,,,,,,,,,B03,,,1,,1,,,59,59,1,13,4,120.654389,24.136913,3
9704,66000,387130000C,(04)23274275,(04)23288582,2025,7,26,13,0,臺中市,南屯區,0,0,0,7,,,60,,,,,,,,,,,,,,,,,,,B03,,,1,,1,,,7,7,1,6,4,120.631748,24.125647,3
9705,66000,387130000C,(04)23274275,(04)23288582,2025,7,26,13,0,臺中市,龍井區,0,1,0,7,3,6,70,3,2,1,5,4,6,6,3,1,10,5,5,1,17,3,10,5,4,A12,7,5,1,5,2,16,,20,20,1,12,4,120.543856,24.180807,2
9706,66000,387130000C,(04)23274275,(04)23288582,2025,7,26,13,5,臺中市,南屯區,0,0,0,7,,,50,,,,,,,,,,,,,,,,,,,B03,,,1,,1,,,49,49,1,12,4,120.644041,24.131311,3
9707,66000,387130000C,(04)23274275,(04)23288582,2025,7,26,13,8,臺中市,豐原區,0,0,0,7,,,30,,,,,,,,,,,,,,17,,,,,C03,,,1,,2,,,84,84,1,12,4,120.732868,24.2366,3
9708,66000,387130000C,(04)23274275,(04)23288582,2025,7,26,13,10,臺中市,太平區,0,0,0,7,,,50,,,,,,,,,,,,,,17,,,,,,,,,,,,,119,119,1,,,120.712551,24.149755,3
9709,66000,387130000C,(04)23274275,(04)23288582,2025,7,26,13,12,臺中市,清水區,0,0,0,7,,,40,,,,,,,,,,,,,,,,,,,B03,,,1,,2,,,50,50,1,12,4,120.577621,24.270279,3
9710,66000,387130000C,(04)23274275,(04)23288582,2025,7,26,13,20,臺中市,南區,0,0,0,7,,,50,,,,,,,,,,,,,,13,,,,,B03,,,1,,1,,,84,84,1,13,4,120.679112,24.126971,3
9711,66000,387130000C,(04)23274275,(04)23288582,2025,7,26,13,20,臺中市,龍井區,0,0,0,7,,,50,,,,,,,,,,,,,,,,,,,B03,,,1,,1,,,15,15,1,12,4,120.561668,24.199434,3
9712,66000,387130000C,(04)23274275,(04)23288582,2025,7,26,13,21,臺中市,南區,0,2,0,7,1,6,50,13,7,1,5,4,6,6,4,4,5,5,4,2,13,2,9,5,4,B03,7,9,1,8,1,1,,84,84,1,13,4,120.65831,24.133654,2
9713,66000,387130000C,(04)23274275,(04)23288582,2025,7,26,13,21,臺中市,烏日區,0,0,0,7,,,30,,,,,,,,,,,,,,16,,,,,F01,,,7,,2,,,14,14,1,6,4,120.645858,24.082609,3
9714,66000,387130000C,(04)23274275,(04)23288582,2025,7,26,13,22,臺中市,西屯區,0,2,0,7,2,6,40,3,1,1,5,4,6,6,4,4,3,4,3,2,13,2,8,1,1,C03,7,9,1,10,1,11,,7,7,1,12,4,120.651598,24.16135,2
9715,66000,387130000C,(04)23274275,(04)23288582,2025,7,26,13,25,臺中市,沙鹿區,0,0,0,7,,,50,,,,,,,,,,,,,,,,,,,B03,,,1,,2,,,84,84,1,13,4,120.560178,24.206899,3
9716,66000,387130000C,(04)23274275,(04)23288582,2025,7,26,13,25,臺中市,大甲區,0,1,0,7,2,6,60,13,8,1,5,4,6,6,4,4,1,4,4,1,16,3,10,3,1,B03,7,5,1,8,2,2,,65,65,1,6,4,120.617967,24.353052,2
9717,66000,387130000C,(04)23274275,(04)23288582,2025,7,26,13,39,臺中市,西屯區,0,2,0,7,2,6,50,13,9,1,5,4,6,6,4,4,5,5,5,2,17,2,9,5,4,C03,7,1,1,10,1,14,,51,51,1,12,4,120.6407,24.179533,2
9718,66000,387130000C,(04)23274275,(04)23288582,2025,7,26,13,40,臺中市,烏日區,0,0,0,7,,,70,,,,,,,,,,,,,,13,,,,,B03,,,1,,1,,,7,7,1,6,4,120.59435,24.112775,3
9719,66000,387130000C,(04)23274275,(04)23288582,2025,7,26,13,42,臺中市,太平區,0,0,0,6,2,6,50,13,7,1,5,4,6,6,4,4,9,5,4,1,13,3,10,3,1,B03,7,9,1,8,2,1,,59,59,1,6,4,120.720299,24.158222,3
9720,66000,387130000C,(04)23274275,(04)23288582,2025,7,26,13,45,臺中市,東區,0,0,0,7,,,50,,,,,,,,,,,,,,,,,,,C03,,,1,,2,,,84,84,1,13,4,120.6867,24.14311,3
9721,66000,387130000C,(04)23274275,(04)23288582,2025,7,26,13,50,臺中市,北區,0,1,0,6,3,6,50,4,2,1,5,4,6,6,1,1,3,2,3,2,17,3,10,5,4,B03,7,11,1,8,2,5,,45,45,1,13,4,120.675193,24.160273,2
9722,66000,387130000C,(04)23274275,(04)23288582,2025,7,26,13,50,臺中市,北屯區,0,1,0,7,2,6,50,3,1,1,5,4,6,6,4,4,10,5,5,2,16,3,10,3,1,B03,7,6,1,8,1,2,,14,14,1,12,4,120.690139,24.164915,2
9723,66000,387130000C,(04)23274275,(04)23288582,2025,7,26,13,53,臺中市,西屯區,0,0,0,7,,,60,,,,,,,,,,,,,,13,,,,,B03,,,1,,2,,,59,59,1,12,4,120.629662,24.162787,3
9724,66000,387130000C,(04)23274275,(04)23288582,2025,7,26,13,56,臺中市,西屯區,0,0,0,7,,,30,,,,,,,,,,,,,,,,,,,A12,,,1,,1,,,8,8,1,12,4,120.656705,24.198151,3
9725,66000,387130000C,(04)23274275,(04)23288582,2025,7,26,14,0,臺中市,南屯區,0,0,0,7,,,50,,,,,,,,,,,,,,17,,,,,B03,,,1,,1,,,49,49,1,12,4,120.626014,24.143126,3
9726,66000,387130000C,(04)23274275,(04)23288582,2025,7,26,14,0,臺中市,大里區,0,1,0,6,3,6,50,4,1,1,5,4,6,6,1,1,10,5,5,2,16,3,10,3,1,B03,7,5,1,8,2,2,,11,11,1,13,4,120.688017,24.094693,2
9727,66000,387130000C,(04)23274275,(04)23288582,2025,7,26,14,0,臺中市,大里區,0,0,0,7,,,50,,,,,,,,,,,,,,27,,,,,B02,,,1,,2,,,8,8,1,6,4,120.701709,24.094317,3
9728,66000,387130000C,(04)23274275,(04)23288582,2025,7,26,14,1,臺中市,豐原區,0,0,0,7,,,50,,,,,,,,,,,,,,17,,,,,B03,,,1,,2,,,8,8,1,13,4,120.708434,24.250057,3
9729,66000,387130000C,(04)23274275,(04)23288582,2025,7,26,14,3,臺中市,西區,0,0,0,7,,,50,,,,,,,,,,,,,,,,,,,B03,,,1,,1,,,84,84,1,12,4,120.66027,24.153776,3
9730,66000,387130000C,(04)23274275,(04)23288582,2025,7,26,14,6,臺中市,龍井區,0,1,0,7,2,6,50,5,2,1,5,4,6,6,3,1,10,5,5,2,13,2,8,2,1,C03,7,9,1,10,2,11,,7,7,1,6,4,120.592502,24.181474,2
9731,66000,387130000C,(04)23274275,(04)23288582,2025,7,26,14,10,臺中市,南屯區,0,1,0,7,2,6,50,13,7,1,5,4,6,6,4,4,5,5,4,2,17,2,8,1,1,C03,7,1,1,10,2,11,,51,51,1,13,4,120.637172,24.137845,2
9732,66000,387130000C,(04)23274275,(04)23288582,2025,7,26,14,13,臺中市,西區,0,0,0,7,,,50,,,,,,,,,,,,,,17,,,,,B03,,,1,,2,,,77,77,1,12,4,120.656491,24.13434,3
9733,66000,387130000C,(04)23274275,(04)23288582,2025,7,26,14,20,臺中市,南區,0,2,0,7,3,6,50,4,9,1,5,4,6,6,4,4,5,5,5,2,15,2,9,5,4,C03,7,9,1,10,2,14,,6,6,1,6,4,120.671781,24.116649,2
9734,66000,387130000C,(04)23274275,(04)23288582,2025,7,26,14,21,臺中市,西屯區,0,1,0,7,2,6,50,3,2,1,5,4,6,6,4,4,3,4,5,2,13,3,10,3,1,B03,7,9,1,8,1,1,,7,7,1,12,4,120.65094,24.164854,2
9735,66000,387130000C,(04)23274275,(04)23288582,2025,7,26,14,27,臺中市,西屯區,0,0,0,7,,,50,,,,,,,,,,,,,,16,,,,,B03,,,1,,1,,,51,51,1,12,4,120.613703,24.174239,3
9736,66000,387130000C,(04)23274275,(04)23288582,2025,7,26,14,28,臺中市,西屯區,0,0,0,7,,,60,,,,,,,,,,,,,,12,,,,,B03,,,1,,1,,,59,59,1,13,4,120.640598,24.167961,3
9737,66000,387130000C,(04)23274275,(04)23288582,2025,7,26,14,29,臺中市,西屯區,0,0,0,7,,,50,,,,,,,,,,,,,,14,,,,,B03,,,1,,1,,,50,50,1,12,4,120.619611,24.187478,3
9738,66000,387130000C,(04)23274275,(04)23288582,2025,7,26,14,30,臺中市,沙鹿區,0,0,0,7,,,50,,,,,,,,,,,,,,13,,,,,B03,,,1,,1,,,7,7,1,12,4,120.560626,24.240341,4
9739,66000,387130000C,(04)23274275,(04)23288582,2025,7,26,14,30,臺中市,豐原區,0,0,0,7,,,50,,,,,,,,,,,,,,17,,,,,B12,,,1,,9,,,8,8,1,6,4,120.705725,24.250889,3
9740,66000,387130000C,(04)23274275,(04)23288582,2025,7,26,14,35,臺中市,西區,0,0,0,7,,,50,,,,,,,,,,,,,,,,,,,B03,,,1,,2,,,49,49,1,12,4,120.682974,24.143345,3
9741,66000,387130000C,(04)23274275,(04)23288582,2025,7,26,14,37,臺中市,梧棲區,0,1,0,7,2,6,30,3,1,1,5,4,6,6,4,4,10,5,5,2,16,3,10,3,1,B03,7,5,1,8,2,5,,14,14,1,12,4,120.537086,24.248468,2
9742,66000,387130000C,(04)23274275,(04)23288582,2025,7,26,14,40,臺中市,北屯區,0,0,0,7,,,50,,,,,,,,,,,,,,13,,,,,B03,,,1,,1,,,84,84,1,12,4,120.690312,24.16281,3
9743,66000,387130000C,(04)23274275,(04)23288582,2025,7,26,14,42,臺中市,烏日區,0,1,0,7,2,6,50,13,9,1,5,4,6,6,4,4,1,4,5,2,18,2,9,5,4,F01,7,9,7,21,1,14,,84,84,1,12,4,120.616825,24.109939,2
9744,66000,387130000C,(04)23274275,(04)23288582,2025,7,26,14,43,臺中市,東區,0,1,0,7,2,6,50,4,1,1,5,4,6,6,2,1,3,4,5,2,17,2,9,2,1,C03,7,9,1,10,1,11,,21,21,1,13,4,120.690426,24.138608,2