序號,縣市別代碼,機關代碼,市話,傳真,年,月,日,時,分,縣市,區,死亡數量,受傷數量,2-30,天候,道路照明設備,道路類別,道路速限,道路型態,事故位置,路面鋪裝,路面狀態,路面缺陷,障礙物,視距,號誌種類,號誌動作,分向設施,快車道或一般車道間,快慢車道間,路面邊線,事故類型及型態,受傷程度,主要傷處,保護裝備,行動電話或功能裝置,當事者區分(類別),車輛用途,當事者行動狀態,駕照狀態,駕照種類,飲酒情形,車輛撞擊部位最初,車輛撞擊部位其他,肇事因素個別,肇事因素主要,肇事逃逸,職業,共享經濟或外送平台,GPS座標X,GPS座標Y,事故類別
9745,66000,387130000C,(04)23274275,(04)23288582,2025,7,26,14,44,臺中市,北屯區,0,1,0,6,2,6,40,3,2,1,5,4,6,6,4,4,1,4,5,2,12,3,10,3,1,B03,7,8,1,8,2,2,,43,43,1,13,4,120.721178,24.178847,2
9746,66000,387130000C,(04)23274275,(04)23288582,2025,7,26,14,48,臺中市,烏日區,0,1,0,7,3,6,50,13,8,1,5,4,6,6,4,4,1,4,4,2,12,3,10,1,1,C03,7,9,1,10,2,11,,85,85,1,5,4,120.632742,24.110091,2
9747,66000,387130000C,(04)23274275,(04)23288582,2025,7,26,14,50,臺中市,北區,0,0,0,7,,,1,,,,,,,,,,,,,,17,,,,,C03,,,1,,2,,,59,59,1,12,4,120.684914,24.16767,3
9748,66000,387130000C,(04)23274275,(04)23288582,2025,7,26,14,50,臺中市,南屯區,0,0,0,7,,,40,,,,,,,,,,,,,,,,,,,B03,,,1,,1,,,50,50,1,6,4,120.634095,24.158268,3
9749,66000,387130000C,(04)23274275,(04)23288582,2025,7,26,14,50,臺中市,北屯區,0,0,0,7,,,50,,,,,,,,,,,,,,9,,,,,B03,,,1,,1,,,51,51,1,6,4,120.682548,24.171382,3
9750,66000,387130000C,(04)23274275,(04)23288582,2025,7,26,14,52,臺中市,南區,0,0,0,7,,,50,,,,,,,,,,,,,,13,,,,,C03,,,1,,11,,,84,84,1,12,4,120.669346,24.128843,3
9751,66000,387130000C,(04)23274275,(04)23288582,2025,7,26,14,53,臺中市,豐原區,0,0,0,6,,,30,,,,,,,,,,,,,,,,,,,B03,,,1,,9,,,84,84,1,12,4,120.737544,24.243052,3
9752,66000,387130000C,(04)23274275,(04)23288582,2025,7,26,14,59,臺中市,北屯區,0,1,0,6,2,6,50,13,9,1,5,4,6,6,1,1,5,4,5,2,13,2,8,2,1,C03,7,9,1,10,2,12,,7,7,1,12,4,120.744886,24.187721,2
9753,66000,387130000C,(04)23274275,(04)23288582,2025,7,26,15,0,臺中市,北區,0,1,0,7,3,6,50,3,1,1,5,4,6,6,4,4,10,5,5,2,17,3,10,5,4,B03,7,5,1,8,2,2,,47,47,1,13,4,120.665453,24.159301,2
9754,66000,387130000C,(04)23274275,(04)23288582,2025,7,26,15,5,臺中市,西區,0,0,0,7,,,50,,,,,,,,,,,,,,,,,,,B03,,,1,,1,,,49,49,1,6,4,120.662442,24.134967,3
9755,66000,387130000C,(04)23274275,(04)23288582,2025,7,26,15,6,臺中市,北區,0,0,0,7,3,6,50,18,2,1,5,4,6,6,4,4,3,5,5,2,17,,,,,C03,,,1,,1,,,8,8,1,13,4,120.685676,24.143202,4
9756,66000,387130000C,(04)23274275,(04)23288582,2025,7,26,15,9,臺中市,西屯區,0,2,0,7,2,6,50,5,1,1,5,4,6,6,1,1,10,5,5,2,16,3,10,5,4,B03,7,5,1,8,1,2,,47,47,1,12,4,120.665366,24.166799,2
9757,66000,387130000C,(04)23274275,(04)23288582,2025,7,26,15,12,臺中市,霧峰區,0,1,0,7,3,6,50,3,1,1,5,4,6,6,1,1,10,5,5,2,16,3,10,1,1,C03,7,9,1,8,2,11,,84,84,1,13,4,120.691926,24.042729,2
9758,66000,387130000C,(04)23274275,(04)23288582,2025,7,26,15,13,臺中市,西區,0,0,0,7,,,50,,,,,,,,,,,,,,,,,,,B03,,,1,,1,,,40,40,1,12,4,120.659687,24.157317,3
9759,66000,387130000C,(04)23274275,(04)23288582,2025,7,26,15,16,臺中市,東勢區,0,1,0,5,3,6,50,13,9,1,4,4,3,6,4,4,10,5,5,1,12,2,8,5,4,C03,7,9,1,10,2,14,,8,8,1,12,4,120.831643,24.245052,2
9760,66000,387130000C,(04)23274275,(04)23288582,2025,7,26,15,22,臺中市,南屯區,0,0,0,7,,,50,,,,,,,,,,,,,,,,,,,B03,,,1,,1,,,49,49,1,12,4,120.635174,24.140634,3
9761,66000,387130000C,(04)23274275,(04)23288582,2025,7,26,15,23,臺中市,西區,0,2,0,7,2,6,50,4,1,1,5,4,6,6,4,4,10,5,5,2,17,3,10,3,1,B01,7,9,1,4,2,5,,20,20,1,12,4,120.658804,24.150174,2
9762,66000,387130000C,(04)23274275,(04)23288582,2025,7,26,15,24,臺中市,東區,0,0,0,7,,,50,,,,,,,,,,,,,,17,,,,,B03,,,1,,1,,,51,51,1,12,4,120.70133,24.143805,3
9763,66000,387130000C,(04)23274275,(04)23288582,2025,7,26,15,27,臺中市,西屯區,0,0,0,7,,,50,,,,,,,,,,,,,,12,,,,,B03,,,1,,1,,,7,7,1,13,4,120.652321,24.206362,3
9764,66000,387130000C,(04)23274275,(04)23288582,2025,7,26,15,27,臺中市,霧峰區,0,1,0,6,2,6,50,4,1,1,5,4,6,6,1,1,10,5,5,1,17,3,10,1,1,C03,7,15,1,10,2,13,,1,1,1,13,4,120.662997,24.059765,2
9765,66000,387130000C,(04)23274275,(04)23288582,2025,7,26,15,30,臺中市,大肚區,0,0,0,7,2,6,60,13,7,1,5,4,6,6,,1,1,4,1,2,13,3,10,3,1,B12,7,9,1,8,1,1,,84,84,1,6,4,120.582301,24.17081,3
9766,66000,387130000C,(04)23274275,(04)23288582,2025,7,26,15,31,臺中市,西屯區,0,0,0,7,,,40,,,,,,,,,,,,,,,,,,,B12,,,1,7,2,,,8,8,1,13,4,120.641966,24.201867,3
9767,66000,387130000C,(04)23274275,(04)23288582,2025,7,26,15,31,臺中市,西屯區,0,0,0,7,,,50,,,,,,,,,,,,,,13,,,,,B12,,,1,,1,,,59,59,1,12,4,120.663397,24.163737,3
9768,66000,387130000C,(04)23274275,(04)23288582,2025,7,26,15,34,臺中市,沙鹿區,0,0,0,7,,,50,,,,,,,,,,,,,,,,,,,B03,,,1,,2,,,59,59,1,13,4,120.571192,24.21519,3
9769,66000,387130000C,(04)23274275,(04)23288582,2025,7,26,15,39,臺中市,西區,0,1,0,7,2,6,50,4,1,1,5,4,6,6,1,1,10,5,5,2,17,3,10,3,1,B03,7,5,1,8,2,5,,39,39,1,13,4,120.671191,24.137237,2
9770,66000,387130000C,(04)23274275,(04)23288582,2025,7,26,15,45,臺中市,東區,0,1,0,7,2,6,50,13,9,1,5,4,6,6,4,4,9,4,5,2,17,3,10,3,1,B03,7,1,1,8,2,16,,51,51,1,12,4,120.701596,24.141292,2
9771,66000,387130000C,(04)23274275,(04)23288582,2025,7,26,15,45,臺中市,龍井區,0,1,0,7,2,6,50,4,1,1,5,4,6,6,2,1,5,5,5,2,16,3,10,3,1,B03,7,6,1,8,2,5,,11,11,1,6,4,120.584461,24.181915,2
9772,66000,387130000C,(04)23274275,(04)23288582,2025,7,26,15,52,臺中市,北區,0,1,0,7,3,6,30,18,9,1,5,4,6,6,4,4,7,4,5,2,17,2,9,5,4,C03,7,15,1,10,2,11,,7,7,1,13,4,120.667586,24.157211,2
9773,66000,387130000C,(04)23274275,(04)23288582,2025,7,26,15,53,臺中市,北區,0,0,0,7,3,9,50,13,24,1,5,4,6,6,4,4,10,5,5,2,17,,,,,C03,,,1,,2,,,8,8,1,13,4,120.681093,24.161064,4
9774,66000,387130000C,(04)23274275,(04)23288582,2025,7,26,15,53,臺中市,后里區,0,1,0,6,2,6,40,4,1,1,5,4,6,6,4,4,5,2,5,1,17,2,9,1,1,C03,7,6,1,10,2,11,12,12,12,1,6,4,120.723426,24.333346,2
9775,66000,387130000C,(04)23274275,(04)23288582,2025,7,26,15,53,臺中市,大甲區,0,0,0,7,,,50,,,,,,,,,,,,,,,,,,,B03,,,1,,1,,,51,51,1,5,4,120.623497,24.341377,3
9776,66000,387130000C,(04)23274275,(04)23288582,2025,7,26,15,55,臺中市,沙鹿區,0,0,0,7,2,6,50,13,9,1,5,4,6,6,4,4,4,4,5,2,12,,,,,B03,,,1,,2,,,50,50,1,12,4,120.572016,24.229756,3
9777,66000,387130000C,(04)23274275,(04)23288582,2025,7,26,16,0,臺中市,西區,0,0,0,7,,,50,,,,,,,,,,,,,,,,,,,B12,,,1,,1,,,49,49,1,6,4,120.681013,24.141138,3
9778,66000,387130000C,(04)23274275,(04)23288582,2025,7,26,16,3,臺中市,龍井區,0,0,0,7,2,6,50,4,2,1,5,4,6,6,4,4,5,4,5,1,14,3,10,3,1,B03,7,2,1,8,2,6,,49,49,1,6,4,120.583801,24.180919,3
9779,66000,387130000C,(04)23274275,(04)23288582,2025,7,26,16,5,臺中市,南區,0,0,0,7,,,40,,,,,,,,,,,,,,17,,,,,B12,,,1,,1,,,84,84,1,12,4,120.656161,24.114095,3
9780,66000,387130000C,(04)23274275,(04)23288582,2025,7,26,16,5,臺中市,北屯區,0,1,0,7,3,6,50,4,1,1,5,4,6,6,1,1,10,5,5,2,16,3,10,3,1,B01,7,6,1,4,2,6,,11,11,1,12,4,120.72084,24.176719,2
9781,66000,387130000C,(04)23274275,(04)23288582,2025,7,26,16,10,臺中市,大里區,0,1,0,7,2,6,50,4,1,1,5,4,6,6,1,1,10,5,5,2,15,3,10,3,1,B03,7,9,1,8,2,1,,21,21,1,12,4,120.68959,24.107805,2
9782,66000,387130000C,(04)23274275,(04)23288582,2025,7,26,16,12,臺中市,西屯區,0,0,0,7,,,30,,,,,,,,,,,,,,,,,,,B03,,,1,,1,,,59,59,1,12,4,120.653266,24.156752,3
9783,66000,387130000C,(04)23274275,(04)23288582,2025,7,26,16,15,臺中市,沙鹿區,0,0,0,7,2,6,50,13,9,1,5,4,6,6,4,4,4,5,5,2,12,,,,,B03,,,1,,2,,,8,8,1,12,4,120.560626,24.235486,3
9784,66000,387130000C,(04)23274275,(04)23288582,2025,7,26,16,16,臺中市,梧棲區,0,1,0,7,3,6,50,13,9,1,5,4,6,6,4,4,5,5,5,1,3,2,9,6,5,H01,8,18,7,21,10,17,,95,95,1,6,5,120.539687,24.252989,2
9785,66000,387130000C,(04)23274275,(04)23288582,2025,7,26,16,19,臺中市,大雅區,0,0,0,6,,,30,,,,,,,,,,,,,,17,,,,,B03,,,1,,2,,,84,84,1,13,4,120.670012,24.238058,3
9786,66000,387130000C,(04)23274275,(04)23288582,2025,7,26,16,22,臺中市,西屯區,0,0,0,7,2,6,50,4,1,1,5,4,,6,2,1,1,4,1,2,13,,,,,B13,,,1,,1,,,7,7,1,13,4,120.629414,24.162809,3
9787,66000,387130000C,(04)23274275,(04)23288582,2025,7,26,16,27,臺中市,北區,0,1,0,7,3,6,50,4,1,1,5,4,6,6,4,4,5,5,5,2,15,2,7,2,1,C03,7,9,1,10,2,11,,12,12,1,12,4,120.673284,24.15223,2
9788,66000,387130000C,(04)23274275,(04)23288582,2025,7,26,16,28,臺中市,外埔區,0,1,0,7,2,6,50,3,1,1,5,4,6,6,1,1,1,1,4,1,16,3,10,3,1,B03,7,5,1,5,2,2,,11,11,1,12,4,120.640011,24.341226,2
9789,66000,387130000C,(04)23274275,(04)23288582,2025,7,26,16,29,臺中市,潭子區,0,2,0,7,3,6,50,11,9,1,5,4,6,6,4,4,5,5,5,1,17,2,8,2,1,C03,7,9,1,10,1,14,,84,84,1,13,4,120.711397,24.216295,2
9790,66000,387130000C,(04)23274275,(04)23288582,2025,7,26,16,32,臺中市,北屯區,0,0,0,7,,,50,,,,,,,,,,,,,,13,,,,,B03,,,1,,1,,,59,59,1,13,4,120.694724,24.184985,4
9791,66000,387130000C,(04)23274275,(04)23288582,2025,7,26,16,32,臺中市,西屯區,0,0,0,7,,,30,,,,,,,,,,,,,,17,,,,,B12,,,1,,2,,,8,8,1,13,4,120.635798,24.165782,3
9792,66000,387130000C,(04)23274275,(04)23288582,2025,7,26,16,36,臺中市,西區,0,0,0,7,,,50,,,,,,,,,,,,,,,,,,,C03,,,1,,2,,,68,68,1,12,4,120.674374,24.142401,3
9793,66000,387130000C,(04)23274275,(04)23288582,2025,7,26,16,40,臺中市,南屯區,0,2,0,7,2,6,50,3,1,1,5,4,6,6,4,4,9,4,5,2,11,2,9,1,1,C03,7,9,1,10,2,11,,12,12,1,12,4,120.585512,24.138892,2
9794,66000,387130000C,(04)23274275,(04)23288582,2025,7,26,16,41,臺中市,北屯區,0,0,0,7,,,30,,,,,,,,,,,,,,30,,,,,B03,,,1,,2,,,59,59,1,13,4,120.695549,24.18607,3
9795,66000,387130000C,(04)23274275,(04)23288582,2025,7,26,16,44,臺中市,西屯區,0,0,0,7,,,50,,,,,,,,,,,,,,13,,,,,C03,,,1,,1,,,59,59,1,13,4,120.613934,24.18457,3
9796,66000,387130000C,(04)23274275,(04)23288582,2025,7,26,16,44,臺中市,西屯區,0,0,0,7,,,50,,,,,,,,,,,,,,16,,,,,C03,,,1,,1,,,40,40,1,12,4,120.617498,24.185346,3
9797,66000,387130000C,(04)23274275,(04)23288582,2025,7,26,17,0,臺中市,沙鹿區,0,0,0,7,,,70,,,,,,,,,,,,,,,,,,,B02,,,1,,1,,,82,82,1,12,4,120.606321,24.247247,3
9798,66000,387130000C,(04)23274275,(04)23288582,2025,7,26,17,4,臺中市,太平區,0,0,0,7,,,50,,,,,,,,,,,,,,,,,,,C03,,,3,,2,,,84,84,1,12,4,120.712657,24.145139,3
9799,66000,387130000C,(04)23274275,(04)23288582,2025,7,26,17,9,臺中市,西屯區,0,0,0,7,,,50,,,,,,,,,,,,,,13,,,,,B03,,,1,,1,,,59,59,1,12,4,120.661548,24.170744,3
9800,66000,387130000C,(04)23274275,(04)23288582,2025,7,26,17,29,臺中市,西屯區,0,0,0,7,,,30,,,,,,,,,,,,,,,,,,,C03,,,1,,1,,,7,7,1,13,4,120.661127,24.202293,3
9801,66000,387130000C,(04)23274275,(04)23288582,2025,7,26,17,29,臺中市,霧峰區,0,0,0,7,,,50,,,,,,,,,,,,,,,,,,,F01,,,7,,2,,,42,42,1,12,1,120.700325,24.059828,3
9802,66000,387130000C,(04)23274275,(04)23288582,2025,7,26,17,29,臺中市,龍井區,0,1,0,7,2,6,60,4,1,1,5,4,6,6,2,1,3,5,5,2,17,3,10,3,1,B03,7,7,1,8,2,6,,20,20,1,6,4,120.575677,24.177434,2
9803,66000,387130000C,(04)23274275,(04)23288582,2025,7,26,17,34,臺中市,大雅區,0,1,0,7,2,6,50,13,9,1,5,4,6,6,4,4,4,3,5,1,14,3,10,3,1,B03,7,2,1,8,2,16,,85,85,1,13,4,120.653612,24.223454,2
9804,66000,387130000C,(04)23274275,(04)23288582,2025,7,26,17,44,臺中市,潭子區,0,0,0,5,,,50,,,,,,,,,,,,,,,,,,,B12,,,1,,2,,,8,8,2,13,4,120.692635,24.216751,3
9805,66000,387130000C,(04)23274275,(04)23288582,2025,7,26,17,50,臺中市,烏日區,0,1,0,7,3,6,50,3,2,1,5,4,6,6,4,4,1,4,2,1,12,2,9,2,1,C03,7,9,1,10,2,14,,37,37,1,6,4,120.587269,24.11345,2
9806,66000,387130000C,(04)23274275,(04)23288582,2025,7,26,17,51,臺中市,北屯區,0,3,0,7,2,6,50,4,2,1,5,4,6,6,2,1,1,2,5,2,12,3,10,2,1,C03,7,7,3,19,2,13,,40,40,1,12,4,120.671828,24.174117,2
9807,66000,387130000C,(04)23274275,(04)23288582,2025,7,26,17,54,臺中市,西屯區,0,1,0,7,1,6,30,4,1,1,5,4,6,6,4,4,10,5,5,1,15,3,10,2,1,C03,7,9,1,10,2,14,,12,12,1,12,4,120.644425,24.179678,2
9808,66000,387130000C,(04)23274275,(04)23288582,2025,7,26,17,55,臺中市,大里區,0,0,0,7,,,50,,,,,,,,,,,,,,,,,,,F01,,,1,,2,,,48,48,1,12,4,120.676998,24.099416,3
9809,66000,387130000C,(04)23274275,(04)23288582,2025,7,26,18,4,臺中市,潭子區,0,1,0,7,3,6,50,13,7,1,5,4,6,6,4,4,5,4,4,2,17,2,9,5,1,F01,7,6,7,21,2,14,,44,44,1,13,4,120.690775,24.213396,2
9810,66000,387130000C,(04)23274275,(04)23288582,2025,7,26,18,4,臺中市,南區,0,0,0,7,,,50,,,,,,,,,,,,,,13,,,,,B03,,,1,,1,,,84,84,1,12,4,120.670095,24.119043,3
9811,66000,387130000C,(04)23274275,(04)23288582,2025,7,26,18,5,臺中市,霧峰區,0,1,0,7,3,6,40,13,9,1,5,4,6,6,4,4,9,5,5,1,16,3,10,1,1,C03,7,1,1,10,2,11,,84,84,1,13,4,120.692576,24.066238,2
9812,66000,387130000C,(04)23274275,(04)23288582,2025,7,26,18,9,臺中市,南屯區,0,0,0,7,,,50,,,,,,,,,,,,,,13,,,,,B03,,,1,,1,,,7,7,1,12,4,120.634069,24.158421,3
9813,66000,387130000C,(04)23274275,(04)23288582,2025,7,26,18,16,臺中市,北區,0,0,0,7,,,50,,,,,,,,,,,,,,13,,,,,A02,,,1,,2,,,84,84,1,12,4,120.683026,24.147395,3
9814,66000,387130000C,(04)23274275,(04)23288582,2025,7,26,18,18,臺中市,西區,0,0,0,7,,,50,,,,,,,,,,,,,,,,,,,,,,,,,,,119,119,1,,,120.655423,24.145043,3
9815,66000,387130000C,(04)23274275,(04)23288582,2025,7,26,18,20,臺中市,太平區,0,1,0,7,2,6,30,11,9,1,5,4,6,6,4,4,10,5,5,1,17,3,10,2,1,C03,7,6,1,10,2,12,,20,20,1,12,4,120.728922,24.140668,2
9816,66000,387130000C,(04)23274275,(04)23288582,2025,7,26,18,30,臺中市,西屯區,0,0,0,7,1,6,50,13,9,1,5,4,6,6,4,4,9,5,5,2,14,,,,,B03,,,1,,1,,,49,49,1,13,4,120.642919,24.182853,3
9817,66000,387130000C,(04)23274275,(04)23288582,2025,7,26,18,35,臺中市,西屯區,0,2,0,7,1,6,50,5,9,1,5,4,6,6,2,1,3,4,5,2,13,2,9,1,1,C03,7,9,1,10,1,11,,7,7,1,13,4,120.659297,24.193299,2
9818,66000,387130000C,(04)23274275,(04)23288582,2025,7,26,18,43,臺中市,北區,0,0,0,7,,,40,,,,,,,,,,,,,,17,,,,,B03,,,1,,9,,,8,8,1,13,4,120.678964,24.171314,3
9819,66000,387130000C,(04)23274275,(04)23288582,2025,7,26,18,45,臺中市,北區,0,1,0,7,3,6,50,13,9,1,5,4,6,6,4,4,10,4,5,2,17,2,8,5,4,C03,7,9,1,10,2,12,,8,8,1,13,4,120.689219,24.154434,2
9820,66000,387130000C,(04)23274275,(04)23288582,2025,7,26,18,48,臺中市,東區,0,4,0,7,1,6,50,13,9,1,5,4,6,6,4,4,9,4,5,2,17,3,10,3,1,B03,7,6,1,8,2,16,,39,39,1,12,4,120.709828,24.140808,2
9821,66000,387130000C,(04)23274275,(04)23288582,2025,7,26,18,48,臺中市,太平區,0,1,0,7,1,6,50,13,9,1,5,4,6,6,2,1,4,2,5,2,10,2,9,3,4,B02,7,9,1,8,2,8,,39,39,1,12,4,120.700698,24.148088,2
9822,66000,387130000C,(04)23274275,(04)23288582,2025,7,26,18,53,臺中市,北區,0,1,0,7,3,6,50,13,24,1,5,4,6,6,4,4,10,5,5,2,17,3,10,5,4,C03,7,9,1,10,2,14,,8,8,1,13,4,120.700241,24.154114,2
9823,66000,387130000C,(04)23274275,(04)23288582,2025,7,26,18,54,臺中市,南屯區,0,0,0,7,,,50,,,,,,,,,,,,,,14,,,,,B03,,,1,,1,,,49,49,1,13,4,120.650608,24.142939,3
9824,66000,387130000C,(04)23274275,(04)23288582,2025,7,26,18,57,臺中市,霧峰區,0,2,0,6,1,6,50,4,1,1,5,4,6,6,1,1,10,5,5,1,17,2,9,1,1,C03,7,9,1,10,2,14,,7,7,1,13,4,120.684944,24.06558,2
9825,66000,387130000C,(04)23274275,(04)23288582,2025,7,26,18,57,臺中市,太平區,0,0,0,7,,,50,,,,,,,,,,,,,,12,,,,,B03,,,1,,2,,,8,8,1,6,4,120.700698,24.148088,3
9826,66000,387130000C,(04)23274275,(04)23288582,2025,7,26,19,0,臺中市,太平區,0,0,0,7,,,50,,,,,,,,,,,,,,,,,,,B03,,,1,,2,,,20,20,1,12,4,120.715054,24.146972,3
9827,66000,387130000C,(04)23274275,(04)23288582,2025,7,26,19,2,臺中市,神岡區,0,0,0,7,,,50,,,,,,,,,,,,,,13,,,,,C03,,,3,,2,,,7,7,1,12,4,120.685166,24.241632,3
9828,66000,387130000C,(04)23274275,(04)23288582,2025,7,26,19,8,臺中市,東區,0,3,0,7,1,6,50,4,1,1,5,4,6,6,1,1,10,5,5,2,16,2,2,3,1,B03,7,6,1,7,2,6,,11,11,1,13,4,120.700722,24.127289,2
9829,66000,387130000C,(04)23274275,(04)23288582,2025,7,26,19,11,臺中市,大里區,0,0,0,7,,,50,,,,,,,,,,,,,,15,,,,,B03,,,1,,2,,,47,47,1,12,4,120.6747,24.097984,3
9830,66000,387130000C,(04)23274275,(04)23288582,2025,7,26,19,14,臺中市,北屯區,0,0,0,7,,,40,,,,,,,,,,,,,,,,,,,B03,,,1,,9,,,84,84,1,12,4,120.690354,24.175458,3
9831,66000,387130000C,(04)23274275,(04)23288582,2025,7,26,19,16,臺中市,北屯區,0,2,0,7,1,6,50,4,1,1,5,4,6,6,1,1,10,5,5,2,15,2,9,6,1,F01,7,9,7,21,2,12,,21,21,1,3,4,120.722543,24.176029,2
9832,66000,387130000C,(04)23274275,(04)23288582,2025,7,26,19,30,臺中市,烏日區,0,0,0,7,,,50,,,,,,,,,,,,,,11,,,,,B03,,,1,,1,,,8,8,1,6,4,120.631521,24.10908,3
9833,66000,387130000C,(04)23274275,(04)23288582,2025,7,26,19,31,臺中市,大雅區,0,0,0,7,,,70,,,,,,,,,,,,,,13,,,,,B03,,,1,,1,,,7,7,1,13,4,120.63691,24.234432,4
9834,66000,387130000C,(04)23274275,(04)23288582,2025,7,26,19,31,臺中市,大里區,0,2,0,7,1,6,50,4,1,1,5,4,6,6,1,1,10,5,5,2,17,2,9,1,1,C03,7,6,1,10,2,14,,11,11,1,12,4,120.681381,24.113101,2
9835,66000,387130000C,(04)23274275,(04)23288582,2025,7,26,19,35,臺中市,西屯區,0,0,0,7,,,50,,,,,,,,,,,,,,17,,,,,B12,,,1,,2,,,78,78,1,13,4,120.613071,24.190238,3
9836,66000,387130000C,(04)23274275,(04)23288582,2025,7,26,19,38,臺中市,太平區,0,1,0,7,1,6,50,13,9,1,5,4,6,6,4,4,5,5,5,1,16,2,9,1,1,C03,7,11,1,10,2,12,,34,34,1,12,4,120.719148,24.121968,2
9837,66000,387130000C,(04)23274275,(04)23288582,2025,7,26,19,45,臺中市,西屯區,0,0,0,7,,,0,,,,,,,,,,,,,,17,,,,,B12,,,1,,1,,,78,78,1,12,4,120.646241,24.168534,3
9838,66000,387130000C,(04)23274275,(04)23288582,2025,7,26,19,48,臺中市,東區,0,1,0,7,1,6,50,13,9,1,5,4,6,6,4,4,5,5,5,2,13,2,9,2,1,F03,7,9,7,21,2,11,,84,84,1,12,4,120.701241,24.126012,2
9839,66000,387130000C,(04)23274275,(04)23288582,2025,7,26,19,52,臺中市,大里區,0,0,0,7,,,50,,,,,,,,,,,,,,,,,,,B03,,,1,,2,,,85,85,1,12,4,120.679841,24.115802,3
9840,66000,387130000C,(04)23274275,(04)23288582,2025,7,26,19,54,臺中市,西屯區,0,1,0,7,1,6,30,13,9,1,5,4,6,6,4,4,10,5,5,2,17,2,7,1,1,C03,7,9,1,10,2,14,,2,2,1,13,4,120.613195,24.171217,2
9841,66000,387130000C,(04)23274275,(04)23288582,2025,7,26,20,3,臺中市,西屯區,0,0,0,7,,,50,,,,,,,,,,,,,,,,,,,B03,,,1,,1,,,59,59,1,12,4,120.638827,24.180171,3
9842,66000,387130000C,(04)23274275,(04)23288582,2025,7,26,20,8,臺中市,西區,0,0,0,7,,,60,,,,,,,,,,,,,,12,,,,,B03,,,1,,11,,,40,40,2,12,4,120.667054,24.152433,3
9843,66000,387130000C,(04)23274275,(04)23288582,2025,7,26,20,9,臺中市,烏日區,0,0,0,7,,,50,,,,,,,,,,,,,,14,,,,,C03,,,1,,2,,,49,49,1,6,4,120.634121,24.10684,3
9844,66000,387130000C,(04)23274275,(04)23288582,2025,7,26,20,13,臺中市,大雅區,0,0,0,7,,,60,,,,,,,,,,,,,,12,,,,,B03,,,1,,1,,,8,8,1,13,4,120.648002,24.220316,3
9845,66000,387130000C,(04)23274275,(04)23288582,2025,7,26,20,18,臺中市,南屯區,0,1,0,7,2,6,50,4,2,1,5,4,6,6,2,1,9,5,3,2,12,2,9,1,1,C03,7,9,1,10,1,11,,7,7,1,12,4,120.646802,24.146809,2
9846,66000,387130000C,(04)23274275,(04)23288582,2025,7,26,20,19,臺中市,西屯區,0,1,0,7,1,6,40,13,8,1,5,4,6,6,4,4,1,4,1,2,13,2,8,1,1,C03,7,9,1,10,1,11,,59,59,1,5,4,120.644526,24.164305,2
9847,66000,387130000C,(04)23274275,(04)23288582,2025,7,26,20,19,臺中市,西屯區,0,0,0,7,,6,30,13,9,1,5,4,6,6,4,4,10,5,5,2,11,,,,,B03,,,1,,1,,,8,8,1,13,4,120.646977,24.181935,3
9848,66000,387130000C,(04)23274275,(04)23288582,2025,7,26,20,23,臺中市,西區,0,0,0,7,,,50,,,,,,,,,,,,,,,,,,,B02,,,1,,2,,,40,40,1,6,4,120.657375,24.146713,3
9849,66000,387130000C,(04)23274275,(04)23288582,2025,7,26,20,29,臺中市,西屯區,0,0,0,7,,,50,,,,,,,,,,,,,,12,,,,,B03,,,3,,2,,,8,8,1,12,4,120.640753,24.173561,3
9850,66000,387130000C,(04)23274275,(04)23288582,2025,7,26,20,30,臺中市,大雅區,0,1,0,7,1,6,50,4,2,1,5,4,6,6,1,1,1,4,4,1,12,4,11,3,1,B03,7,5,1,8,2,2,,22,22,1,13,4,120.652391,24.221263,2
9851,66000,387130000C,(04)23274275,(04)23288582,2025,7,26,20,37,臺中市,北屯區,0,1,0,7,1,6,50,4,1,1,5,4,6,6,2,1,10,5,5,2,3,3,10,3,1,B03,7,6,1,8,2,1,,10,10,1,13,4,120.695172,24.183202,2
9852,66000,387130000C,(04)23274275,(04)23288582,2025,7,26,20,40,臺中市,西區,0,1,0,7,1,6,50,4,1,1,5,4,6,6,1,1,10,5,5,2,15,3,10,1,1,C03,7,9,1,10,2,12,,21,21,1,6,4,120.657395,24.142945,2
9853,66000,387130000C,(04)23274275,(04)23288582,2025,7,26,20,40,臺中市,西屯區,0,0,0,7,,,40,,,,,,,,,,,,,,16,,,,,B03,,,1,,1,,,45,45,1,13,4,120.640476,24.175862,3
9854,66000,387130000C,(04)23274275,(04)23288582,2025,7,26,20,52,臺中市,西區,0,0,0,7,,,50,,,,,,,,,,,,,,,,,,,B01,,,1,,1,,,7,7,1,12,4,120.673296,24.147319,3
9855,66000,387130000C,(04)23274275,(04)23288582,2025,7,26,20,57,臺中市,東區,0,0,0,7,,,50,,,,,,,,,,,,,,17,,,,,C03,,,1,,2,,,12,12,1,12,4,120.69305,24.142922,3
9856,66000,387130000C,(04)23274275,(04)23288582,2025,7,26,20,57,臺中市,太平區,0,0,0,7,,,50,,,,,,,,,,,,,,13,,,,,B03,,,1,,2,,,56,56,1,6,4,120.720094,24.149162,3