序號,縣市別代碼,機關代碼,市話,傳真,年,月,日,時,分,縣市,區,死亡數量,受傷數量,2-30,天候,道路照明設備,道路類別,道路速限,道路型態,事故位置,路面鋪裝,路面狀態,路面缺陷,障礙物,視距,號誌種類,號誌動作,分向設施,快車道或一般車道間,快慢車道間,路面邊線,事故類型及型態,受傷程度,主要傷處,保護裝備,行動電話或功能裝置,當事者區分(類別),車輛用途,當事者行動狀態,駕照狀態,駕照種類,飲酒情形,車輛撞擊部位最初,車輛撞擊部位其他,肇事因素個別,肇事因素主要,肇事逃逸,職業,共享經濟或外送平台,GPS座標X,GPS座標Y,事故類別
10080,66000,387130000C,(04)23274275,(04)23288582,2025,7,27,19,25,臺中市,沙鹿區,0,0,0,7,,,50,,,,,,,,,,,,,,11,,,,,B03,,,1,,1,,,8,8,1,6,4,120.555687,24.231999,3
10081,66000,387130000C,(04)23274275,(04)23288582,2025,7,27,19,28,臺中市,清水區,0,1,0,7,1,6,50,4,2,1,5,4,6,6,1,1,8,3,4,1,13,2,1,3,1,B03,7,9,1,8,6,1,,7,7,1,12,4,120.562822,24.263535,2
10082,66000,387130000C,(04)23274275,(04)23288582,2025,7,27,19,33,臺中市,北區,0,0,0,7,3,6,50,5,1,1,5,4,6,6,2,1,10,5,5,2,17,,,,,B01,,,1,,1,,,7,7,1,13,4,120.686072,24.154755,3
10083,66000,387130000C,(04)23274275,(04)23288582,2025,7,27,19,38,臺中市,北區,0,0,0,7,3,6,50,13,24,1,5,4,6,6,4,4,5,5,5,2,17,,,,,B03,,,1,,1,,,59,59,1,13,4,120.672284,24.170095,3
10084,66000,387130000C,(04)23274275,(04)23288582,2025,7,27,19,45,臺中市,大里區,0,2,0,7,3,6,50,13,9,1,5,4,6,6,4,4,9,5,5,2,16,2,9,1,1,F03,7,11,7,21,2,12,,27,27,1,13,4,120.709642,24.08645,2
10085,66000,387130000C,(04)23274275,(04)23288582,2025,7,27,19,46,臺中市,大甲區,0,3,0,7,1,6,50,13,9,1,5,4,6,6,4,4,5,5,5,1,16,2,8,2,1,C03,7,1,1,10,2,11,,51,51,1,6,4,120.653334,24.382878,2
10086,66000,387130000C,(04)23274275,(04)23288582,2025,7,27,19,48,臺中市,南屯區,0,1,0,7,1,6,50,13,7,1,5,4,6,6,4,4,5,5,4,2,17,2,9,2,1,C03,7,6,1,10,2,13,,48,48,1,12,4,120.616366,24.153006,2
10087,66000,387130000C,(04)23274275,(04)23288582,2025,7,27,19,52,臺中市,南屯區,0,2,0,7,2,6,40,4,1,1,5,4,6,6,2,1,1,4,4,2,16,2,8,2,1,C03,7,1,3,19,2,11,,51,51,1,13,4,120.643823,24.151024,2
10088,66000,387130000C,(04)23274275,(04)23288582,2025,7,27,19,54,臺中市,潭子區,0,0,0,7,,,60,,,,,,,,,,,,,,13,,,,,B03,,,1,,2,,,84,84,1,12,4,120.702317,24.194913,3
10089,66000,387130000C,(04)23274275,(04)23288582,2025,7,27,19,54,臺中市,北區,0,2,0,7,1,6,50,13,7,1,5,4,6,6,4,4,3,4,4,2,13,3,10,3,1,B03,7,9,1,8,2,1,,7,7,1,12,4,120.678578,24.151953,2
10090,66000,387130000C,(04)23274275,(04)23288582,2025,7,27,19,58,臺中市,大里區,0,0,0,7,,,30,,,,,,,,,,,,,,14,,,,,B03,,,1,,9,,,49,49,2,6,4,120.709011,24.085029,3
10091,66000,387130000C,(04)23274275,(04)23288582,2025,7,27,20,3,臺中市,西屯區,0,0,0,7,,,50,,,,,,,,,,,,,,13,,,,,C03,,,1,,1,,,7,7,1,13,4,120.617535,24.188511,3
10092,66000,387130000C,(04)23274275,(04)23288582,2025,7,27,20,15,臺中市,北區,0,0,0,7,,,50,,,,,,,,,,,,,,17,,,,,C03,,,1,,2,,,84,84,1,13,4,120.685748,24.152024,3
10093,66000,387130000C,(04)23274275,(04)23288582,2025,7,27,20,21,臺中市,梧棲區,0,1,0,5,1,6,50,3,1,1,4,4,6,6,4,4,10,5,5,2,16,2,9,5,1,F01,7,6,7,21,2,14,,14,14,1,6,4,120.539071,24.261004,2
10094,66000,387130000C,(04)23274275,(04)23288582,2025,7,27,20,31,臺中市,太平區,0,0,0,7,,,50,,,,,,,,,,,,,,,,,,,B03,,,1,,2,,,11,11,1,12,4,120.713683,24.125154,3
10095,66000,387130000C,(04)23274275,(04)23288582,2025,7,27,20,40,臺中市,太平區,0,0,0,7,1,6,50,5,1,1,5,4,6,6,,1,10,5,5,2,16,3,10,3,1,B03,7,6,1,8,2,5,,11,11,1,12,4,120.724779,24.149643,3
10096,66000,387130000C,(04)23274275,(04)23288582,2025,7,27,20,45,臺中市,沙鹿區,0,1,0,5,1,6,40,4,1,1,4,4,6,6,1,1,10,5,5,2,17,2,9,1,1,C03,7,9,3,19,2,12,,7,7,1,12,4,120.597549,24.25007,2
10097,66000,387130000C,(04)23274275,(04)23288582,2025,7,27,21,0,臺中市,北區,0,0,0,5,3,6,50,18,24,1,5,4,6,6,4,4,10,5,5,2,17,,,,,C03,,,1,,1,,,85,85,1,13,4,120.666817,24.160772,3
10098,66000,387130000C,(04)23274275,(04)23288582,2025,7,27,21,3,臺中市,大雅區,0,1,0,5,1,6,50,13,9,1,4,4,6,6,4,4,5,4,5,1,17,2,9,1,1,C03,7,12,1,10,2,11,,7,7,1,12,4,120.657239,24.223095,2
10099,66000,387130000C,(04)23274275,(04)23288582,2025,7,27,21,8,臺中市,西區,0,1,0,7,1,6,50,3,2,1,5,4,6,6,4,4,5,2,4,2,13,2,8,1,1,C04,7,9,1,10,2,11,,7,7,1,6,4,120.671767,24.145196,2
10100,66000,387130000C,(04)23274275,(04)23288582,2025,7,27,21,14,臺中市,西區,0,0,0,5,,,30,,,,,,,,,,,,,,9,,,,,B03,,,1,,2,,,84,84,1,12,4,120.665775,24.13728,3
10101,66000,387130000C,(04)23274275,(04)23288582,2025,7,27,21,14,臺中市,北屯區,0,1,0,5,1,6,50,4,1,1,4,4,6,6,4,4,10,5,5,2,18,2,9,2,1,C03,7,5,1,10,2,14,,59,59,1,13,4,120.684598,24.17086,2
10102,66000,387130000C,(04)23274275,(04)23288582,2025,7,27,21,15,臺中市,西屯區,0,0,0,5,,,50,,,,,,,,,,,,,,17,,,,,B03,,,1,,2,,,14,14,1,13,4,120.651394,24.163942,3
10103,66000,387130000C,(04)23274275,(04)23288582,2025,7,27,21,16,臺中市,北區,0,1,0,5,1,6,50,4,1,1,4,4,6,6,1,1,10,5,5,2,18,2,9,5,4,C03,7,9,1,10,2,14,,84,84,1,13,4,120.674407,24.171492,2
10104,66000,387130000C,(04)23274275,(04)23288582,2025,7,27,21,18,臺中市,南屯區,0,0,0,7,,,50,,,,,,,,,,,,,,17,,,,,B01,,,1,,2,,,84,84,1,6,4,120.623132,24.149619,3
10105,66000,387130000C,(04)23274275,(04)23288582,2025,7,27,21,19,臺中市,西區,0,1,0,5,1,6,50,4,1,1,4,4,6,6,1,1,10,5,5,2,16,3,10,5,1,B03,7,6,1,8,2,4,,65,65,1,6,4,120.660597,24.154285,2
10106,66000,387130000C,(04)23274275,(04)23288582,2025,7,27,21,28,臺中市,西區,0,0,0,5,1,6,50,13,9,1,4,4,6,6,4,4,9,5,5,2,17,,,,,B03,,,1,,2,,,50,50,1,13,4,120.659766,24.154341,3
10107,66000,387130000C,(04)23274275,(04)23288582,2025,7,27,21,32,臺中市,太平區,0,0,0,5,,,50,,,,,,,,,,,,,,,,,,,B03,,,1,,2,,,12,12,1,12,4,120.720444,24.152813,3
10108,66000,387130000C,(04)23274275,(04)23288582,2025,7,27,21,40,臺中市,北屯區,0,1,0,5,1,6,50,11,9,1,4,4,6,6,4,4,5,4,5,1,20,2,1,3,1,B03,7,6,1,8,2,5,,84,84,1,12,4,120.786953,24.201791,2
10109,66000,387130000C,(04)23274275,(04)23288582,2025,7,27,21,42,臺中市,南區,0,0,0,5,,,50,,,,,,,,,,,,,,12,,,,,B03,,,1,,1,,,8,8,1,13,4,120.665642,24.123551,3
10110,66000,387130000C,(04)23274275,(04)23288582,2025,7,27,21,43,臺中市,西區,0,2,0,5,1,6,50,4,1,1,4,4,6,6,1,1,10,5,5,2,15,2,9,6,1,F01,7,9,7,21,2,12,,21,21,1,13,4,120.669812,24.149577,2
10111,66000,387130000C,(04)23274275,(04)23288582,2025,7,27,22,0,臺中市,南屯區,0,1,0,5,1,6,50,4,1,1,4,4,6,6,4,4,5,5,5,2,17,2,8,2,1,C03,7,9,1,10,2,12,,85,85,1,12,4,120.639306,24.137679,2
10112,66000,387130000C,(04)23274275,(04)23288582,2025,7,27,22,0,臺中市,西屯區,0,2,0,7,1,6,40,13,12,1,4,4,6,6,4,4,1,4,4,2,18,2,9,5,4,C03,7,9,1,10,2,14,,59,59,1,12,4,120.642433,24.158551,2
10113,66000,387130000C,(04)23274275,(04)23288582,2025,7,27,22,4,臺中市,大里區,0,0,0,5,,,30,,,,,,,,,,,,,,17,,,,,B03,,,1,,1,,,83,83,1,12,4,120.707294,24.091344,3
10114,66000,387130000C,(04)23274275,(04)23288582,2025,7,27,22,6,臺中市,太平區,0,0,0,5,,,30,,,,,,,,,,,,,,,,,,,B02,,,1,,9,,,49,49,1,11,4,120.733217,24.144175,3
10115,66000,387130000C,(04)23274275,(04)23288582,2025,7,27,22,7,臺中市,北區,0,2,0,5,1,6,50,4,1,1,4,4,6,6,1,1,10,5,5,2,16,2,9,1,1,C03,7,6,1,10,2,12,,48,48,1,13,4,120.684408,24.142309,2
10116,66000,387130000C,(04)23274275,(04)23288582,2025,7,27,22,12,臺中市,南屯區,0,0,0,5,,,50,,,,,,,,,,,,,,13,,,,,B03,,,1,,2,,,59,59,1,6,4,120.622822,24.150085,3
10117,66000,387130000C,(04)23274275,(04)23288582,2025,7,27,22,15,臺中市,豐原區,0,0,0,5,,,50,,,,,,,,,,,,,,17,,,,,B03,,,1,,2,,,8,8,1,13,4,120.72695,24.245212,3
10118,66000,387130000C,(04)23274275,(04)23288582,2025,7,27,22,20,臺中市,北區,0,0,0,5,,,50,,,,,,,,,,,,,,15,,,,,B03,,,1,,2,,,20,20,1,12,4,120.677627,24.15819,3
10119,66000,387130000C,(04)23274275,(04)23288582,2025,7,27,22,24,臺中市,中區,0,1,0,5,2,6,50,4,1,1,4,4,6,6,1,1,10,5,5,2,16,3,10,3,1,B03,7,6,1,8,2,8,,48,48,1,12,4,120.678351,24.146754,2
10120,66000,387130000C,(04)23274275,(04)23288582,2025,7,27,22,39,臺中市,太平區,0,0,0,5,,,50,,,,,,,,,,,,,,,,,,,C03,,,1,,2,,,59,59,1,12,4,120.713797,24.148218,3
10121,66000,387130000C,(04)23274275,(04)23288582,2025,7,27,22,52,臺中市,南屯區,0,0,0,5,,,50,,,,,,,,,,,,,,13,,,,,B03,,,1,,2,,,84,84,1,12,4,120.6468,24.1435,3
10122,66000,387130000C,(04)23274275,(04)23288582,2025,7,27,23,0,臺中市,西屯區,0,2,0,5,1,6,50,5,2,1,4,4,6,6,2,1,10,2,5,2,12,2,9,2,1,C03,7,15,1,10,2,11,,4,4,1,12,4,120.658906,24.176347,2
10123,66000,387130000C,(04)23274275,(04)23288582,2025,7,27,23,12,臺中市,南屯區,0,4,0,5,1,6,50,13,9,1,4,4,6,6,4,4,5,4,5,2,3,2,9,6,5,H01,8,16,7,21,10,17,,95,95,1,6,5,120.615594,24.14855,2
10124,66000,387130000C,(04)23274275,(04)23288582,2025,7,27,23,12,臺中市,南屯區,0,1,0,5,1,6,50,4,1,1,4,4,6,6,4,4,5,4,5,2,18,2,7,2,1,C03,7,9,1,10,2,12,,59,59,1,12,4,120.649927,24.139459,2
10125,66000,387130000C,(04)23274275,(04)23288582,2025,7,27,23,26,臺中市,潭子區,0,1,0,5,1,6,50,13,24,1,4,4,6,6,4,4,5,4,4,2,17,2,9,2,1,C03,7,9,1,10,2,11,,84,84,1,12,4,120.681566,24.207762,2
10126,66000,387130000C,(04)23274275,(04)23288582,2025,7,27,23,28,臺中市,后里區,0,1,0,5,1,6,50,13,7,1,4,4,6,6,4,4,5,4,4,1,12,3,10,3,1,B03,7,9,1,8,2,7,,84,84,1,12,4,120.710041,24.310786,2
10127,66000,387130000C,(04)23274275,(04)23288582,2025,7,27,23,48,臺中市,沙鹿區,0,1,0,5,1,6,40,3,2,1,4,4,6,6,1,1,3,4,3,2,13,2,8,2,1,C03,7,9,1,8,2,11,,7,7,1,12,4,120.580279,24.219525,2
10128,66000,387130000C,(04)23274275,(04)23288582,2025,7,27,23,51,臺中市,北區,0,0,0,5,,,50,,,,,,,,,,,,,,15,,,,,C03,,,1,,2,,,12,12,1,12,4,120.678817,24.158193,3
10129,66000,387130000C,(04)23274275,(04)23288582,2025,7,28,0,7,臺中市,烏日區,0,0,0,5,1,6,30,13,9,1,4,4,6,6,4,4,10,5,5,1,12,,,1,1,C03,7,9,1,10,9,11,12,84,84,1,6,4,120.644124,24.073071,3
10130,66000,387130000C,(04)23274275,(04)23288582,2025,7,28,0,7,臺中市,豐原區,0,1,0,5,1,6,50,13,9,1,4,4,6,6,1,1,5,4,4,2,18,2,9,1,1,C03,7,9,1,10,2,11,,84,84,1,6,4,120.715225,24.256234,2
10131,66000,387130000C,(04)23274275,(04)23288582,2025,7,28,0,16,臺中市,南屯區,0,1,0,5,1,6,50,4,1,1,4,4,6,6,3,1,5,4,5,2,15,3,10,3,1,B03,7,9,1,8,2,5,,24,24,1,12,4,120.653003,24.136701,2
10132,66000,387130000C,(04)23274275,(04)23288582,2025,7,28,0,20,臺中市,沙鹿區,0,1,0,5,1,6,60,13,7,1,4,4,6,6,4,4,1,3,5,2,23,2,3,3,1,B03,7,9,1,8,2,8,,84,84,1,12,4,120.549089,24.217179,2
10133,66000,387130000C,(04)23274275,(04)23288582,2025,7,28,0,29,臺中市,西屯區,0,2,0,5,1,3,80,13,9,1,4,4,6,6,4,4,1,3,5,2,20,2,9,5,4,B03,7,9,1,8,2,1,,84,84,1,13,4,120.634948,24.179291,2
10134,66000,387130000C,(04)23274275,(04)23288582,2025,7,28,0,43,臺中市,西屯區,0,0,0,5,,3,80,,,,,,,,,,,,,,12,,,,,B03,,,1,,2,,,84,84,1,12,4,120.657854,24.200503,3
10135,66000,387130000C,(04)23274275,(04)23288582,2025,7,28,1,52,臺中市,太平區,0,1,0,5,1,6,50,13,9,1,4,4,6,6,4,4,1,4,5,2,17,2,9,1,1,C03,7,15,1,10,2,11,,58,58,1,12,4,120.720847,24.141083,2
10136,66000,387130000C,(04)23274275,(04)23288582,2025,7,28,2,27,臺中市,西屯區,0,1,0,5,1,3,80,13,9,1,4,4,6,6,4,4,1,3,5,2,20,2,9,5,4,B03,7,9,1,8,2,1,,84,84,1,13,4,120.634948,24.179291,2
10137,66000,387130000C,(04)23274275,(04)23288582,2025,7,28,3,12,臺中市,西屯區,0,1,0,5,1,3,80,13,9,1,4,4,6,6,4,4,1,4,5,2,20,2,9,3,1,B03,7,9,1,8,2,4,,84,84,1,12,4,120.659429,24.200841,2
10138,66000,387130000C,(04)23274275,(04)23288582,2025,7,28,3,16,臺中市,北屯區,0,0,0,5,,,50,,,,,,,,,,,,,,16,,,,,B03,,,1,,2,,,51,51,1,12,4,120.660014,24.192754,3
10139,66000,387130000C,(04)23274275,(04)23288582,2025,7,28,3,20,臺中市,西屯區,0,0,0,5,,3,80,,,,,,,,,,,,,,24,,,,,B03,,,1,,2,,,84,84,1,12,4,120.656872,24.200069,3
10140,66000,387130000C,(04)23274275,(04)23288582,2025,7,28,3,32,臺中市,大里區,0,0,0,5,,,30,,,,,,,,,,,,,,,,,,,B03,,,1,,2,,,7,7,1,12,4,120.702968,24.097985,3
10141,66000,387130000C,(04)23274275,(04)23288582,2025,7,28,4,24,臺中市,西屯區,0,0,0,5,,,50,,,,,,,,,,,,,,12,,,,,B01,,,1,,2,,,8,8,1,13,4,120.64456,24.174104,3
10142,66000,387130000C,(04)23274275,(04)23288582,2025,7,28,4,35,臺中市,清水區,0,0,0,6,,,30,,,,,,,,,,,,,,,,,,,B02,,,1,,2,,,49,49,1,12,4,120.633152,24.291984,3
10143,66000,387130000C,(04)23274275,(04)23288582,2025,7,28,6,4,臺中市,西屯區,0,0,0,5,,,,,,,,,,,,,,,,,17,,,,,,,,,,,,,87,87,1,,,120.653214,24.169857,3
10144,66000,387130000C,(04)23274275,(04)23288582,2025,7,28,6,6,臺中市,西區,0,1,0,5,3,6,50,4,1,1,4,4,6,6,2,1,10,5,5,2,11,2,9,1,1,C03,7,9,1,10,2,11,,21,21,1,13,4,120.666927,24.153191,2
10145,66000,387130000C,(04)23274275,(04)23288582,2025,7,28,6,11,臺中市,烏日區,0,1,0,7,3,6,50,13,9,1,4,4,6,6,4,4,5,4,5,2,12,3,10,3,1,B12,7,7,1,7,2,5,,40,40,1,6,4,120.597886,24.11063,2
10146,66000,387130000C,(04)23274275,(04)23288582,2025,7,28,6,26,臺中市,西區,0,2,0,7,2,6,50,4,1,1,4,4,6,6,4,4,10,5,5,2,15,2,9,2,1,C03,7,9,1,10,2,12,,15,15,1,12,4,120.65625,24.135165,2
10147,66000,387130000C,(04)23274275,(04)23288582,2025,7,28,6,30,臺中市,梧棲區,0,0,0,7,,,50,,,,,,,,,,,,,,16,,,,,B03,,,1,,1,,,21,21,1,12,4,120.5454,24.243014,3
10148,66000,387130000C,(04)23274275,(04)23288582,2025,7,28,6,34,臺中市,太平區,0,0,0,7,,,50,,,,,,,,,,,,,,,,,,,B03,,,1,,1,,,45,45,1,12,4,120.719875,24.156652,3
10149,66000,387130000C,(04)23274275,(04)23288582,2025,7,28,6,42,臺中市,大甲區,0,0,0,7,,,50,,,,,,,,,,,,,,15,,,,,B03,,,1,,1,,,83,83,1,6,4,120.623959,24.342587,3
10150,66000,387130000C,(04)23274275,(04)23288582,2025,7,28,6,43,臺中市,潭子區,0,1,0,6,2,6,60,3,1,1,4,4,6,6,1,1,1,4,4,1,18,2,9,2,1,C03,7,5,1,10,2,12,,59,59,1,13,4,120.707096,24.224071,2
10151,66000,387130000C,(04)23274275,(04)23288582,2025,7,28,6,43,臺中市,后里區,0,1,0,5,2,6,50,13,9,1,4,4,6,6,4,4,10,5,5,2,18,2,9,1,1,C03,7,9,1,10,2,12,,59,59,1,12,4,120.624502,24.325006,2
10152,66000,387130000C,(04)23274275,(04)23288582,2025,7,28,6,49,臺中市,西屯區,0,0,0,7,,,50,,,,,,,,,,,,,,,,,,,C03,,,3,,2,,,59,59,1,12,4,120.646976,24.1708,3
10153,66000,387130000C,(04)23274275,(04)23288582,2025,7,28,6,54,臺中市,大甲區,0,1,0,7,2,6,70,4,1,1,5,4,6,6,1,1,10,5,5,2,16,3,10,3,1,B03,7,5,1,8,2,2,,11,11,1,6,4,120.651211,24.381241,2
10154,66000,387130000C,(04)23274275,(04)23288582,2025,7,28,6,55,臺中市,北區,0,1,0,6,2,6,50,5,1,1,4,4,6,6,1,1,1,4,5,2,18,2,9,1,1,C03,7,9,1,10,2,16,,84,84,1,13,4,120.676165,24.158286,2
10155,66000,387130000C,(04)23274275,(04)23288582,2025,7,28,6,57,臺中市,南屯區,0,0,0,7,,,40,,,,,,,,,,,,,,14,,,,,B03,,,1,,2,,,49,49,1,6,4,120.604899,24.136241,3
10156,66000,387130000C,(04)23274275,(04)23288582,2025,7,28,7,1,臺中市,西區,0,0,0,6,,,50,,,,,,,,,,,,,,13,,,,,B03,,,1,,1,,,84,84,1,13,4,120.667276,24.140849,3
10157,66000,387130000C,(04)23274275,(04)23288582,2025,7,28,7,2,臺中市,西屯區,0,0,0,7,,,50,,,,,,,,,,,,,,13,,,,,B03,,,1,,1,,,7,7,1,12,4,120.618036,24.162929,3
10158,66000,387130000C,(04)23274275,(04)23288582,2025,7,28,7,5,臺中市,西區,0,1,0,6,2,6,50,4,1,1,5,4,6,6,3,1,10,5,5,2,15,2,9,2,1,C03,7,9,1,10,2,12,,20,20,1,12,4,120.680728,24.135766,2
10159,66000,387130000C,(04)23274275,(04)23288582,2025,7,28,7,5,臺中市,東區,0,1,0,6,2,6,50,4,1,1,5,4,6,6,2,1,10,5,5,2,18,2,9,2,1,C03,7,6,1,10,1,14,,84,84,1,6,4,120.700167,24.140042,2
10160,66000,387130000C,(04)23274275,(04)23288582,2025,7,28,7,6,臺中市,南屯區,0,1,0,6,2,6,50,4,1,1,5,4,6,6,1,1,10,5,5,2,12,3,10,3,1,B03,7,5,1,8,2,2,,85,85,1,12,4,120.606839,24.135679,2
10161,66000,387130000C,(04)23274275,(04)23288582,2025,7,28,7,13,臺中市,沙鹿區,0,0,0,7,,,60,,,,,,,,,,,,,,,,,,,B03,,,1,,2,,,56,56,1,13,4,120.556552,24.212481,3
10162,66000,387130000C,(04)23274275,(04)23288582,2025,7,28,7,20,臺中市,梧棲區,0,0,0,7,,,40,,,,,,,,,,,,,,13,,,,,A41,,,1,,1,,,58,58,1,6,4,120.534898,24.250669,3
10163,66000,387130000C,(04)23274275,(04)23288582,2025,7,28,7,24,臺中市,豐原區,0,2,0,7,3,6,50,13,8,1,5,4,6,6,4,4,5,5,4,2,17,2,9,1,1,C03,7,6,1,10,2,12,,39,39,1,12,4,120.699478,24.247634,2
10164,66000,387130000C,(04)23274275,(04)23288582,2025,7,28,7,25,臺中市,北屯區,0,1,0,6,2,6,50,4,1,1,5,4,6,6,1,1,10,5,5,2,18,2,9,1,1,C03,7,9,1,10,2,14,,82,82,1,6,4,120.719611,24.180137,2
10165,66000,387130000C,(04)23274275,(04)23288582,2025,7,28,7,26,臺中市,沙鹿區,0,0,0,5,,,50,,,,,,,,,,,,,,,,,,,B03,,,1,,1,,,7,7,1,13,4,120.570094,24.201359,3
10166,66000,387130000C,(04)23274275,(04)23288582,2025,7,28,7,28,臺中市,潭子區,0,0,0,6,,,30,,,,,,,,,,,,,,,,,,,B03,,,1,,2,,,8,8,1,13,4,120.680865,24.22093,3
10167,66000,387130000C,(04)23274275,(04)23288582,2025,7,28,7,30,臺中市,北屯區,0,1,0,7,3,6,50,3,9,1,5,4,6,6,4,4,10,5,5,2,17,2,9,2,1,C03,7,9,1,10,2,12,,85,85,1,6,4,120.74212,24.177983,2
10168,66000,387130000C,(04)23274275,(04)23288582,2025,7,28,7,30,臺中市,烏日區,0,0,0,7,,,50,,,,,,,,,,,,,,23,,,,,B03,,,1,,1,,,59,59,1,12,4,120.646449,24.092712,3
10169,66000,387130000C,(04)23274275,(04)23288582,2025,7,28,7,30,臺中市,大甲區,0,0,0,7,,,50,,,,,,,,,,,,,,,,,,,B03,,,1,,2,,,49,49,1,12,4,120.618538,24.345885,3
10170,66000,387130000C,(04)23274275,(04)23288582,2025,7,28,7,32,臺中市,北屯區,0,0,0,7,,,40,,,,,,,,,,,,,,17,,,,,,,,,,,,,86,86,1,,,120.713877,24.161328,3
10171,66000,387130000C,(04)23274275,(04)23288582,2025,7,28,7,35,臺中市,北屯區,0,1,0,7,2,6,50,13,9,1,5,4,6,6,4,4,5,4,4,2,13,3,10,3,1,B03,7,9,1,8,2,1,,84,84,1,12,4,120.678831,24.168561,2
10172,66000,387130000C,(04)23274275,(04)23288582,2025,7,28,7,35,臺中市,烏日區,0,0,0,7,,,30,,,,,,,,,,,,,,14,,,,,B03,,,1,,2,,,49,49,1,6,4,120.625105,24.106933,3
10173,66000,387130000C,(04)23274275,(04)23288582,2025,7,28,7,35,臺中市,清水區,0,1,0,6,3,6,50,13,9,1,4,4,6,6,4,4,5,5,5,1,17,3,10,3,1,B12,7,11,1,8,2,5,,45,45,1,12,4,120.596119,24.300906,2
10174,66000,387130000C,(04)23274275,(04)23288582,2025,7,28,7,37,臺中市,潭子區,0,0,0,7,,,30,,,,,,,,,,,,,,,,,,,B03,,,1,,2,,,51,51,1,13,4,120.700743,24.196478,3
10175,66000,387130000C,(04)23274275,(04)23288582,2025,7,28,7,39,臺中市,大雅區,0,0,0,6,,,50,,,,,,,,,,,,,,13,,,,,C03,,,1,,1,,,7,7,1,13,4,120.647145,24.212861,3
10176,66000,387130000C,(04)23274275,(04)23288582,2025,7,28,7,40,臺中市,北屯區,0,1,0,7,2,6,30,13,7,1,4,4,6,6,4,4,1,5,4,2,18,2,9,1,1,C03,7,9,3,19,2,14,,84,84,1,6,4,120.693859,24.177158,2
10177,66000,387130000C,(04)23274275,(04)23288582,2025,7,28,7,40,臺中市,烏日區,0,1,0,7,2,6,40,4,2,1,5,4,6,6,2,1,1,4,4,1,12,2,9,5,4,C03,7,8,1,10,2,14,,40,40,1,13,4,120.642099,24.108989,2
10178,66000,387130000C,(04)23274275,(04)23288582,2025,7,28,7,41,臺中市,潭子區,0,1,0,6,3,6,50,4,1,1,5,4,6,6,4,4,5,4,4,2,17,3,10,2,1,C03,7,1,1,10,2,11,,51,51,1,13,4,120.706317,24.20348,2
10179,66000,387130000C,(04)23274275,(04)23288582,2025,7,28,7,42,臺中市,潭子區,0,1,0,6,3,6,50,3,1,1,5,4,6,6,1,1,5,4,4,2,17,3,10,3,1,B12,7,6,5,19,2,8,,11,11,1,13,4,120.680968,24.207486,2
10180,66000,387130000C,(04)23274275,(04)23288582,2025,7,28,7,43,臺中市,北屯區,0,1,0,7,2,6,50,13,7,1,5,4,6,6,4,4,5,4,4,2,12,3,10,3,1,B03,7,9,1,8,2,2,,8,8,1,12,4,120.692527,24.165063,2
10181,66000,387130000C,(04)23274275,(04)23288582,2025,7,28,7,43,臺中市,大里區,0,2,0,7,2,6,50,4,1,1,5,4,6,6,4,4,10,5,5,2,15,2,9,2,1,C03,7,9,1,10,2,11,,20,20,1,13,4,120.7009,24.084969,2
10182,66000,387130000C,(04)23274275,(04)23288582,2025,7,28,7,45,臺中市,后里區,0,0,0,7,3,6,50,3,1,1,5,4,6,6,4,4,9,5,5,1,16,3,10,3,1,B03,7,6,1,8,2,5,,45,45,1,6,4,120.713745,24.304228,3
10183,66000,387130000C,(04)23274275,(04)23288582,2025,7,28,7,46,臺中市,北屯區,0,0,0,7,,,50,,,,,,,,,,,,,,14,,,,,B03,,,1,,1,,,49,49,1,12,4,120.718758,24.180133,3
10184,66000,387130000C,(04)23274275,(04)23288582,2025,7,28,7,49,臺中市,太平區,0,0,0,7,,,50,,,,,,,,,,,,,,,,,,,A12,,,1,,2,,,8,8,1,12,4,120.715478,24.147723,3
10185,66000,387130000C,(04)23274275,(04)23288582,2025,7,28,7,50,臺中市,大里區,0,1,0,7,3,6,30,4,1,1,4,4,6,6,4,4,10,5,5,2,15,2,9,1,1,C03,7,9,1,10,2,11,,20,20,1,12,4,120.692541,24.110018,2
10186,66000,387130000C,(04)23274275,(04)23288582,2025,7,28,7,55,臺中市,太平區,0,1,0,7,2,6,50,11,9,1,5,4,6,6,4,4,9,4,5,2,30,2,8,1,1,C03,7,5,1,10,2,13,,85,85,1,12,4,120.719637,24.130961,2
10187,66000,387130000C,(04)23274275,(04)23288582,2025,7,28,7,59,臺中市,西區,0,1,0,7,2,6,50,4,1,1,4,4,6,6,1,1,10,5,5,2,17,2,9,2,1,C03,7,9,1,10,2,11,,7,7,1,12,4,120.661798,24.146692,2
10188,66000,387130000C,(04)23274275,(04)23288582,2025,7,28,8,0,臺中市,烏日區,0,1,0,7,2,6,50,3,1,1,5,4,6,6,2,1,5,4,4,2,16,3,10,3,1,B03,7,5,1,8,2,2,,85,85,1,6,4,120.627219,24.101897,2
10189,66000,387130000C,(04)23274275,(04)23288582,2025,7,28,8,2,臺中市,南屯區,0,2,0,7,3,6,50,4,1,1,5,4,6,6,4,4,10,5,5,2,15,2,9,1,4,C03,7,9,1,10,2,12,,15,15,1,13,4,120.65392,24.143826,2