序號,縣市別代碼,機關代碼,市話,傳真,年,月,日,時,分,縣市,區,死亡數量,受傷數量,2-30,天候,道路照明設備,道路類別,道路速限,道路型態,事故位置,路面鋪裝,路面狀態,路面缺陷,障礙物,視距,號誌種類,號誌動作,分向設施,快車道或一般車道間,快慢車道間,路面邊線,事故類型及型態,受傷程度,主要傷處,保護裝備,行動電話或功能裝置,當事者區分(類別),車輛用途,當事者行動狀態,駕照狀態,駕照種類,飲酒情形,車輛撞擊部位最初,車輛撞擊部位其他,肇事因素個別,肇事因素主要,肇事逃逸,職業,共享經濟或外送平台,GPS座標X,GPS座標Y,事故類別
10633,66000,387130000C,(04)23274275,(04)23288582,2025,7,29,9,0,臺中市,南屯區,0,1,0,7,1,6,50,3,1,1,5,4,6,6,4,4,10,5,5,2,17,3,10,3,1,B03,7,2,1,8,2,3,,49,49,1,6,4,120.638123,24.141445,2
10634,66000,387130000C,(04)23274275,(04)23288582,2025,7,29,9,2,臺中市,西屯區,0,1,0,7,2,6,50,3,1,1,5,4,6,6,1,3,10,5,5,2,18,2,9,1,4,C03,7,6,1,10,2,14,,43,43,1,12,4,120.646076,24.190758,2
10635,66000,387130000C,(04)23274275,(04)23288582,2025,7,29,9,3,臺中市,東區,0,2,0,6,3,6,50,4,1,1,5,4,6,6,1,1,10,5,5,2,16,2,9,2,1,C03,7,4,1,10,2,11,,84,84,1,13,4,120.690356,24.127681,2
10636,66000,387130000C,(04)23274275,(04)23288582,2025,7,29,9,8,臺中市,太平區,0,0,0,7,,,50,,,,,,,,,,,,,,,,,,,B03,,,1,,2,,,25,25,1,12,4,120.715663,24.151859,3
10637,66000,387130000C,(04)23274275,(04)23288582,2025,7,29,9,8,臺中市,豐原區,0,0,0,6,2,6,50,13,9,1,5,4,6,6,4,4,5,5,5,2,12,3,10,1,1,C03,7,9,1,10,2,12,,84,84,1,12,4,120.718988,24.247997,3
10638,66000,387130000C,(04)23274275,(04)23288582,2025,7,29,9,16,臺中市,太平區,0,0,0,7,,,40,,,,,,,,,,,,,,,,,,,A11,,,1,,2,,,84,84,1,12,4,120.712845,24.159254,3
10639,66000,387130000C,(04)23274275,(04)23288582,2025,7,29,9,19,臺中市,豐原區,0,2,0,7,3,6,30,3,1,1,4,4,6,6,4,4,10,5,5,2,16,2,9,1,4,C03,7,6,1,10,2,14,,14,14,1,12,4,120.710012,24.246375,2
10640,66000,387130000C,(04)23274275,(04)23288582,2025,7,29,9,20,臺中市,大里區,0,0,0,7,3,6,50,13,7,1,5,4,6,6,1,1,5,5,4,1,13,,,,,B03,,,1,,2,,,84,84,1,12,4,120.681528,24.100499,3
10641,66000,387130000C,(04)23274275,(04)23288582,2025,7,29,9,23,臺中市,烏日區,0,2,0,7,2,6,50,3,1,1,5,4,6,6,4,4,1,4,4,2,17,2,9,2,1,C03,7,5,1,10,2,14,,20,20,1,6,4,120.634775,24.111124,2
10642,66000,387130000C,(04)23274275,(04)23288582,2025,7,29,9,26,臺中市,西屯區,0,1,0,7,2,6,50,3,1,1,5,4,6,6,4,4,10,4,5,2,17,2,9,5,4,C03,7,9,1,10,2,11,,59,59,1,13,4,120.646979,24.158455,2
10643,66000,387130000C,(04)23274275,(04)23288582,2025,7,29,9,29,臺中市,太平區,0,0,0,7,,,50,,,,,,,,,,,,,,,,,,,C03,,,1,,1,,,35,35,1,12,4,120.713411,24.160486,3
10644,66000,387130000C,(04)23274275,(04)23288582,2025,7,29,9,30,臺中市,沙鹿區,0,0,0,7,,,30,,,,,,,,,,,,,,11,,,,,B03,,,1,,9,,,8,8,1,6,4,120.585658,24.220392,3
10645,66000,387130000C,(04)23274275,(04)23288582,2025,7,29,9,31,臺中市,西屯區,0,0,0,7,,,50,,,,,,,,,,,,,,12,,,,,B03,,,1,,1,,,8,8,1,13,4,120.643617,24.171731,3
10646,66000,387130000C,(04)23274275,(04)23288582,2025,7,29,9,31,臺中市,外埔區,0,0,0,6,3,6,40,4,9,1,5,4,6,6,1,1,4,4,5,2,16,3,10,1,1,C03,7,6,3,10,1,11,,4,4,1,12,4,120.63947,24.341306,3
10647,66000,387130000C,(04)23274275,(04)23288582,2025,7,29,9,36,臺中市,豐原區,0,0,0,6,2,6,50,13,9,1,5,4,6,6,4,4,5,5,5,2,2,3,10,3,1,B12,7,11,1,3,2,2,,84,84,1,12,4,120.733686,24.25247,3
10648,66000,387130000C,(04)23274275,(04)23288582,2025,7,29,9,37,臺中市,外埔區,0,0,0,7,2,6,40,13,9,1,5,4,6,6,4,4,10,4,4,2,11,,,,,B12,,,1,,1,,,59,59,1,6,4,120.653322,24.331773,3
10649,66000,387130000C,(04)23274275,(04)23288582,2025,7,29,9,38,臺中市,北屯區,0,2,0,7,2,6,40,4,4,1,5,4,6,6,2,1,5,5,4,2,13,2,8,1,1,C03,7,9,1,10,1,11,,88,88,1,6,2,120.694258,24.171813,2
10650,66000,387130000C,(04)23274275,(04)23288582,2025,7,29,9,45,臺中市,南屯區,0,1,0,7,2,6,50,4,1,1,5,4,6,6,2,1,10,5,5,2,16,3,10,3,1,B12,7,6,1,8,2,6,,11,11,1,13,4,120.63363,24.148275,2
10651,66000,387130000C,(04)23274275,(04)23288582,2025,7,29,9,48,臺中市,西區,0,0,0,7,,,50,,,,,,,,,,,,,,,,,,,B03,,,1,,1,,,84,84,1,12,4,120.65917,24.146545,3
10652,66000,387130000C,(04)23274275,(04)23288582,2025,7,29,9,49,臺中市,梧棲區,0,1,0,7,3,6,40,3,1,1,5,4,6,6,1,1,10,5,5,2,12,2,9,1,1,C03,7,9,1,10,2,12,,42,42,1,6,4,120.540333,24.248656,2
10653,66000,387130000C,(04)23274275,(04)23288582,2025,7,29,9,56,臺中市,西屯區,0,0,0,7,,,50,,,,,,,,,,,,,,16,,,,,B03,,,1,,1,,,49,49,1,13,4,120.606299,24.188373,3
10654,66000,387130000C,(04)23274275,(04)23288582,2025,7,29,9,58,臺中市,西屯區,0,1,0,6,2,6,40,13,8,1,5,4,6,6,4,4,1,5,1,2,12,2,9,2,1,C03,7,9,1,10,2,11,,7,7,1,12,4,120.644436,24.156297,2
10655,66000,387130000C,(04)23274275,(04)23288582,2025,7,29,10,0,臺中市,北屯區,0,0,0,7,,,50,,,,,,,,,,,,,,13,,,,,B03,,,1,,1,,,84,84,1,6,4,120.685361,24.188134,3
10656,66000,387130000C,(04)23274275,(04)23288582,2025,7,29,10,3,臺中市,南區,0,2,0,7,1,6,50,4,1,1,5,4,6,6,2,1,10,5,5,2,17,2,9,5,4,C03,7,9,5,10,2,14,,42,42,1,13,4,120.664535,24.122587,2
10657,66000,387130000C,(04)23274275,(04)23288582,2025,7,29,10,10,臺中市,后里區,0,0,0,7,3,6,60,13,12,1,5,4,6,6,4,4,8,3,4,2,14,3,10,3,1,B03,7,14,1,8,2,6,,87,87,1,13,4,120.723087,24.288904,3
10658,66000,387130000C,(04)23274275,(04)23288582,2025,7,29,10,15,臺中市,梧棲區,0,0,0,7,,,50,,,,,,,,,,,,,,12,,,,,B03,,,1,,2,,,8,8,1,12,4,120.534211,24.254876,3
10659,66000,387130000C,(04)23274275,(04)23288582,2025,7,29,10,21,臺中市,西屯區,0,0,0,6,,,50,,,,,,,,,,,,,,12,,,,,C03,,,3,,9,,,35,35,1,12,4,120.622185,24.174168,3
10660,66000,387130000C,(04)23274275,(04)23288582,2025,7,29,10,24,臺中市,大甲區,0,0,0,7,,,60,,,,,,,,,,,,,,14,,,,,B12,,,1,,1,,,49,49,1,6,4,120.61744,24.351057,3
10661,66000,387130000C,(04)23274275,(04)23288582,2025,7,29,10,27,臺中市,南屯區,0,0,0,7,,,50,,,,,,,,,,,,,,12,,,,,B03,,,1,,1,,,40,40,1,13,4,120.63239,24.124341,3
10662,66000,387130000C,(04)23274275,(04)23288582,2025,7,29,10,27,臺中市,太平區,0,2,0,7,3,6,50,3,2,1,5,4,6,6,4,4,5,5,5,1,12,3,10,3,1,B03,7,9,5,19,9,2,,8,8,1,12,4,120.721174,24.12023,2
10663,66000,387130000C,(04)23274275,(04)23288582,2025,7,29,10,28,臺中市,大里區,0,0,0,7,,,50,,,,,,,,,,,,,,,,,,,B03,,,1,,9,,,51,51,1,12,4,120.679102,24.109448,3
10664,66000,387130000C,(04)23274275,(04)23288582,2025,7,29,10,31,臺中市,西屯區,0,0,0,7,,,50,,,,,,,,,,,,,,,,,,,B03,,,1,,3,,,59,59,1,12,4,120.626876,24.200742,3
10665,66000,387130000C,(04)23274275,(04)23288582,2025,7,29,10,31,臺中市,大里區,0,0,0,7,3,6,50,3,14,1,5,4,6,6,4,4,5,4,4,1,12,,,,,B03,,,1,,2,,,45,45,1,12,4,120.683611,24.111265,3
10666,66000,387130000C,(04)23274275,(04)23288582,2025,7,29,10,36,臺中市,龍井區,0,0,0,7,,,50,,,,,,,,,,,,,,13,,,,,B12,,,1,,1,,,7,7,1,6,4,120.581784,24.175705,3
10667,66000,387130000C,(04)23274275,(04)23288582,2025,7,29,10,40,臺中市,西區,0,2,0,7,1,6,50,4,1,1,5,4,6,6,1,1,10,5,5,1,9,2,9,5,4,C03,7,9,1,10,2,11,,10,10,1,12,4,120.660163,24.136561,2
10668,66000,387130000C,(04)23274275,(04)23288582,2025,7,29,10,44,臺中市,后里區,0,0,0,7,3,6,50,13,9,1,5,4,3,6,4,4,9,4,5,1,11,3,10,3,1,B03,7,9,1,8,2,8,,8,8,1,6,4,120.707566,24.314692,3
10669,66000,387130000C,(04)23274275,(04)23288582,2025,7,29,11,0,臺中市,南區,0,1,0,7,1,6,50,4,1,1,5,4,6,6,1,1,10,5,5,2,30,2,9,1,1,C03,7,9,1,10,2,11,,84,84,1,12,4,120.657468,24.133669,2
10670,66000,387130000C,(04)23274275,(04)23288582,2025,7,29,11,0,臺中市,南屯區,0,1,0,7,1,6,30,4,1,1,5,4,6,6,4,4,10,5,5,2,17,2,9,1,1,C03,7,5,1,10,2,11,,13,13,1,6,4,120.649926,24.137306,2
10671,66000,387130000C,(04)23274275,(04)23288582,2025,7,29,11,0,臺中市,大里區,0,1,0,7,3,6,50,4,1,1,5,4,6,6,1,1,10,5,5,2,16,2,9,1,1,C03,7,9,1,10,2,14,,84,84,1,12,4,120.691379,24.091892,2
10672,66000,387130000C,(04)23274275,(04)23288582,2025,7,29,11,0,臺中市,太平區,0,0,0,7,,,30,,,,,,,,,,,,,,,,,,,B03,,,1,,2,,,49,49,1,12,4,120.709231,24.123516,3
10673,66000,387130000C,(04)23274275,(04)23288582,2025,7,29,11,9,臺中市,南屯區,0,1,0,7,2,6,50,3,1,1,5,4,6,6,2,1,10,5,5,2,16,3,10,3,1,B03,7,6,1,8,2,8,,11,11,1,13,4,120.638571,24.133663,2
10674,66000,387130000C,(04)23274275,(04)23288582,2025,7,29,11,9,臺中市,大里區,0,0,0,7,3,6,50,13,9,1,5,4,6,6,4,4,9,5,5,1,14,,,,,B03,,,1,,2,,,84,84,1,12,4,120.682637,24.102103,3
10675,66000,387130000C,(04)23274275,(04)23288582,2025,7,29,11,10,臺中市,南屯區,0,2,0,7,1,6,50,13,9,1,5,4,6,6,2,1,5,4,5,2,13,2,7,3,1,B01,7,9,1,1,2,1,,7,7,1,6,4,120.654503,24.139997,2
10676,66000,387130000C,(04)23274275,(04)23288582,2025,7,29,11,10,臺中市,西屯區,0,1,0,7,2,6,40,4,1,1,5,4,6,6,1,1,8,4,5,1,18,,,,,,,,,,,,,119,119,1,,,120.663263,24.163328,2
10677,66000,387130000C,(04)23274275,(04)23288582,2025,7,29,11,17,臺中市,中區,0,0,0,7,,,50,,,,,,,,,,,,,,,,,,,A04,,,1,,2,,,84,84,1,12,4,120.679796,24.142377,3
10678,66000,387130000C,(04)23274275,(04)23288582,2025,7,29,11,21,臺中市,東區,0,2,0,7,2,6,40,13,8,1,5,4,6,6,4,4,5,5,4,2,17,2,9,1,1,C03,7,1,1,10,2,11,,51,51,1,12,4,120.698846,24.138909,2
10679,66000,387130000C,(04)23274275,(04)23288582,2025,7,29,11,22,臺中市,大肚區,0,0,0,6,,,50,,,,,,,,,,,,,,13,,,,,B03,,,1,,2,,,85,85,1,6,4,120.579256,24.168972,4
10680,66000,387130000C,(04)23274275,(04)23288582,2025,7,29,11,24,臺中市,西屯區,0,1,0,7,2,6,50,4,1,1,5,4,6,6,2,1,10,5,5,2,9,3,10,5,4,B03,7,6,1,8,2,8,,10,10,1,12,4,120.659481,24.175598,2
10681,66000,387130000C,(04)23274275,(04)23288582,2025,7,29,11,26,臺中市,潭子區,0,1,0,7,2,6,60,13,7,1,5,4,6,6,4,4,1,4,4,1,12,2,9,2,1,C03,7,9,1,10,2,14,,43,43,1,12,4,120.705003,24.208183,2
10682,66000,387130000C,(04)23274275,(04)23288582,2025,7,29,11,26,臺中市,南區,0,0,0,7,,,50,,,,,,,,,,,,,,12,,,,,B03,,,1,,2,,,35,35,1,6,4,120.682841,24.134583,3
10683,66000,387130000C,(04)23274275,(04)23288582,2025,7,29,11,28,臺中市,沙鹿區,0,1,0,7,2,6,60,5,2,1,5,4,6,6,1,1,3,3,3,1,17,3,10,5,4,B12,7,5,1,8,2,2,,38,38,1,13,4,120.569599,24.237167,2
10684,66000,387130000C,(04)23274275,(04)23288582,2025,7,29,11,32,臺中市,梧棲區,0,1,0,7,2,6,70,4,1,1,5,4,6,6,2,1,10,5,5,2,16,2,9,3,1,B03,7,7,1,8,2,6,,40,40,1,12,4,120.529162,24.252433,2
10685,66000,387130000C,(04)23274275,(04)23288582,2025,7,29,11,36,臺中市,豐原區,0,1,0,7,1,6,60,4,1,1,5,4,6,6,1,1,1,4,4,1,17,2,9,3,1,B03,7,9,1,8,2,1,,7,7,1,6,4,120.70324,24.23821,2
10686,66000,387130000C,(04)23274275,(04)23288582,2025,7,29,11,37,臺中市,北屯區,0,0,0,7,,,50,,,,,,,,,,,,,,13,,,,,B03,,,1,8,1,,,84,84,1,6,4,120.665369,24.201118,3
10687,66000,387130000C,(04)23274275,(04)23288582,2025,7,29,11,39,臺中市,西區,0,1,0,7,2,6,50,3,2,1,5,4,6,6,4,4,1,4,5,1,16,3,10,3,1,B03,7,5,1,8,2,2,,84,84,1,13,4,120.665824,24.141294,2
10688,66000,387130000C,(04)23274275,(04)23288582,2025,7,29,11,40,臺中市,龍井區,0,0,0,6,,,60,,,,,,,,,,,,,,13,,,,,B12,,,1,,1,,,7,7,1,6,4,120.586965,24.185855,3
10689,66000,387130000C,(04)23274275,(04)23288582,2025,7,29,11,46,臺中市,北區,0,0,0,7,,,50,,,,,,,,,,,,,,17,,,,,B03,,,1,,2,,,49,49,1,13,4,120.680453,24.163301,3
10690,66000,387130000C,(04)23274275,(04)23288582,2025,7,29,11,46,臺中市,烏日區,0,1,0,7,2,6,60,13,9,1,5,4,6,6,4,4,1,4,5,1,13,2,7,1,1,C03,7,9,1,10,2,11,,59,59,1,6,4,120.621166,24.105152,2
10691,66000,387130000C,(04)23274275,(04)23288582,2025,7,29,11,48,臺中市,烏日區,0,1,0,7,2,6,50,13,9,1,5,4,6,6,4,4,5,4,5,2,13,3,10,3,1,B03,7,9,1,8,2,5,,7,7,1,6,4,120.609446,24.112592,2
10692,66000,387130000C,(04)23274275,(04)23288582,2025,7,29,11,49,臺中市,豐原區,0,2,0,6,2,6,50,4,7,1,4,4,6,6,2,1,5,5,4,2,13,2,8,1,1,C03,7,15,1,10,2,12,,84,84,1,12,4,120.705677,24.254388,2
10693,66000,387130000C,(04)23274275,(04)23288582,2025,7,29,11,51,臺中市,南屯區,0,0,0,7,,,50,,,,,,,,,,,,,,13,,,,,B03,,,1,,1,,,56,56,1,13,4,120.650013,24.136661,3
10694,66000,387130000C,(04)23274275,(04)23288582,2025,7,29,11,52,臺中市,西屯區,0,1,0,7,2,6,50,3,1,1,5,4,6,6,3,1,10,5,5,2,16,3,10,5,4,B03,7,6,1,6,2,5,,12,12,1,13,4,120.647774,24.166957,2
10695,66000,387130000C,(04)23274275,(04)23288582,2025,7,29,11,53,臺中市,大里區,0,0,0,7,,,50,,,,,,,,,,,,,,,,,,,B03,,,1,,1,,,84,84,1,12,4,120.690141,24.107722,3
10696,66000,387130000C,(04)23274275,(04)23288582,2025,7,29,11,54,臺中市,太平區,0,0,0,7,,,40,,,,,,,,,,,,,,,,,,,B03,,,1,,2,,,84,84,1,12,4,120.725027,24.149675,3
10697,66000,387130000C,(04)23274275,(04)23288582,2025,7,29,11,54,臺中市,烏日區,0,0,0,7,,,30,,,,,,,,,,,,,,17,,,,,A05,,,1,,9,,,49,49,1,6,4,120.623669,24.105071,3
10698,66000,387130000C,(04)23274275,(04)23288582,2025,7,29,11,56,臺中市,豐原區,0,0,0,7,,,50,,,,,,,,,,,,,,17,,,,,B12,,,1,,1,,,51,51,1,12,4,120.719365,24.241136,3
10699,66000,387130000C,(04)23274275,(04)23288582,2025,7,29,11,59,臺中市,太平區,0,0,0,7,,,50,,,,,,,,,,,,,,,,,,,C03,,,1,,2,,,39,39,1,12,4,120.711264,24.155892,3
10700,66000,387130000C,(04)23274275,(04)23288582,2025,7,29,12,2,臺中市,南屯區,0,0,0,7,,,50,,,,,,,,,,,,,,13,,,,,B03,,,1,,1,,,7,7,1,13,4,120.646641,24.14818,3
10701,66000,387130000C,(04)23274275,(04)23288582,2025,7,29,12,7,臺中市,北區,0,0,0,7,2,6,50,13,9,1,5,4,6,6,4,4,5,5,5,2,17,3,10,6,5,B03,8,13,7,21,10,8,,87,87,1,12,4,120.68438,24.155454,3
10702,66000,387130000C,(04)23274275,(04)23288582,2025,7,29,12,9,臺中市,西屯區,0,0,0,7,,,60,,,,,,,,,,,,,,,,,,,A02,,,1,,9,,,2,2,1,13,4,120.630664,24.175494,3
10703,66000,387130000C,(04)23274275,(04)23288582,2025,7,29,12,11,臺中市,大里區,0,0,0,7,,,40,,,,,,,,,,,,,,14,,,,,B03,,,1,,1,,,49,49,1,12,4,120.697077,24.085322,3
10704,66000,387130000C,(04)23274275,(04)23288582,2025,7,29,12,12,臺中市,北區,0,0,0,7,,,50,,,,,,,,,,,,,,17,,,,,B03,,,1,,9,,,34,34,1,13,4,120.676251,24.145843,3
10705,66000,387130000C,(04)23274275,(04)23288582,2025,7,29,12,12,臺中市,西屯區,0,0,0,7,,,,,,,,,,,,,,,,,,,,,,,,,,,,,,86,86,1,,,120.645519,24.184901,3
10706,66000,387130000C,(04)23274275,(04)23288582,2025,7,29,12,12,臺中市,大里區,0,1,0,7,2,6,50,4,1,1,5,4,6,6,4,4,10,5,5,2,16,3,10,1,1,C03,7,5,1,8,2,13,,47,47,1,12,4,120.682382,24.10529,2
10707,66000,387130000C,(04)23274275,(04)23288582,2025,7,29,12,18,臺中市,東勢區,0,2,0,7,3,6,30,13,9,1,5,4,6,6,4,4,10,5,5,1,17,2,9,5,4,C03,7,9,1,10,2,11,,85,85,1,13,4,120.849708,24.232536,2
10708,66000,387130000C,(04)23274275,(04)23288582,2025,7,29,12,26,臺中市,南區,0,1,0,7,1,6,50,4,1,1,5,4,1,6,4,4,10,5,5,2,17,3,10,5,4,C03,7,5,1,10,2,12,,47,47,1,13,4,120.684146,24.121672,2
10709,66000,387130000C,(04)23274275,(04)23288582,2025,7,29,12,27,臺中市,南屯區,0,0,0,7,,,50,,,,,,,,,,,,,,,,,,,F01,,,1,,1,,,84,84,1,13,4,120.61273,24.153221,3
10710,66000,387130000C,(04)23274275,(04)23288582,2025,7,29,12,35,臺中市,北屯區,0,2,0,7,3,6,50,4,1,1,5,4,6,6,4,4,10,5,5,2,13,2,9,2,1,C03,7,9,1,10,2,11,,7,7,1,6,4,120.703919,24.181299,2
10711,66000,387130000C,(04)23274275,(04)23288582,2025,7,29,12,35,臺中市,神岡區,0,1,0,7,2,6,50,13,7,1,5,4,6,6,4,4,5,5,4,2,9,3,10,3,1,B03,7,2,1,7,2,3,,49,49,1,12,4,120.704578,24.261741,2
10712,66000,387130000C,(04)23274275,(04)23288582,2025,7,29,12,41,臺中市,北區,0,1,0,7,2,6,40,13,8,1,5,4,6,6,4,4,9,5,4,2,17,3,10,3,1,B02,7,1,1,8,2,4,,51,51,1,13,4,120.670352,24.154864,2
10713,66000,387130000C,(04)23274275,(04)23288582,2025,7,29,12,46,臺中市,西屯區,0,1,0,6,2,9,0,13,23,4,5,4,6,6,4,4,10,5,5,2,9,3,10,1,4,C03,7,9,1,10,2,11,,84,84,1,12,4,120.665054,24.170095,2
10714,66000,387130000C,(04)23274275,(04)23288582,2025,7,29,12,48,臺中市,北屯區,0,1,0,7,2,6,50,4,1,1,5,4,6,6,1,1,10,5,5,2,16,3,10,5,4,B12,7,9,1,8,2,2,,21,21,1,12,4,120.68833,24.177139,2
10715,66000,387130000C,(04)23274275,(04)23288582,2025,7,29,12,50,臺中市,大甲區,0,0,0,7,,,50,,,,,,,,,,,,,,,,,,,B03,,,1,,1,,,51,51,1,6,4,120.617063,24.347339,3
10716,66000,387130000C,(04)23274275,(04)23288582,2025,7,29,12,54,臺中市,西區,0,0,0,7,,,50,,,,,,,,,,,,,,,,,,,C03,,,1,,1,,,7,7,1,13,4,120.662015,24.150969,3
10717,66000,387130000C,(04)23274275,(04)23288582,2025,7,29,12,55,臺中市,北區,0,0,0,7,2,6,50,11,9,1,5,4,6,6,4,4,1,5,5,2,17,3,10,6,5,C03,8,13,7,21,10,13,,87,87,1,12,4,120.671874,24.164431,3
10718,66000,387130000C,(04)23274275,(04)23288582,2025,7,29,12,56,臺中市,后里區,0,2,0,6,1,6,50,13,9,1,5,4,6,6,4,4,9,4,4,1,12,2,2,3,1,B12,7,10,5,8,2,5,,84,84,1,6,4,120.709659,24.310907,2
10719,66000,387130000C,(04)23274275,(04)23288582,2025,7,29,13,0,臺中市,西區,0,0,0,7,,,40,,,,,,,,,,,,,,,,,,,B03,,,1,,2,,,84,84,1,12,4,120.665507,24.151865,3
10720,66000,387130000C,(04)23274275,(04)23288582,2025,7,29,13,0,臺中市,東區,0,3,0,7,1,6,50,4,1,1,5,4,6,6,4,4,10,5,5,2,15,2,9,1,1,C03,7,9,1,10,2,11,,15,15,1,12,4,120.69603,24.151244,2
10721,66000,387130000C,(04)23274275,(04)23288582,2025,7,29,13,0,臺中市,北屯區,0,0,0,7,,,30,,,,,,,,,,,,,,9,,,,,B03,,,1,,1,,,59,59,1,6,4,120.683269,24.191505,4
10722,66000,387130000C,(04)23274275,(04)23288582,2025,7,29,13,0,臺中市,西屯區,0,0,0,7,,,50,,,,,,,,,,,,,,17,,,,,B03,,,1,,1,,,51,51,1,12,4,120.653453,24.165519,3
10723,66000,387130000C,(04)23274275,(04)23288582,2025,7,29,13,2,臺中市,北屯區,0,1,0,7,2,6,50,3,1,1,5,4,6,6,4,4,10,5,5,2,17,2,9,1,1,C03,7,6,1,10,2,11,,12,12,1,6,4,120.722712,24.181017,2
10724,66000,387130000C,(04)23274275,(04)23288582,2025,7,29,13,6,臺中市,梧棲區,0,0,0,7,,,50,,,,,,,,,,,,,,17,,,,,B03,,,1,,2,,,1,1,1,6,4,120.537767,24.252927,3
10725,66000,387130000C,(04)23274275,(04)23288582,2025,7,29,13,10,臺中市,北屯區,0,0,0,7,,,50,,,,,,,,,,,,,,9,,,,,B03,,,1,,1,,,45,45,1,6,4,120.689624,24.184771,3
10726,66000,387130000C,(04)23274275,(04)23288582,2025,7,29,13,11,臺中市,豐原區,0,0,0,7,,,50,,,,,,,,,,,,,,13,,,,,B12,,,1,,2,,,7,7,1,12,4,120.715221,24.249424,3
10727,66000,387130000C,(04)23274275,(04)23288582,2025,7,29,13,18,臺中市,大里區,0,0,0,7,,,50,,,,,,,,,,,,,,,,,,,B12,,,1,,2,,,8,8,1,12,4,120.68605,24.115241,3
10728,66000,387130000C,(04)23274275,(04)23288582,2025,7,29,13,21,臺中市,大肚區,0,0,0,7,,,30,,,,,,,,,,,,,,14,,,,,B12,,,1,,2,,,49,49,1,6,4,120.573285,24.124241,3
10729,66000,387130000C,(04)23274275,(04)23288582,2025,7,29,13,22,臺中市,西區,0,1,0,7,1,6,50,13,9,1,5,4,6,6,4,4,10,5,5,2,9,3,10,5,4,B03,7,9,1,8,2,2,,8,8,1,12,4,120.659391,24.147431,2
10730,66000,387130000C,(04)23274275,(04)23288582,2025,7,29,13,22,臺中市,北屯區,0,0,0,7,,,50,,,,,,,,,,,,,,13,,,,,B03,,,1,,1,,,59,59,1,6,4,120.672648,24.174234,4
10731,66000,387130000C,(04)23274275,(04)23288582,2025,7,29,13,25,臺中市,北屯區,0,0,0,7,,,50,,,,,,,,,,,,,,14,,,,,B03,,,1,,1,,,49,49,1,6,4,120.733043,24.162305,3
10732,66000,387130000C,(04)23274275,(04)23288582,2025,7,29,13,25,臺中市,新社區,0,0,0,7,,,40,,,,,,,,,,,,,,,,,,,B03,,,1,,1,,,41,41,1,13,4,120.7827,24.233925,3
10733,66000,387130000C,(04)23274275,(04)23288582,2025,7,29,13,27,臺中市,北區,0,0,0,7,,,50,,,,,,,,,,,,,,13,,,,,B03,,,1,,1,,,59,59,1,12,4,120.687749,24.146681,3
10734,66000,387130000C,(04)23274275,(04)23288582,2025,7,29,13,28,臺中市,北屯區,0,0,0,7,,,50,,,,,,,,,,,,,,12,,,,,C03,,,1,10,1,,,40,40,1,6,4,120.72719,24.168029,4
10735,66000,387130000C,(04)23274275,(04)23288582,2025,7,29,13,30,臺中市,后里區,0,0,0,7,,6,40,3,1,1,5,4,6,6,4,4,10,5,5,1,16,3,10,3,1,B03,7,6,1,8,2,7,,14,14,1,6,4,120.712629,24.315915,3
10736,66000,387130000C,(04)23274275,(04)23288582,2025,7,29,13,35,臺中市,霧峰區,0,1,0,7,2,6,50,4,1,1,5,4,6,6,1,1,5,5,4,2,16,2,9,2,1,C03,7,6,1,10,2,14,,14,14,1,13,2,120.697207,24.063671,2
10737,66000,387130000C,(04)23274275,(04)23288582,2025,7,29,13,40,臺中市,北屯區,0,0,0,7,,,50,,,,,,,,,,,,,,9,,,,,C03,,,1,,2,,,84,84,1,6,4,120.691287,24.170528,3
10738,66000,387130000C,(04)23274275,(04)23288582,2025,7,29,13,41,臺中市,梧棲區,0,0,0,7,,,70,,,,,,,,,,,,,,13,,,,,B03,,,1,,2,,,82,82,1,12,4,120.542777,24.2476,3
10739,66000,387130000C,(04)23274275,(04)23288582,2025,7,29,13,50,臺中市,北區,0,0,0,7,2,6,50,3,1,1,5,4,6,6,1,1,10,5,5,2,13,,,,,B03,,,1,,1,,,7,7,1,12,4,120.685093,24.157602,3
10740,66000,387130000C,(04)23274275,(04)23288582,2025,7,29,13,51,臺中市,北區,0,1,0,7,2,6,30,3,1,1,5,4,6,6,4,4,5,4,4,2,16,3,10,3,1,B03,7,6,1,8,2,1,,14,14,1,12,4,120.675486,24.167872,2
10741,66000,387130000C,(04)23274275,(04)23288582,2025,7,29,13,52,臺中市,沙鹿區,0,0,0,7,,,50,,,,,,,,,,,,,,13,,,,,B03,,,1,,1,,,7,7,1,6,4,120.569383,24.201946,3
10742,66000,387130000C,(04)23274275,(04)23288582,2025,7,29,14,8,臺中市,大里區,0,0,0,7,,,40,,,,,,,,,,,,,,,,,,,B03,,,1,,9,,,87,87,1,12,4,120.673274,24.115933,3
10743,66000,387130000C,(04)23274275,(04)23288582,2025,7,29,14,14,臺中市,南區,0,0,0,7,,,50,,,,,,,,,,,,,,14,,,,,B03,,,1,,2,,,49,49,1,12,4,120.646797,24.112865,3