序號,縣市別代碼,機關代碼,市話,傳真,年,月,日,時,分,縣市,區,死亡數量,受傷數量,2-30,天候,道路照明設備,道路類別,道路速限,道路型態,事故位置,路面鋪裝,路面狀態,路面缺陷,障礙物,視距,號誌種類,號誌動作,分向設施,快車道或一般車道間,快慢車道間,路面邊線,事故類型及型態,受傷程度,主要傷處,保護裝備,行動電話或功能裝置,當事者區分(類別),車輛用途,當事者行動狀態,駕照狀態,駕照種類,飲酒情形,車輛撞擊部位最初,車輛撞擊部位其他,肇事因素個別,肇事因素主要,肇事逃逸,職業,共享經濟或外送平台,GPS座標X,GPS座標Y,事故類別
10744,66000,387130000C,(04)23274275,(04)23288582,2025,7,29,14,14,臺中市,西屯區,0,1,0,7,2,6,30,3,1,1,5,4,6,6,4,4,10,5,5,1,17,3,10,5,4,C03,7,6,1,10,1,11,,14,14,1,13,4,120.644793,24.173276,2
10745,66000,387130000C,(04)23274275,(04)23288582,2025,7,29,14,21,臺中市,東區,0,1,0,7,2,6,50,13,9,1,5,4,6,6,4,4,1,4,5,2,12,3,10,3,1,G03,7,9,1,1,2,17,,43,43,1,6,4,120.692096,24.139325,2
10746,66000,387130000C,(04)23274275,(04)23288582,2025,7,29,14,21,臺中市,西屯區,0,0,0,7,,,50,,,,,,,,,,,,,,17,,,,,B03,,,1,,2,,,59,59,1,12,4,120.662521,24.171792,3
10747,66000,387130000C,(04)23274275,(04)23288582,2025,7,29,14,22,臺中市,清水區,0,0,0,7,,,50,,,,,,,,,,,,,,,,,,,B03,,,1,,1,,,7,7,1,12,4,120.567389,24.268342,3
10748,66000,387130000C,(04)23274275,(04)23288582,2025,7,29,14,22,臺中市,后里區,0,1,0,7,2,6,30,4,1,1,5,4,6,6,3,1,10,5,5,2,17,2,9,1,1,C03,7,5,1,10,2,11,14,12,12,1,6,4,120.709785,24.309012,2
10749,66000,387130000C,(04)23274275,(04)23288582,2025,7,29,14,25,臺中市,龍井區,0,0,0,7,,,50,,,,,,,,,,,,,,,,,,,A12,,,1,,2,,,82,82,1,12,4,120.547237,24.20368,3
10750,66000,387130000C,(04)23274275,(04)23288582,2025,7,29,14,28,臺中市,沙鹿區,0,0,0,7,,,70,,,,,,,,,,,,,,,,,,,B12,,,1,,1,,,58,58,1,12,4,120.615353,24.243911,3
10751,66000,387130000C,(04)23274275,(04)23288582,2025,7,29,14,30,臺中市,南區,0,0,0,7,,,50,,,,,,,,,,,,,,,,,,,B02,,,1,,2,,,49,49,1,13,4,120.674485,24.130838,3
10752,66000,387130000C,(04)23274275,(04)23288582,2025,7,29,14,36,臺中市,北屯區,0,1,0,7,2,6,50,11,9,1,5,4,6,6,4,4,1,5,5,1,18,2,9,1,1,C03,7,12,1,10,2,14,,84,84,1,12,4,120.783499,24.204964,2
10753,66000,387130000C,(04)23274275,(04)23288582,2025,7,29,14,36,臺中市,西屯區,0,0,0,7,,,50,,,,,,,,,,,,,,,,,,,B03,,,1,,1,,,84,84,1,12,4,120.650297,24.163835,3
10754,66000,387130000C,(04)23274275,(04)23288582,2025,7,29,14,36,臺中市,西屯區,0,0,0,6,,,50,,,,,,,,,,,,,,17,,,,,B03,,,1,,2,,,50,50,1,12,4,120.65909,24.193708,3
10755,66000,387130000C,(04)23274275,(04)23288582,2025,7,29,14,37,臺中市,北屯區,0,0,0,7,,,50,,,,,,,,,,,,,,13,,,,,B03,,,1,,1,,,84,84,1,12,4,120.67627,24.193485,3
10756,66000,387130000C,(04)23274275,(04)23288582,2025,7,29,14,44,臺中市,西屯區,0,1,0,7,2,6,40,3,1,1,5,4,6,6,1,1,10,5,5,2,17,2,9,5,4,C03,7,9,1,10,2,14,,8,8,1,12,4,120.609608,24.184261,2
10757,66000,387130000C,(04)23274275,(04)23288582,2025,7,29,14,48,臺中市,東區,0,0,0,7,,,50,,,,,,,,,,,,,,,,,,,C03,,,1,,1,,,84,84,1,13,4,120.69937,24.14795,3
10758,66000,387130000C,(04)23274275,(04)23288582,2025,7,29,14,54,臺中市,西區,0,1,0,7,2,6,30,13,9,1,5,4,6,6,4,4,10,5,5,2,17,2,9,2,1,C03,7,9,3,19,2,11,,4,4,1,13,4,120.656369,24.155266,2
10759,66000,387130000C,(04)23274275,(04)23288582,2025,7,29,14,54,臺中市,西區,0,0,0,7,,,50,,,,,,,,,,,,,,16,,,,,B03,,,1,,1,,,84,84,1,13,4,120.662147,24.140225,3
10760,66000,387130000C,(04)23274275,(04)23288582,2025,7,29,14,58,臺中市,南區,0,1,0,7,1,6,50,4,1,1,5,4,6,6,2,1,10,5,5,2,13,3,10,5,4,C03,7,9,1,10,2,12,,7,7,1,13,4,120.676627,24.131752,2
10761,66000,387130000C,(04)23274275,(04)23288582,2025,7,29,14,59,臺中市,西屯區,0,1,0,7,2,6,50,4,1,1,5,4,6,6,2,1,10,5,5,2,13,3,10,5,4,C03,7,9,1,10,2,11,,7,7,1,13,4,120.65249,24.166611,2
10762,66000,387130000C,(04)23274275,(04)23288582,2025,7,29,15,0,臺中市,太平區,0,0,0,7,,,30,,,,,,,,,,,,,,14,,,,,B03,,,1,,2,,,49,49,1,12,4,120.715133,24.123684,3
10763,66000,387130000C,(04)23274275,(04)23288582,2025,7,29,15,3,臺中市,石岡區,0,0,0,5,,,70,,,,,,,,,,,,,,13,,,,,B03,,,1,,1,,,7,7,1,12,4,120.78266,24.274672,3
10764,66000,387130000C,(04)23274275,(04)23288582,2025,7,29,15,4,臺中市,清水區,0,1,0,7,2,6,50,3,2,1,5,4,6,6,4,4,8,3,4,1,16,3,10,3,1,B12,7,5,1,6,2,1,,14,14,1,12,4,120.545102,24.285169,2
10765,66000,387130000C,(04)23274275,(04)23288582,2025,7,29,15,6,臺中市,北屯區,0,0,0,7,,3,40,,,,,,,,,,,,,,13,,,,,B12,,,1,,1,,,56,56,1,12,4,120.720852,24.174851,3
10766,66000,387130000C,(04)23274275,(04)23288582,2025,7,29,15,9,臺中市,中區,0,0,0,7,,,50,,,,,,,,,,,,,,,,,,,C03,,,1,10,1,,,85,85,1,13,4,120.679083,24.142219,3
10767,66000,387130000C,(04)23274275,(04)23288582,2025,7,29,15,10,臺中市,西屯區,0,0,0,7,,,50,,,,,,,,,,,,,,12,,,,,B12,,,1,,1,,,2,2,1,13,4,120.660102,24.164309,3
10768,66000,387130000C,(04)23274275,(04)23288582,2025,7,29,15,13,臺中市,太平區,0,0,0,7,,,50,,,,,,,,,,,,,,,,,,,B12,,,1,,2,,,51,51,1,12,4,120.700547,24.152564,3
10769,66000,387130000C,(04)23274275,(04)23288582,2025,7,29,15,14,臺中市,北區,0,0,0,7,,,50,,,,,,,,,,,,,,17,,,,,B12,,,1,,1,,,84,84,1,12,4,120.684813,24.157745,3
10770,66000,387130000C,(04)23274275,(04)23288582,2025,7,29,15,14,臺中市,南屯區,0,0,0,7,,,50,,,,,,,,,,,,,,,,,,,B03,,,1,,1,,,7,7,1,13,4,120.634329,24.152473,3
10771,66000,387130000C,(04)23274275,(04)23288582,2025,7,29,15,19,臺中市,北屯區,0,1,0,7,3,6,40,3,2,1,5,4,6,6,1,1,1,4,5,2,12,2,9,1,1,C03,7,8,3,19,2,14,,40,40,1,12,4,120.666346,24.181622,2
10772,66000,387130000C,(04)23274275,(04)23288582,2025,7,29,15,19,臺中市,西屯區,0,0,0,7,,,40,,,,,,,,,,,,,,12,,,,,B03,,,1,,1,,,8,8,1,12,4,120.651584,24.161778,3
10773,66000,387130000C,(04)23274275,(04)23288582,2025,7,29,15,21,臺中市,北區,0,0,0,7,,,50,,,,,,,,,,,,,,17,,,,,B03,,,1,,1,,,84,84,1,13,4,120.688307,24.15367,3
10774,66000,387130000C,(04)23274275,(04)23288582,2025,7,29,15,34,臺中市,豐原區,0,0,0,7,,,30,,,,,,,,,,,,,,17,,,,,B03,,,1,,1,,,84,84,1,12,4,120.711578,24.250952,3
10775,66000,387130000C,(04)23274275,(04)23288582,2025,7,29,15,36,臺中市,北區,0,0,0,7,,,50,,,,,,,,,,,,,,11,,,,,B03,,,1,,1,,,11,11,1,13,4,120.6666,24.158645,3
10776,66000,387130000C,(04)23274275,(04)23288582,2025,7,29,15,38,臺中市,西區,0,0,0,7,,,50,,,,,,,,,,,,,,,,,,,B03,,,1,,1,,,11,11,1,12,4,120.670483,24.146154,3
10777,66000,387130000C,(04)23274275,(04)23288582,2025,7,29,15,40,臺中市,潭子區,0,1,0,6,3,6,60,4,1,1,5,4,6,6,1,1,1,4,5,2,17,2,9,2,1,C03,7,9,1,10,2,14,,8,8,1,13,4,120.705267,24.209873,2
10778,66000,387130000C,(04)23274275,(04)23288582,2025,7,29,15,40,臺中市,太平區,0,0,0,7,,,,,,,,,,,,,,,,,,,,,,,,,,,,,,86,86,1,,,120.713314,24.136548,3
10779,66000,387130000C,(04)23274275,(04)23288582,2025,7,29,15,43,臺中市,西屯區,0,1,0,7,2,6,40,3,1,1,5,4,6,6,1,1,10,5,5,2,16,2,9,5,1,C03,7,9,1,10,2,14,,7,7,1,12,4,120.614123,24.183851,2
10780,66000,387130000C,(04)23274275,(04)23288582,2025,7,29,15,44,臺中市,大甲區,0,0,0,7,,,40,,,,,,,,,,,,,,,,,,,B02,,,1,,1,,,87,87,1,12,4,120.623861,24.345085,3
10781,66000,387130000C,(04)23274275,(04)23288582,2025,7,29,15,46,臺中市,外埔區,0,0,0,6,2,6,50,13,9,1,5,4,6,6,4,4,9,4,5,2,14,,,,,B03,,,1,,2,,,49,49,1,6,4,120.653815,24.329403,3
10782,66000,387130000C,(04)23274275,(04)23288582,2025,7,29,15,47,臺中市,北區,0,1,0,7,2,6,50,13,9,1,5,4,6,6,4,4,5,5,5,2,17,3,10,5,1,B03,7,14,1,8,2,7,,87,87,1,13,4,120.68227,24.161278,2
10783,66000,387130000C,(04)23274275,(04)23288582,2025,7,29,15,52,臺中市,太平區,0,1,0,7,2,6,50,3,2,1,5,4,6,6,4,4,5,5,5,1,13,3,10,3,1,B03,7,9,1,8,2,5,,84,84,1,12,4,120.714878,24.140027,2
10784,66000,387130000C,(04)23274275,(04)23288582,2025,7,29,15,52,臺中市,大甲區,0,2,0,7,2,6,50,4,1,1,5,4,6,6,4,4,10,5,5,2,15,3,10,3,1,B03,7,9,1,8,2,1,,15,15,1,6,4,120.621823,24.348431,2
10785,66000,387130000C,(04)23274275,(04)23288582,2025,7,29,15,54,臺中市,西屯區,0,0,0,7,,,50,,,,,,,,,,,,,,13,,,,,B03,,,1,7,1,,,59,59,1,13,4,120.656835,24.162419,3
10786,66000,387130000C,(04)23274275,(04)23288582,2025,7,29,15,54,臺中市,西屯區,0,1,0,7,2,6,30,3,1,1,5,4,6,6,4,4,5,4,4,2,16,3,10,5,4,C03,7,5,1,10,2,13,,13,13,1,12,4,120.654735,24.163743,2
10787,66000,387130000C,(04)23274275,(04)23288582,2025,7,29,15,55,臺中市,東區,0,1,0,7,3,6,50,3,1,1,5,4,6,6,4,4,10,5,5,2,16,3,10,5,4,B12,7,5,1,8,2,2,,87,87,1,12,4,120.700115,24.139355,2
10788,66000,387130000C,(04)23274275,(04)23288582,2025,7,29,15,59,臺中市,西屯區,0,1,0,7,2,6,50,3,1,1,5,4,6,6,4,4,10,5,5,2,17,3,10,3,1,B03,7,6,1,6,2,1,,59,59,1,12,4,120.647025,24.17077,2
10789,66000,387130000C,(04)23274275,(04)23288582,2025,7,29,16,4,臺中市,豐原區,0,0,0,7,,,50,,,,,,,,,,,,,,13,,,,,B03,,,1,,2,,,84,84,1,12,4,120.722318,24.278552,3
10790,66000,387130000C,(04)23274275,(04)23288582,2025,7,29,16,7,臺中市,太平區,0,0,0,7,,,50,,,,,,,,,,,,,,,,,,,B03,,,1,,2,,,49,49,1,12,4,120.706958,24.150758,3
10791,66000,387130000C,(04)23274275,(04)23288582,2025,7,29,16,10,臺中市,北屯區,0,0,0,6,,,50,,,,,,,,,,,,,,17,,,,,B03,,,1,,1,,,82,82,1,6,4,120.720716,24.176893,3
10792,66000,387130000C,(04)23274275,(04)23288582,2025,7,29,16,10,臺中市,大里區,0,0,0,5,,,30,,,,,,,,,,,,,,,,,,,B03,,,1,,9,,,49,49,1,12,4,120.705098,24.105778,3
10793,66000,387130000C,(04)23274275,(04)23288582,2025,7,29,16,13,臺中市,北區,0,0,0,7,,,50,,,,,,,,,,,,,,17,,,,,B03,,,1,,2,,,84,84,1,13,4,120.697208,24.159433,3
10794,66000,387130000C,(04)23274275,(04)23288582,2025,7,29,16,17,臺中市,北屯區,0,0,0,6,,,50,,,,,,,,,,,,,,30,,,,,B03,,,1,,1,,,87,87,1,6,4,120.670779,24.178713,3
10795,66000,387130000C,(04)23274275,(04)23288582,2025,7,29,16,19,臺中市,潭子區,0,1,0,7,2,6,40,13,9,1,5,4,6,6,4,4,10,5,5,2,17,3,10,2,1,C03,7,4,1,10,2,13,,1,1,1,12,4,120.701676,24.191419,2
10796,66000,387130000C,(04)23274275,(04)23288582,2025,7,29,16,20,臺中市,南屯區,0,1,0,7,2,6,50,13,8,1,5,4,6,6,4,4,9,4,4,2,12,3,10,3,1,B03,7,7,1,8,2,2,,40,40,1,12,4,120.648834,24.150709,2
10797,66000,387130000C,(04)23274275,(04)23288582,2025,7,29,16,23,臺中市,北區,0,2,0,7,3,6,50,4,2,1,5,4,6,6,1,1,1,4,5,2,17,2,9,1,1,C03,7,9,1,10,2,11,,7,7,1,12,4,120.677373,24.15141,2
10798,66000,387130000C,(04)23274275,(04)23288582,2025,7,29,16,30,臺中市,龍井區,0,1,0,7,3,6,50,13,9,1,5,4,6,6,4,4,7,4,5,1,27,2,9,3,1,B02,7,9,1,8,2,1,,59,59,1,6,4,120.522132,24.190663,2
10799,66000,387130000C,(04)23274275,(04)23288582,2025,7,29,16,32,臺中市,西屯區,0,0,0,7,,,30,,,,,,,,,,,,,,14,,,,,B12,,,1,,2,,,49,49,1,12,4,120.622721,24.193757,3
10800,66000,387130000C,(04)23274275,(04)23288582,2025,7,29,16,36,臺中市,北區,0,0,0,7,,,50,,,,,,,,,,,,,,13,,,,,B03,,,1,,1,,,85,85,1,12,4,120.674254,24.163305,4
10801,66000,387130000C,(04)23274275,(04)23288582,2025,7,29,16,38,臺中市,北屯區,0,0,0,7,,,30,,,,,,,,,,,,,,,,,,,B03,,,3,,2,,,58,58,1,6,4,120.701381,24.183704,3
10802,66000,387130000C,(04)23274275,(04)23288582,2025,7,29,16,38,臺中市,梧棲區,0,2,0,7,3,6,50,3,1,1,5,4,6,6,4,4,10,5,5,2,16,2,7,1,1,C03,7,6,1,10,2,11,,11,11,1,6,4,120.538232,24.247681,2
10803,66000,387130000C,(04)23274275,(04)23288582,2025,7,29,16,39,臺中市,北區,0,2,0,7,2,6,50,5,1,1,5,4,6,6,4,4,2,4,5,2,17,3,10,5,1,B03,7,5,1,8,2,5,,20,20,1,13,4,120.675785,24.163221,2
10804,66000,387130000C,(04)23274275,(04)23288582,2025,7,29,16,42,臺中市,霧峰區,0,0,0,7,,,50,,,,,,,,,,,,,,16,,,,,C03,,,1,,2,,,84,84,1,12,4,120.662599,24.059641,3
10805,66000,387130000C,(04)23274275,(04)23288582,2025,7,29,16,43,臺中市,潭子區,0,0,0,7,,,60,,,,,,,,,,,,,,,,,,,B03,,,1,,2,,,20,20,1,13,4,120.702637,24.197121,3
10806,66000,387130000C,(04)23274275,(04)23288582,2025,7,29,16,45,臺中市,南屯區,0,0,0,7,,,50,,,,,,,,,,,,,,17,,,,,B03,,,1,,2,,,84,84,1,12,4,120.646735,24.134642,3
10807,66000,387130000C,(04)23274275,(04)23288582,2025,7,29,16,45,臺中市,清水區,0,0,0,7,,,50,,,,,,,,,,,,,,,,,,,B03,,,1,,2,,,26,26,1,12,4,120.554123,24.276634,3
10808,66000,387130000C,(04)23274275,(04)23288582,2025,7,29,16,46,臺中市,南屯區,0,2,0,7,2,6,50,4,1,1,5,4,6,6,2,1,1,4,5,2,16,2,9,2,1,C03,7,15,1,10,2,12,,84,84,1,13,4,120.654649,24.139971,2
10809,66000,387130000C,(04)23274275,(04)23288582,2025,7,29,16,50,臺中市,北區,0,0,0,7,,,50,,,,,,,,,,,,,,12,,,,,B03,,,1,,1,,,8,8,1,13,4,120.682444,24.162777,3
10810,66000,387130000C,(04)23274275,(04)23288582,2025,7,29,16,50,臺中市,豐原區,0,1,0,7,1,6,50,13,8,1,5,4,6,6,4,4,5,4,4,2,17,2,9,1,1,C03,7,9,1,10,2,12,,84,84,1,6,4,120.721438,24.252916,2
10811,66000,387130000C,(04)23274275,(04)23288582,2025,7,29,16,58,臺中市,西屯區,0,2,0,7,2,6,50,3,1,1,5,4,6,6,4,4,10,5,5,2,17,2,8,2,1,C03,7,14,1,10,2,14,,13,13,1,12,2,120.647003,24.170819,2
10812,66000,387130000C,(04)23274275,(04)23288582,2025,7,29,16,58,臺中市,大甲區,0,1,0,6,3,6,50,3,1,1,5,4,6,6,4,4,10,5,5,2,17,2,9,6,1,F01,7,6,7,21,2,11,,14,14,1,6,4,120.61883,24.349026,2
10813,66000,387130000C,(04)23274275,(04)23288582,2025,7,29,17,0,臺中市,沙鹿區,0,1,0,7,2,6,50,4,1,1,5,4,6,6,1,2,5,5,5,2,15,3,10,1,1,C03,7,9,2,19,1,14,,6,6,1,12,4,120.562,24.237689,2
10814,66000,387130000C,(04)23274275,(04)23288582,2025,7,29,17,5,臺中市,西屯區,0,0,0,7,,,50,,,,,,,,,,,,,,13,,,,,B12,,,1,,2,,,7,7,1,12,4,120.659001,24.171068,3
10815,66000,387130000C,(04)23274275,(04)23288582,2025,7,29,17,7,臺中市,北屯區,0,1,0,7,2,6,50,4,1,1,5,4,6,6,2,1,1,5,4,2,3,3,10,3,1,B03,7,6,1,8,2,8,,10,10,1,12,4,120.720921,24.172676,2
10816,66000,387130000C,(04)23274275,(04)23288582,2025,7,29,17,7,臺中市,沙鹿區,0,0,0,7,,,30,,,,,,,,,,,,,,15,,,,,B03,,,1,,2,,,12,12,1,12,4,120.571723,24.226434,3
10817,66000,387130000C,(04)23274275,(04)23288582,2025,7,29,17,7,臺中市,大甲區,0,0,0,7,,,50,,,,,,,,,,,,,,14,,,,,B03,,,1,,2,,,49,49,1,6,4,120.616879,24.351897,3
10818,66000,387130000C,(04)23274275,(04)23288582,2025,7,29,17,10,臺中市,后里區,0,0,0,7,3,6,40,3,1,1,5,4,,6,4,4,10,5,5,1,16,3,10,3,1,B03,7,5,1,8,2,1,,84,84,1,6,4,120.687565,24.315673,3
10819,66000,387130000C,(04)23274275,(04)23288582,2025,7,29,17,10,臺中市,豐原區,0,0,0,7,,,50,,,,,,,,,,,,,,17,,,,,B03,,,1,,2,,,50,50,1,6,4,120.724266,24.247981,3
10820,66000,387130000C,(04)23274275,(04)23288582,2025,7,29,17,12,臺中市,豐原區,0,0,0,7,,,50,,,,,,,,,,,,,,17,,,,,B03,,,1,,2,,,50,50,1,12,4,120.730662,24.242593,3
10821,66000,387130000C,(04)23274275,(04)23288582,2025,7,29,17,14,臺中市,烏日區,0,0,0,6,2,6,60,13,7,1,5,4,6,6,1,1,1,4,1,2,13,3,10,3,1,B03,7,12,1,8,1,3,,87,87,1,6,4,120.648675,24.091847,3
10822,66000,387130000C,(04)23274275,(04)23288582,2025,7,29,17,15,臺中市,南屯區,0,0,0,6,,,50,,,,,,,,,,,,,,,,,,,A11,,,5,,2,,,59,59,1,12,4,120.614775,24.149238,3
10823,66000,387130000C,(04)23274275,(04)23288582,2025,7,29,17,15,臺中市,大里區,0,1,0,7,2,6,50,3,1,1,5,4,6,6,4,4,10,5,5,2,16,3,10,3,1,B12,7,6,1,8,2,5,,14,14,1,6,4,120.708788,24.083729,2
10824,66000,387130000C,(04)23274275,(04)23288582,2025,7,29,17,15,臺中市,豐原區,0,1,0,7,2,6,50,13,7,1,5,4,6,6,4,4,5,5,4,2,16,3,10,5,4,B03,7,11,1,8,2,8,,39,39,1,12,4,120.726369,24.242595,2
10825,66000,387130000C,(04)23274275,(04)23288582,2025,7,29,17,19,臺中市,東區,0,2,0,5,2,6,50,3,2,1,4,4,6,6,1,1,9,4,4,2,13,2,9,2,1,C03,7,9,1,10,2,11,,7,7,1,13,4,120.694453,24.151108,2
10826,66000,387130000C,(04)23274275,(04)23288582,2025,7,29,17,20,臺中市,東區,0,0,0,7,,,50,,,,,,,,,,,,,,17,,,,,C03,,,1,,1,,,1,1,1,12,4,120.68923,24.142217,3
10827,66000,387130000C,(04)23274275,(04)23288582,2025,7,29,17,20,臺中市,烏日區,0,0,0,7,,,50,,,,,,,,,,,,,,13,,,,,B02,,,1,,2,,,84,84,1,6,4,120.644317,24.087617,3
10828,66000,387130000C,(04)23274275,(04)23288582,2025,7,29,17,21,臺中市,大雅區,0,0,0,7,,,30,,,,,,,,,,,,,,10,,,,,B03,,,1,,2,,,43,43,1,13,4,120.632871,24.237062,3
10829,66000,387130000C,(04)23274275,(04)23288582,2025,7,29,17,21,臺中市,南屯區,0,1,0,7,1,6,50,4,1,1,5,4,6,6,1,1,5,5,5,2,11,3,10,2,1,C03,7,6,5,19,9,12,,11,11,2,13,4,120.637844,24.145594,2
10830,66000,387130000C,(04)23274275,(04)23288582,2025,7,29,17,21,臺中市,西屯區,0,0,0,6,,,30,,,,,,,,,,,,,,13,,,,,C03,,,1,,1,,,7,7,1,12,4,120.641271,24.173742,3
10831,66000,387130000C,(04)23274275,(04)23288582,2025,7,29,17,22,臺中市,西屯區,0,0,0,7,,,30,,,,,,,,,,,,,,13,,,,,B03,,,1,,1,,,7,7,1,13,4,120.639301,24.183021,3
10832,66000,387130000C,(04)23274275,(04)23288582,2025,7,29,17,26,臺中市,霧峰區,0,0,0,7,,,50,,,,,,,,,,,,,,17,,,,,,,,,,,,,116,116,1,12,,120.697468,24.056398,3
10833,66000,387130000C,(04)23274275,(04)23288582,2025,7,29,17,28,臺中市,大里區,0,1,0,6,3,6,50,4,1,1,5,4,6,6,2,1,5,5,5,2,16,3,10,3,1,B03,7,5,1,8,2,2,,11,11,1,13,4,120.697812,24.108729,2
10834,66000,387130000C,(04)23274275,(04)23288582,2025,7,29,17,29,臺中市,西屯區,0,0,0,7,,3,80,,,,,,,,,,,,,,13,,,,,B12,,,1,,1,,,59,59,1,12,4,120.62599,24.157722,3
10835,66000,387130000C,(04)23274275,(04)23288582,2025,7,29,17,29,臺中市,后里區,0,1,0,6,2,6,50,4,1,1,5,4,6,6,2,1,1,4,4,1,17,3,10,3,1,B03,7,5,1,8,2,2,,47,47,1,6,4,120.678226,24.301117,2
10836,66000,387130000C,(04)23274275,(04)23288582,2025,7,29,17,30,臺中市,北屯區,0,0,0,5,,3,80,,,,,,,,,,,,,,13,,,,,B03,,,1,,1,,,84,84,1,12,4,120.718825,24.162177,3
10837,66000,387130000C,(04)23274275,(04)23288582,2025,7,29,17,30,臺中市,大里區,0,0,0,7,2,6,50,13,9,1,5,4,6,6,4,4,10,5,5,2,17,,,,,B03,,,1,,1,,,51,51,1,6,4,120.711506,24.08812,3
10838,66000,387130000C,(04)23274275,(04)23288582,2025,7,29,17,30,臺中市,大肚區,0,0,0,7,,,50,,,,,,,,,,,,,,13,,,,,B03,,,1,,2,,,84,84,1,6,4,120.550146,24.152233,3
10839,66000,387130000C,(04)23274275,(04)23288582,2025,7,29,17,32,臺中市,北屯區,0,1,0,5,3,6,50,3,1,1,4,4,6,6,1,1,10,5,5,2,18,2,8,2,1,C03,7,9,1,10,2,14,,84,84,1,12,4,120.709699,24.164769,2
10840,66000,387130000C,(04)23274275,(04)23288582,2025,7,29,17,34,臺中市,北屯區,0,1,0,5,2,6,50,4,1,1,4,4,6,5,1,1,10,5,5,2,16,3,10,2,1,C03,7,6,1,10,2,12,,85,85,1,6,4,120.722503,24.175016,2
10841,66000,387130000C,(04)23274275,(04)23288582,2025,7,29,17,34,臺中市,大里區,0,0,0,7,,,50,,,,,,,,,,,,,,,,,,,C03,,,1,,2,,,21,21,1,12,4,120.689534,24.116464,3
10842,66000,387130000C,(04)23274275,(04)23288582,2025,7,29,17,36,臺中市,西區,0,2,0,6,2,6,50,3,1,1,5,4,6,6,4,4,1,4,5,2,12,3,10,1,1,C03,7,8,1,10,2,14,,40,40,1,13,4,120.673528,24.147753,2
10843,66000,387130000C,(04)23274275,(04)23288582,2025,7,29,17,37,臺中市,北屯區,0,1,0,5,2,6,50,3,1,1,4,4,6,6,4,4,1,4,5,2,16,3,10,3,1,B03,7,5,1,8,1,2,,84,84,1,6,4,120.729449,24.172951,2
10844,66000,387130000C,(04)23274275,(04)23288582,2025,7,29,17,44,臺中市,大里區,0,0,0,6,,,60,,,,,,,,,,,,,,12,,,,,C03,,,1,,2,,,8,8,1,13,4,120.680193,24.104269,3
10845,66000,387130000C,(04)23274275,(04)23288582,2025,7,29,17,45,臺中市,大雅區,0,0,0,7,,,50,,,,,,,,,,,,,,,,,,,B03,,,1,,2,,,20,20,1,13,4,120.644222,24.20597,3
10846,66000,387130000C,(04)23274275,(04)23288582,2025,7,29,17,45,臺中市,豐原區,0,1,0,6,2,6,30,3,1,1,5,4,6,6,4,4,10,5,5,2,16,3,10,3,1,B03,7,6,1,8,2,8,,14,14,1,12,4,120.724498,24.229413,2
10847,66000,387130000C,(04)23274275,(04)23288582,2025,7,29,17,47,臺中市,北屯區,0,1,0,5,2,6,50,13,9,1,4,4,6,6,4,4,1,4,5,2,18,2,9,2,1,C03,7,9,1,10,2,12,,59,59,1,12,4,120.679544,24.173001,2
10848,66000,387130000C,(04)23274275,(04)23288582,2025,7,29,17,49,臺中市,西屯區,0,0,0,7,,,40,,,,,,,,,,,,,,13,,,,,C03,,,1,,1,,,7,7,1,13,4,120.64942,24.162604,4
10849,66000,387130000C,(04)23274275,(04)23288582,2025,7,29,17,49,臺中市,西屯區,0,1,0,7,2,6,50,13,7,1,5,4,6,6,4,4,5,4,4,2,13,2,9,5,1,C03,7,9,1,10,2,11,,59,59,1,12,4,120.652646,24.176464,2
10850,66000,387130000C,(04)23274275,(04)23288582,2025,7,29,17,49,臺中市,沙鹿區,0,0,0,7,,,1,,,,,,,,,,,,,,17,,,,,B03,,,1,,2,,,84,84,1,6,4,120.5645,24.239203,3
10851,66000,387130000C,(04)23274275,(04)23288582,2025,7,29,17,53,臺中市,大雅區,0,2,0,7,2,6,40,13,8,1,5,4,6,6,4,4,1,4,4,2,17,2,9,1,1,C03,7,9,1,10,2,11,,7,7,1,12,4,120.65186,24.221265,2
10852,66000,387130000C,(04)23274275,(04)23288582,2025,7,29,17,54,臺中市,龍井區,0,0,0,6,,,60,,,,,,,,,,,,,,13,,,,,B03,,,1,,1,,,7,7,1,6,4,120.574522,24.181052,3
10853,66000,387130000C,(04)23274275,(04)23288582,2025,7,29,17,55,臺中市,南屯區,0,0,0,5,,,50,,,,,,,,,,,,,,17,,,,,B03,,,1,,2,,,84,84,1,12,4,120.633317,24.124201,3
10854,66000,387130000C,(04)23274275,(04)23288582,2025,7,29,17,56,臺中市,烏日區,0,0,0,7,,,50,,,,,,,,,,,,,,35,,,,,B03,,,1,,2,,,10,10,1,6,4,120.628378,24.110074,3
10855,66000,387130000C,(04)23274275,(04)23288582,2025,7,29,17,58,臺中市,龍井區,0,0,0,6,,,50,,,,,,,,,,,,,,14,,,,,C03,,,1,,1,,,51,51,1,5,4,120.583228,24.179648,3