序號,縣市別代碼,機關代碼,市話,傳真,年,月,日,時,分,縣市,區,死亡數量,受傷數量,2-30,天候,道路照明設備,道路類別,道路速限,道路型態,事故位置,路面鋪裝,路面狀態,路面缺陷,障礙物,視距,號誌種類,號誌動作,分向設施,快車道或一般車道間,快慢車道間,路面邊線,事故類型及型態,受傷程度,主要傷處,保護裝備,行動電話或功能裝置,當事者區分(類別),車輛用途,當事者行動狀態,駕照狀態,駕照種類,飲酒情形,車輛撞擊部位最初,車輛撞擊部位其他,肇事因素個別,肇事因素主要,肇事逃逸,職業,共享經濟或外送平台,GPS座標X,GPS座標Y,事故類別
10967,66000,387130000C,(04)23274275,(04)23288582,2025,7,30,4,3,臺中市,霧峰區,0,1,0,5,1,6,40,13,9,1,4,4,6,6,4,4,1,5,5,1,23,2,9,5,4,B03,7,9,5,19,8,4,,53,53,1,13,4,120.693237,24.013387,2
10968,66000,387130000C,(04)23274275,(04)23288582,2025,7,30,5,0,臺中市,西屯區,0,0,0,5,,,50,,,,,,,,,,,,,,,,,,,B12,,,1,,1,,,85,85,1,12,4,120.658429,24.200325,3
10969,66000,387130000C,(04)23274275,(04)23288582,2025,7,30,5,13,臺中市,西屯區,0,0,0,5,1,6,30,13,9,1,4,4,6,6,4,4,10,5,5,2,17,,,,,B12,,,1,,2,,,78,78,1,12,4,120.587958,24.177349,3
10970,66000,387130000C,(04)23274275,(04)23288582,2025,7,30,5,42,臺中市,烏日區,0,1,0,5,2,6,60,4,2,1,4,4,6,6,4,4,1,4,5,1,18,2,9,1,1,C03,7,9,1,10,2,12,,84,84,1,12,4,120.61581,24.105616,2
10971,66000,387130000C,(04)23274275,(04)23288582,2025,7,30,5,58,臺中市,潭子區,0,0,0,5,,,50,,,,,,,,,,,,,,,,,,,B02,,,1,,11,,,49,49,1,13,4,120.692144,24.221748,3
10972,66000,387130000C,(04)23274275,(04)23288582,2025,7,30,6,10,臺中市,大雅區,0,0,0,5,,,50,,,,,,,,,,,,,,,,,,,A12,,,1,,1,,,7,7,1,13,4,120.651779,24.227995,3
10973,66000,387130000C,(04)23274275,(04)23288582,2025,7,30,6,14,臺中市,大里區,0,1,0,5,1,6,50,4,1,1,4,4,6,6,1,1,10,5,5,2,3,3,10,3,1,B03,7,6,1,8,2,1,,10,10,1,6,4,120.701673,24.110928,2
10974,66000,387130000C,(04)23274275,(04)23288582,2025,7,30,6,36,臺中市,南屯區,0,0,0,5,,,40,,,,,,,,,,,,,,17,,,,,B12,,,1,,2,,,84,84,1,12,4,120.654575,24.140311,3
10975,66000,387130000C,(04)23274275,(04)23288582,2025,7,30,6,36,臺中市,北屯區,0,0,0,5,,,50,,,,,,,,,,,,,,17,,,,,B03,,,1,,9,,,49,49,2,13,4,120.698913,24.164174,3
10976,66000,387130000C,(04)23274275,(04)23288582,2025,7,30,6,45,臺中市,中區,0,0,0,5,,,30,,,,,,,,,,,,,,,,,,,,,,,,,,,119,119,1,,,120.681383,24.137672,3
10977,66000,387130000C,(04)23274275,(04)23288582,2025,7,30,6,59,臺中市,潭子區,0,0,0,7,,,30,,,,,,,,,,,,,,,,,,,C03,,,1,,2,,,12,12,1,13,4,120.702575,24.214035,3
10978,66000,387130000C,(04)23274275,(04)23288582,2025,7,30,7,0,臺中市,東區,0,0,0,5,,,50,,,,,,,,,,,,,,17,,,,,,,,,,,,,119,119,1,,,120.70222,24.13488,3
10979,66000,387130000C,(04)23274275,(04)23288582,2025,7,30,7,2,臺中市,西區,0,0,0,5,,,30,,,,,,,,,,,,,,,,,,,B03,,,1,,11,,,8,8,1,12,4,120.667889,24.152592,3
10980,66000,387130000C,(04)23274275,(04)23288582,2025,7,30,7,8,臺中市,西屯區,0,0,0,5,,,50,,,,,,,,,,,,,,17,,,,,B03,,,1,,2,,,8,8,1,13,4,120.642911,24.19833,3
10981,66000,387130000C,(04)23274275,(04)23288582,2025,7,30,7,10,臺中市,沙鹿區,0,1,0,5,2,6,50,13,8,1,4,4,6,6,4,4,1,3,4,2,18,2,9,2,1,C03,7,7,1,10,2,12,,40,40,1,12,4,120.56058,24.234376,2
10982,66000,387130000C,(04)23274275,(04)23288582,2025,7,30,7,18,臺中市,東區,0,0,0,5,,,50,,,,,,,,,,,,,,13,,,,,A02,,,1,,1,,,7,7,1,6,4,120.698033,24.147964,3
10983,66000,387130000C,(04)23274275,(04)23288582,2025,7,30,7,19,臺中市,沙鹿區,0,2,0,5,2,6,40,13,8,1,4,4,6,6,4,4,1,4,1,1,17,2,9,1,1,C03,7,9,2,19,2,14,,82,82,1,12,4,120.581331,24.207669,2
10984,66000,387130000C,(04)23274275,(04)23288582,2025,7,30,7,21,臺中市,豐原區,0,1,0,5,2,6,50,13,9,1,4,4,6,6,1,1,5,5,5,1,18,2,9,1,1,C03,7,9,1,10,2,14,,84,84,1,6,4,120.720092,24.264296,2
10985,66000,387130000C,(04)23274275,(04)23288582,2025,7,30,7,24,臺中市,大里區,0,0,0,5,,,50,,,,,,,,,,,,,,17,,,,,B03,,,1,,2,,,7,7,1,12,4,120.698493,24.113165,3
10986,66000,387130000C,(04)23274275,(04)23288582,2025,7,30,7,25,臺中市,北屯區,0,1,0,5,2,6,50,13,9,1,4,4,6,6,4,4,5,5,5,2,18,2,9,1,1,C03,7,9,1,10,2,14,,43,43,1,6,4,120.704027,24.164436,2
10987,66000,387130000C,(04)23274275,(04)23288582,2025,7,30,7,25,臺中市,北屯區,0,2,0,5,2,6,50,4,2,1,4,4,6,6,2,1,10,5,5,2,16,3,10,1,1,C03,7,6,1,10,2,12,,84,84,1,6,4,120.680175,24.189007,2
10988,66000,387130000C,(04)23274275,(04)23288582,2025,7,30,7,29,臺中市,西屯區,0,0,0,5,,,30,,,,,,,,,,,,,,,,,,,A12,,,1,7,2,,,4,4,1,13,4,120.634955,24.171712,3
10989,66000,387130000C,(04)23274275,(04)23288582,2025,7,30,7,30,臺中市,烏日區,0,1,0,5,2,6,30,13,9,1,4,4,6,6,4,4,10,5,5,1,17,2,9,2,1,C03,7,9,1,10,2,12,,84,84,1,6,4,120.586649,24.136537,2
10990,66000,387130000C,(04)23274275,(04)23288582,2025,7,30,7,30,臺中市,神岡區,0,1,0,5,1,6,50,5,1,1,4,4,6,6,1,1,5,4,5,1,16,3,10,5,4,B03,7,6,1,8,2,1,,23,23,1,12,4,120.657015,24.264366,2
10991,66000,387130000C,(04)23274275,(04)23288582,2025,7,30,7,31,臺中市,霧峰區,0,0,0,5,,,50,,,,,,,,,,,,,,,,,,,B03,,,1,,2,,,11,11,1,13,4,120.693362,24.058739,3
10992,66000,387130000C,(04)23274275,(04)23288582,2025,7,30,7,31,臺中市,大里區,0,0,0,5,,3,80,,,,,,,,,,,,,,13,,,,,B12,,,1,,1,,,8,8,1,13,4,120.682725,24.082661,3
10993,66000,387130000C,(04)23274275,(04)23288582,2025,7,30,7,34,臺中市,豐原區,0,0,0,5,2,6,50,8,17,1,4,4,6,6,4,4,1,4,5,1,13,3,10,3,1,B03,7,9,1,8,2,1,,7,7,1,12,4,120.709375,24.237257,3
10994,66000,387130000C,(04)23274275,(04)23288582,2025,7,30,7,34,臺中市,豐原區,0,2,0,5,3,6,50,3,1,1,4,4,6,6,3,1,1,4,5,1,13,3,10,5,4,B03,7,6,1,8,2,1,,59,59,1,12,4,120.709279,24.253445,2
10995,66000,387130000C,(04)23274275,(04)23288582,2025,7,30,7,35,臺中市,豐原區,0,0,0,5,,,60,,,,,,,,,,,,,,17,,,,,B03,,,1,,2,,,8,8,1,12,4,120.702999,24.239709,3
10996,66000,387130000C,(04)23274275,(04)23288582,2025,7,30,7,36,臺中市,霧峰區,0,0,0,5,,,40,,,,,,,,,,,,,,13,,,,,B03,,,1,,1,,,7,7,1,13,4,120.662522,24.072078,3
10997,66000,387130000C,(04)23274275,(04)23288582,2025,7,30,7,38,臺中市,北區,0,0,0,5,,,50,,,,,,,,,,,,,,13,,,,,B03,,,1,,1,,,7,7,1,13,4,120.684876,24.162392,3
10998,66000,387130000C,(04)23274275,(04)23288582,2025,7,30,7,39,臺中市,太平區,0,1,0,5,2,6,50,3,9,1,4,4,6,6,4,4,10,5,5,2,17,2,9,5,4,C04,7,6,1,11,2,12,,20,20,1,6,4,120.708166,24.154179,2
10999,66000,387130000C,(04)23274275,(04)23288582,2025,7,30,7,40,臺中市,南屯區,0,1,0,5,2,6,50,13,9,1,4,4,6,6,4,4,9,4,5,2,18,2,9,1,1,C03,7,9,1,10,2,14,,84,84,1,12,4,120.610887,24.145395,2
11000,66000,387130000C,(04)23274275,(04)23288582,2025,7,30,7,40,臺中市,大里區,0,1,0,5,2,6,50,13,9,1,4,4,6,6,4,4,5,4,5,1,12,2,9,1,1,C03,7,8,1,10,1,11,,43,43,1,12,4,120.68872,24.102845,2
11001,66000,387130000C,(04)23274275,(04)23288582,2025,7,30,7,40,臺中市,大甲區,0,0,0,7,,,40,,,,,,,,,,,,,,,,,,,B03,,,1,,1,,,87,87,1,12,4,120.653277,24.390792,3
11002,66000,387130000C,(04)23274275,(04)23288582,2025,7,30,7,40,臺中市,豐原區,0,1,0,5,2,6,50,4,9,1,4,4,6,6,2,1,5,2,5,1,16,3,10,3,1,B03,7,6,1,8,2,5,,11,11,1,12,4,120.720966,24.26887,2
11003,66000,387130000C,(04)23274275,(04)23288582,2025,7,30,7,41,臺中市,神岡區,0,1,0,5,2,6,50,3,1,1,4,4,6,6,1,1,5,5,4,2,16,3,10,3,1,B03,7,5,1,7,2,6,,47,47,1,12,4,120.703497,24.262101,2
11004,66000,387130000C,(04)23274275,(04)23288582,2025,7,30,7,43,臺中市,西屯區,0,2,0,5,1,6,50,13,9,1,4,4,6,6,1,1,1,4,5,1,12,2,9,2,1,C03,7,9,1,10,2,11,,59,59,1,12,4,120.625002,24.182084,2
11005,66000,387130000C,(04)23274275,(04)23288582,2025,7,30,7,46,臺中市,北區,0,1,0,5,2,6,50,13,9,1,4,4,6,6,2,1,2,4,5,2,18,2,9,1,1,C03,7,9,1,10,1,12,,84,84,1,12,4,120.67835,24.163222,2
11006,66000,387130000C,(04)23274275,(04)23288582,2025,7,30,7,46,臺中市,南屯區,0,0,0,5,,,50,,,,,,,,,,,,,,17,,,,,A11,,,1,,2,,,40,40,1,12,4,120.624367,24.145074,3
11007,66000,387130000C,(04)23274275,(04)23288582,2025,7,30,7,48,臺中市,豐原區,0,1,0,5,2,6,50,4,1,1,4,4,6,6,1,1,10,5,5,2,16,3,10,5,4,B03,7,6,1,8,2,1,,11,11,1,6,4,120.720812,24.228892,2
11008,66000,387130000C,(04)23274275,(04)23288582,2025,7,30,7,49,臺中市,西屯區,0,1,0,5,2,6,30,11,7,1,4,4,6,6,4,4,1,4,4,2,30,2,9,5,4,B03,7,9,5,19,2,1,,84,84,1,13,4,120.599176,24.207192,2
11009,66000,387130000C,(04)23274275,(04)23288582,2025,7,30,7,50,臺中市,北屯區,0,0,0,5,,,50,,,,,,,,,,,,,,12,,,,,B03,,,1,,1,,,40,40,1,6,4,120.700275,24.160266,3
11010,66000,387130000C,(04)23274275,(04)23288582,2025,7,30,7,52,臺中市,大里區,0,0,0,5,,,50,,,,,,,,,,,,,,17,,,,,B03,,,1,,2,,,7,7,1,12,4,120.695172,24.099542,3
11011,66000,387130000C,(04)23274275,(04)23288582,2025,7,30,7,52,臺中市,霧峰區,0,0,0,5,,,30,,,,,,,,,,,,,,13,,,,,B03,,,1,,1,,,7,7,1,13,4,120.690529,24.015321,3
11012,66000,387130000C,(04)23274275,(04)23288582,2025,7,30,7,52,臺中市,太平區,0,1,0,5,2,6,50,4,1,1,4,4,6,6,1,1,10,5,5,2,17,2,8,5,4,C03,7,9,1,10,2,12,,84,84,1,6,4,120.701638,24.111093,2
11013,66000,387130000C,(04)23274275,(04)23288582,2025,7,30,7,52,臺中市,豐原區,0,0,0,5,,,60,,,,,,,,,,,,,,13,,,,,C03,,,1,,2,,,7,7,1,12,4,120.730781,24.265664,3
11014,66000,387130000C,(04)23274275,(04)23288582,2025,7,30,7,53,臺中市,西屯區,0,0,0,7,,,50,,,,,,,,,,,,,,,,,,,C03,,,6,,9,,,84,84,1,12,4,120.590375,24.174924,3
11015,66000,387130000C,(04)23274275,(04)23288582,2025,7,30,7,53,臺中市,大里區,0,1,0,5,2,6,50,13,8,1,4,4,6,6,4,4,3,4,4,1,16,3,10,3,1,B03,7,5,1,8,2,2,,47,47,1,13,4,120.69439,24.089165,2
11016,66000,387130000C,(04)23274275,(04)23288582,2025,7,30,7,53,臺中市,神岡區,0,1,0,5,1,6,30,3,1,1,4,4,6,6,4,4,5,5,5,1,16,3,10,5,4,B03,7,6,1,8,2,8,,20,20,1,12,4,120.681749,24.242362,2
11017,66000,387130000C,(04)23274275,(04)23288582,2025,7,30,7,55,臺中市,大里區,0,0,0,5,,,50,,,,,,,,,,,,,,17,,,,,A41,,,1,,2,,,7,7,1,12,4,120.701743,24.112814,3
11018,66000,387130000C,(04)23274275,(04)23288582,2025,7,30,7,55,臺中市,大甲區,0,0,0,5,,,,,,,,,,,,,,,,,,,,,,,,,,,,,,7,7,1,,,120.629706,24.359427,3
11019,66000,387130000C,(04)23274275,(04)23288582,2025,7,30,7,55,臺中市,豐原區,0,0,0,5,3,6,40,13,2,1,4,4,6,6,4,1,8,3,4,1,13,3,10,5,4,B03,7,5,1,8,2,1,1,7,7,1,12,4,120.729951,24.243528,3
11020,66000,387130000C,(04)23274275,(04)23288582,2025,7,30,7,56,臺中市,沙鹿區,0,2,0,5,2,6,50,4,2,1,4,4,6,6,1,1,8,3,4,1,17,2,9,5,4,C03,7,5,1,10,2,12,,11,11,1,13,4,120.573364,24.20566,2
11021,66000,387130000C,(04)23274275,(04)23288582,2025,7,30,7,56,臺中市,神岡區,0,0,0,5,,,50,,,,,,,,,,,,,,14,,,,,B03,,,1,,2,,,49,49,1,12,4,120.679685,24.265894,3
11022,66000,387130000C,(04)23274275,(04)23288582,2025,7,30,8,0,臺中市,北區,0,1,0,5,2,6,50,4,1,1,4,4,6,6,1,1,10,5,5,2,18,2,9,1,1,C03,7,9,1,10,2,14,,43,43,1,12,4,120.66474,24.161292,2
11023,66000,387130000C,(04)23274275,(04)23288582,2025,7,30,8,0,臺中市,南區,0,1,0,5,2,6,50,3,1,1,3,4,6,6,4,4,10,5,5,2,17,3,10,3,1,B03,7,6,1,8,2,5,,6,6,1,6,4,120.659121,24.126939,2
11024,66000,387130000C,(04)23274275,(04)23288582,2025,7,30,8,0,臺中市,北屯區,0,0,0,5,,3,80,,,,,,,,,,,,,,13,,,,,B03,,,1,,1,,,59,59,1,6,4,120.721522,24.179868,3
11025,66000,387130000C,(04)23274275,(04)23288582,2025,7,30,8,1,臺中市,北屯區,0,1,0,5,2,6,50,3,2,1,4,4,6,6,2,1,1,4,5,2,17,2,9,5,4,C03,7,8,3,19,2,14,,40,40,1,12,4,120.693448,24.19537,2
11026,66000,387130000C,(04)23274275,(04)23288582,2025,7,30,8,1,臺中市,外埔區,0,1,0,5,3,6,50,4,1,1,4,4,6,6,2,3,5,4,4,1,15,2,9,1,1,F03,7,9,7,21,2,12,,6,6,1,4,4,120.652818,24.332257,2
11027,66000,387130000C,(04)23274275,(04)23288582,2025,7,30,8,2,臺中市,潭子區,0,0,0,5,,,50,,,,,,,,,,,,,,,,,,,B03,,,1,,2,,,59,59,1,12,4,120.703111,24.226047,3
11028,66000,387130000C,(04)23274275,(04)23288582,2025,7,30,8,3,臺中市,西屯區,0,0,0,5,,3,80,,,,,,,,,,,,,,12,,,,,B03,,,1,,1,,,40,40,1,13,4,120.639144,24.189084,3
11029,66000,387130000C,(04)23274275,(04)23288582,2025,7,30,8,3,臺中市,大里區,0,0,0,5,,,50,,,,,,,,,,,,,,,,,,,B03,,,1,,2,,,84,84,1,12,4,120.685642,24.100675,3
11030,66000,387130000C,(04)23274275,(04)23288582,2025,7,30,8,5,臺中市,太平區,0,0,0,5,,,30,,,,,,,,,,,,,,30,,,,,B03,,,1,,1,,,58,58,1,13,4,120.717934,24.114139,3
11031,66000,387130000C,(04)23274275,(04)23288582,2025,7,30,8,7,臺中市,烏日區,0,0,0,5,,,50,,,,,,,,,,,,,,,,,,,B03,,,1,,1,,,7,7,1,13,4,120.642601,24.109392,3
11032,66000,387130000C,(04)23274275,(04)23288582,2025,7,30,8,8,臺中市,南屯區,0,0,0,5,,,50,,,,,,,,,,,,,,,,,,,B03,,,1,,1,,,84,84,1,13,4,120.643433,24.133998,3
11033,66000,387130000C,(04)23274275,(04)23288582,2025,7,30,8,10,臺中市,西區,0,1,0,5,1,6,50,13,9,1,4,4,6,6,4,4,1,4,5,1,17,3,10,5,4,C03,7,9,1,10,2,11,,7,7,1,12,4,120.660349,24.158096,2
11034,66000,387130000C,(04)23274275,(04)23288582,2025,7,30,8,11,臺中市,北屯區,0,1,0,5,3,6,50,3,1,1,4,4,6,6,4,4,1,4,5,2,16,3,10,3,1,B03,7,5,1,8,2,5,,84,84,1,6,4,120.694058,24.164538,2
11035,66000,387130000C,(04)23274275,(04)23288582,2025,7,30,8,11,臺中市,神岡區,0,0,0,5,,,50,,,,,,,,,,,,,,17,,,,,B03,,,1,,1,,,39,39,1,12,4,120.654995,24.279923,3
11036,66000,387130000C,(04)23274275,(04)23288582,2025,7,30,8,15,臺中市,烏日區,0,2,0,5,2,6,40,3,1,1,4,4,6,6,1,1,10,5,4,2,17,2,9,5,4,C03,7,9,1,10,2,11,,87,87,1,6,4,120.65167,24.104895,2
11037,66000,387130000C,(04)23274275,(04)23288582,2025,7,30,8,16,臺中市,梧棲區,0,0,0,5,,,60,,,,,,,,,,,,,,16,,,,,B03,,,1,,2,,,49,49,1,12,4,120.535455,24.247203,3
11038,66000,387130000C,(04)23274275,(04)23288582,2025,7,30,8,21,臺中市,霧峰區,0,0,0,5,,,50,,,,,,,,,,,,,,13,,,,,B03,,,1,,2,,,84,84,1,13,4,120.691142,24.071148,3
11039,66000,387130000C,(04)23274275,(04)23288582,2025,7,30,8,22,臺中市,南屯區,0,0,0,5,,,50,,,,,,,,,,,,,,17,,,,,B03,,,1,,1,,,59,59,1,13,4,120.64791,24.123298,3
11040,66000,387130000C,(04)23274275,(04)23288582,2025,7,30,8,24,臺中市,西區,0,1,0,5,2,6,50,4,2,1,4,4,6,6,2,1,1,4,4,1,16,3,10,3,1,B03,7,5,1,8,2,2,,11,11,1,13,4,120.657267,24.149861,2
11041,66000,387130000C,(04)23274275,(04)23288582,2025,7,30,8,25,臺中市,南屯區,0,1,0,5,2,6,50,4,2,1,4,4,6,6,1,1,9,4,5,2,12,3,10,3,1,B03,7,7,1,8,2,6,,40,40,1,12,4,120.616286,24.146186,2
11042,66000,387130000C,(04)23274275,(04)23288582,2025,7,30,8,25,臺中市,北屯區,0,0,0,5,,,50,,,,,,,,,,,,,,13,,,,,B03,,,1,,1,,,7,7,1,6,4,120.721316,24.182113,3
11043,66000,387130000C,(04)23274275,(04)23288582,2025,7,30,8,28,臺中市,外埔區,0,0,0,6,2,6,50,12,9,1,4,4,6,6,4,4,9,4,4,1,17,,,,,,,,,,,,,59,59,1,,,120.661534,24.323865,3
11044,66000,387130000C,(04)23274275,(04)23288582,2025,7,30,8,29,臺中市,大里區,0,1,0,5,2,6,0,4,23,4,4,4,6,6,4,4,10,5,5,2,17,2,9,1,1,C03,7,9,1,10,2,11,,84,84,1,12,4,120.676744,24.109323,2
11045,66000,387130000C,(04)23274275,(04)23288582,2025,7,30,8,29,臺中市,太平區,0,1,0,5,3,6,50,13,9,1,4,4,6,6,4,4,9,5,5,2,13,3,10,3,1,B03,7,9,1,8,1,1,,7,7,1,12,4,120.713111,24.146826,2
11046,66000,387130000C,(04)23274275,(04)23288582,2025,7,30,8,30,臺中市,北區,0,0,0,5,,,30,,,,,,,,,,,,,,17,,,,,,,,,,,,,119,119,1,,,120.678747,24.16469,3
11047,66000,387130000C,(04)23274275,(04)23288582,2025,7,30,8,30,臺中市,西屯區,0,1,0,5,2,6,40,4,1,1,4,4,6,6,2,1,5,5,4,2,16,3,10,5,4,B01,7,5,1,4,2,16,,11,11,1,13,4,120.662138,24.165401,2
11048,66000,387130000C,(04)23274275,(04)23288582,2025,7,30,8,30,臺中市,大里區,0,0,0,5,,,50,,,,,,,,,,,,,,,,,,,B03,,,1,,1,,,14,14,1,11,4,120.685311,24.10057,3
11049,66000,387130000C,(04)23274275,(04)23288582,2025,7,30,8,32,臺中市,后里區,0,1,0,5,3,6,40,4,1,1,4,4,6,6,4,4,5,5,5,2,15,3,10,3,1,B03,7,9,1,8,2,1,,12,12,1,6,4,120.719914,24.304505,2
11050,66000,387130000C,(04)23274275,(04)23288582,2025,7,30,8,35,臺中市,北屯區,0,0,0,5,,,50,,,,,,,,,,,,,,17,,,,,C03,,,1,,1,,,50,50,1,12,4,120.671254,24.174753,3
11051,66000,387130000C,(04)23274275,(04)23288582,2025,7,30,8,37,臺中市,西屯區,0,0,0,5,,,50,,,,,,,,,,,,,,,,,,,B03,,,1,,2,,,50,50,1,13,4,120.648006,24.168271,3
11052,66000,387130000C,(04)23274275,(04)23288582,2025,7,30,8,41,臺中市,東區,0,0,0,5,,,50,,,,,,,,,,,,,,13,,,,,B03,,,1,,1,,,7,7,1,13,4,120.685881,24.126192,3
11053,66000,387130000C,(04)23274275,(04)23288582,2025,7,30,8,43,臺中市,南區,0,1,0,6,3,6,50,4,9,1,4,4,6,6,2,1,5,2,5,2,18,2,9,2,1,C03,7,9,1,10,2,12,,59,59,1,13,4,120.652766,24.117995,2
11054,66000,387130000C,(04)23274275,(04)23288582,2025,7,30,8,45,臺中市,西區,0,0,0,5,,,50,,,,,,,,,,,,,,,,,,,B03,,,1,,1,,,84,84,1,12,4,120.671076,24.133161,3
11055,66000,387130000C,(04)23274275,(04)23288582,2025,7,30,8,47,臺中市,西區,0,1,0,5,1,6,50,13,9,1,4,4,6,6,4,4,5,5,5,2,17,3,10,5,4,B03,7,14,1,8,2,4,,76,76,1,12,4,120.672181,24.149937,2
11056,66000,387130000C,(04)23274275,(04)23288582,2025,7,30,8,48,臺中市,南屯區,0,1,0,5,3,6,50,3,1,1,4,4,6,6,4,4,10,5,5,2,17,3,10,3,1,B03,7,1,1,8,2,7,,51,51,1,12,4,120.654547,24.137719,2
11057,66000,387130000C,(04)23274275,(04)23288582,2025,7,30,8,49,臺中市,北屯區,0,0,0,5,,,50,,,,,,,,,,,,,,12,,,,,B03,,,1,8,1,,,85,85,1,6,4,120.672648,24.174234,3
11058,66000,387130000C,(04)23274275,(04)23288582,2025,7,30,8,49,臺中市,北屯區,0,0,0,5,,,50,,,,,,,,,,,,,,14,,,,,B12,,,1,,1,,,49,49,1,12,4,120.690009,24.169134,3
11059,66000,387130000C,(04)23274275,(04)23288582,2025,7,30,8,50,臺中市,外埔區,0,0,0,5,,,50,,,,,,,,,,,,,,12,,,,,A12,,,1,,2,,,87,87,1,6,4,120.655686,24.329544,3
11060,66000,387130000C,(04)23274275,(04)23288582,2025,7,30,8,50,臺中市,大甲區,0,0,0,7,,,30,,,,,,,,,,,,,,13,,,,,C03,,,1,,2,,,7,7,1,12,4,120.632765,24.34615,3
11061,66000,387130000C,(04)23274275,(04)23288582,2025,7,30,9,4,臺中市,南屯區,0,0,0,5,,,50,,,,,,,,,,,,,,,,,,,B03,,,1,,1,,,7,7,1,13,4,120.646513,24.131037,3
11062,66000,387130000C,(04)23274275,(04)23288582,2025,7,30,9,5,臺中市,龍井區,0,0,0,5,,,40,,,,,,,,,,,,,,13,,,,,B03,,,1,,2,,,59,59,1,6,4,120.53517,24.219936,3
11063,66000,387130000C,(04)23274275,(04)23288582,2025,7,30,9,8,臺中市,北區,0,0,0,5,,,40,,,,,,,,,,,,,,13,,,,,C03,,,1,,2,,,7,7,1,13,4,120.673735,24.164806,3
11064,66000,387130000C,(04)23274275,(04)23288582,2025,7,30,9,9,臺中市,北區,0,0,0,5,,,50,,,,,,,,,,,,,,17,,,,,B03,,,1,,9,,,35,35,1,12,4,120.677303,24.151254,3
11065,66000,387130000C,(04)23274275,(04)23288582,2025,7,30,9,10,臺中市,烏日區,0,0,0,5,,,50,,,,,,,,,,,,,,14,,,,,B13,,,1,,2,,,49,49,1,6,4,120.602993,24.107551,3
11066,66000,387130000C,(04)23274275,(04)23288582,2025,7,30,9,14,臺中市,潭子區,0,0,0,5,,,50,,,,,,,,,,,,,,,,,,,C03,,,1,,2,,,7,7,1,13,4,120.706317,24.20348,3
11067,66000,387130000C,(04)23274275,(04)23288582,2025,7,30,9,16,臺中市,北區,0,2,0,7,2,6,30,3,8,1,4,4,6,6,4,4,10,5,4,2,17,2,9,1,1,C03,7,6,5,19,2,13,,48,48,1,13,4,120.681417,24.159322,2
11068,66000,387130000C,(04)23274275,(04)23288582,2025,7,30,9,19,臺中市,北屯區,0,1,0,5,3,6,50,4,1,1,4,4,6,6,2,1,10,5,5,2,13,2,9,2,1,C03,7,9,1,10,2,11,,7,7,1,6,4,120.673049,24.187186,2
11069,66000,387130000C,(04)23274275,(04)23288582,2025,7,30,9,19,臺中市,豐原區,0,0,0,6,2,6,50,4,9,1,4,4,6,6,2,1,5,2,5,2,13,3,10,3,1,B03,7,9,1,8,1,1,,84,84,1,12,4,120.703635,24.23874,3
11070,66000,387130000C,(04)23274275,(04)23288582,2025,7,30,9,23,臺中市,潭子區,0,0,0,5,,,50,,,,,,,,,,,,,,,,,,,B03,,,1,,2,,,59,59,1,12,4,120.701394,24.207738,3
11071,66000,387130000C,(04)23274275,(04)23288582,2025,7,30,9,25,臺中市,龍井區,0,1,0,6,3,9,40,18,14,1,5,4,6,6,4,4,10,5,5,2,16,3,10,3,1,A21,7,5,1,1,2,2,,8,8,1,6,4,120.513549,24.229048,2
11072,66000,387130000C,(04)23274275,(04)23288582,2025,7,30,9,29,臺中市,西屯區,0,0,0,5,,,50,,,,,,,,,,,,,,,,,,,B03,,,1,,1,,,59,59,1,12,4,120.663519,24.164156,3
11073,66000,387130000C,(04)23274275,(04)23288582,2025,7,30,9,33,臺中市,西屯區,0,0,0,5,,,50,,,,,,,,,,,,,,13,,,,,B03,,,1,,1,,,7,7,1,12,4,120.623331,24.182821,3
11074,66000,387130000C,(04)23274275,(04)23288582,2025,7,30,9,38,臺中市,北屯區,0,0,0,5,,,50,,,,,,,,,,,,,,13,,,,,B03,,,1,,2,,,59,59,1,12,4,120.668255,24.178602,3
11075,66000,387130000C,(04)23274275,(04)23288582,2025,7,30,9,43,臺中市,東區,0,2,0,5,2,6,50,3,1,1,4,4,6,6,4,4,10,5,5,2,16,2,9,3,1,B12,7,6,1,8,2,6,,14,14,1,12,4,120.707015,24.136384,2
11076,66000,387130000C,(04)23274275,(04)23288582,2025,7,30,9,45,臺中市,龍井區,0,0,0,5,,,60,,,,,,,,,,,,,,13,,,,,B03,,,1,,1,,,82,82,1,6,4,120.573422,24.185409,3
11077,66000,387130000C,(04)23274275,(04)23288582,2025,7,30,9,47,臺中市,北區,0,1,0,5,2,6,50,4,1,1,4,4,6,6,2,1,10,5,5,2,17,2,9,1,1,C03,7,9,1,10,2,12,,84,84,1,13,4,120.680373,24.166121,2
11078,66000,387130000C,(04)23274275,(04)23288582,2025,7,30,9,49,臺中市,西區,0,1,0,5,2,6,50,4,2,1,4,4,6,6,4,4,1,4,4,1,16,3,10,3,1,B03,7,5,1,8,2,2,,65,65,1,13,4,120.669049,24.143247,2
11079,66000,387130000C,(04)23274275,(04)23288582,2025,7,30,9,50,臺中市,潭子區,0,0,0,5,,,30,,,,,,,,,,,,,,,,,,,A12,,,1,,1,,,73,73,1,12,4,120.68836,24.211725,4