序號,縣市別代碼,機關代碼,市話,傳真,年,月,日,時,分,縣市,區,死亡數量,受傷數量,2-30,天候,道路照明設備,道路類別,道路速限,道路型態,事故位置,路面鋪裝,路面狀態,路面缺陷,障礙物,視距,號誌種類,號誌動作,分向設施,快車道或一般車道間,快慢車道間,路面邊線,事故類型及型態,受傷程度,主要傷處,保護裝備,行動電話或功能裝置,當事者區分(類別),車輛用途,當事者行動狀態,駕照狀態,駕照種類,飲酒情形,車輛撞擊部位最初,車輛撞擊部位其他,肇事因素個別,肇事因素主要,肇事逃逸,職業,共享經濟或外送平台,GPS座標X,GPS座標Y,事故類別
11080,66000,387130000C,(04)23274275,(04)23288582,2025,7,30,9,50,臺中市,新社區,1,0,0,7,2,6,30,13,9,1,4,4,6,6,4,4,10,5,5,1,14,3,10,3,1,B12,7,2,1,7,2,6,,49,49,1,12,4,120.788474,24.245266,1
11081,66000,387130000C,(04)23274275,(04)23288582,2025,7,30,10,0,臺中市,東區,0,0,0,5,,,30,,,,,,,,,,,,,,,,,,,B03,,,1,,9,,,85,85,1,13,4,120.689373,24.134817,3
11082,66000,387130000C,(04)23274275,(04)23288582,2025,7,30,10,2,臺中市,沙鹿區,0,0,0,7,,,40,,,,,,,,,,,,,,,,,,,B12,,,1,,2,,,49,49,1,12,4,120.562529,24.237551,3
11083,66000,387130000C,(04)23274275,(04)23288582,2025,7,30,10,3,臺中市,西屯區,0,1,0,5,2,6,50,4,1,1,4,4,6,6,1,1,1,4,5,1,16,3,10,5,4,B03,7,5,1,8,2,2,,11,11,1,13,4,120.641008,24.173484,2
11084,66000,387130000C,(04)23274275,(04)23288582,2025,7,30,10,8,臺中市,西屯區,0,2,0,7,2,6,30,3,1,1,4,4,6,6,4,4,10,5,5,2,17,2,9,1,1,C03,7,6,1,10,2,14,,48,48,1,13,4,120.668515,24.17558,2
11085,66000,387130000C,(04)23274275,(04)23288582,2025,7,30,10,9,臺中市,南區,0,1,0,5,2,6,30,3,1,1,4,4,6,6,4,4,10,5,5,2,18,2,9,1,1,C04,7,5,1,11,2,12,,94,94,1,12,4,120.665707,24.125962,2
11086,66000,387130000C,(04)23274275,(04)23288582,2025,7,30,10,10,臺中市,西屯區,0,0,0,6,,,60,,,,,,,,,,,,,,,,,,,B03,,,1,,1,,,7,7,1,12,4,120.621549,24.180068,3
11087,66000,387130000C,(04)23274275,(04)23288582,2025,7,30,10,10,臺中市,西屯區,0,0,0,5,,,50,,,,,,,,,,,,,,,,,,,A06,,,1,2,2,,,8,8,1,12,4,120.60412,24.171159,3
11088,66000,387130000C,(04)23274275,(04)23288582,2025,7,30,10,12,臺中市,西屯區,0,0,0,7,,,50,,,,,,,,,,,,,,13,,,,,B03,,,1,,1,,,59,59,1,13,4,120.642942,24.158867,3
11089,66000,387130000C,(04)23274275,(04)23288582,2025,7,30,10,12,臺中市,梧棲區,0,1,0,6,2,6,50,13,9,1,5,4,6,6,4,4,9,4,5,1,20,2,9,3,1,B03,7,9,1,8,2,5,,84,84,1,12,4,120.535768,24.22543,2
11090,66000,387130000C,(04)23274275,(04)23288582,2025,7,30,10,17,臺中市,南區,0,1,0,5,3,6,40,13,8,1,4,4,6,6,4,4,1,4,4,2,18,2,9,2,1,C03,7,9,1,10,2,14,,59,59,1,13,4,120.654248,24.114849,2
11091,66000,387130000C,(04)23274275,(04)23288582,2025,7,30,10,20,臺中市,梧棲區,0,0,0,6,,,40,,,,,,,,,,,,,,13,,,,,B03,,,1,,1,,,7,7,1,12,4,120.525637,24.224594,3
11092,66000,387130000C,(04)23274275,(04)23288582,2025,7,30,10,20,臺中市,和平區,0,0,0,5,1,2,50,13,9,1,4,4,6,6,4,4,4,3,5,1,20,,,,,B03,,,1,,2,,,43,43,1,12,4,120.870153,24.16989,3
11093,66000,387130000C,(04)23274275,(04)23288582,2025,7,30,10,22,臺中市,北屯區,0,0,0,5,,,50,,,,,,,,,,,,,,17,,,,,B03,,,1,,2,,,50,50,1,6,4,120.696832,24.183279,3
11094,66000,387130000C,(04)23274275,(04)23288582,2025,7,30,10,30,臺中市,大雅區,0,1,0,6,2,6,50,4,1,1,4,4,6,6,4,4,10,4,5,1,17,2,9,1,1,C03,7,9,1,10,2,14,,84,84,1,12,4,120.651952,24.225829,2
11095,66000,387130000C,(04)23274275,(04)23288582,2025,7,30,10,38,臺中市,南屯區,0,0,0,5,,,50,,,,,,,,,,,,,,17,,,,,B03,,,1,,2,,,84,84,1,13,4,120.648012,24.146677,3
11096,66000,387130000C,(04)23274275,(04)23288582,2025,7,30,10,41,臺中市,神岡區,0,0,0,7,,,30,,,,,,,,,,,,,,13,,,,,B12,,,1,,2,,,7,7,1,12,4,120.692453,24.236233,3
11097,66000,387130000C,(04)23274275,(04)23288582,2025,7,30,10,49,臺中市,西區,0,1,0,5,2,6,40,4,1,1,4,4,6,6,1,1,10,5,5,2,21,2,9,1,1,C03,7,9,1,10,2,14,11,84,84,1,12,4,120.667305,24.140607,2
11098,66000,387130000C,(04)23274275,(04)23288582,2025,7,30,10,51,臺中市,后里區,0,0,0,6,2,6,30,13,9,1,4,4,6,6,4,4,10,5,5,2,11,,,,,B03,,,1,,2,,,41,41,1,6,4,120.709572,24.311478,3
11099,66000,387130000C,(04)23274275,(04)23288582,2025,7,30,10,53,臺中市,南屯區,0,1,0,5,2,6,50,4,1,1,4,4,6,6,4,4,9,4,5,2,17,3,10,1,1,C03,7,9,1,10,2,16,,15,15,1,12,4,120.647778,24.143215,2
11100,66000,387130000C,(04)23274275,(04)23288582,2025,7,30,10,55,臺中市,南屯區,0,2,0,5,3,6,50,4,2,1,4,4,6,6,4,4,5,5,5,2,13,2,9,2,1,C03,7,9,2,19,2,11,,43,43,1,12,4,120.650981,24.156206,2
11101,66000,387130000C,(04)23274275,(04)23288582,2025,7,30,10,55,臺中市,霧峰區,0,1,0,5,2,6,50,13,9,1,4,4,6,6,4,4,5,5,5,1,27,2,9,3,1,B12,7,9,1,8,2,1,,84,84,1,13,4,120.683608,24.069019,2
11102,66000,387130000C,(04)23274275,(04)23288582,2025,7,30,10,56,臺中市,大里區,0,0,0,5,,,50,,,,,,,,,,,,,,17,,,,,A12,,,1,,2,,,84,84,1,12,4,120.69013,24.101104,3
11103,66000,387130000C,(04)23274275,(04)23288582,2025,7,30,10,59,臺中市,后里區,0,0,0,7,3,6,50,3,1,1,5,4,6,6,4,4,5,4,4,1,16,3,10,3,1,B03,7,6,5,19,2,1,,14,14,1,6,4,120.716071,24.309867,3
11104,66000,387130000C,(04)23274275,(04)23288582,2025,7,30,11,0,臺中市,西區,0,1,0,5,1,6,50,3,1,1,4,4,6,6,4,4,10,5,5,1,17,3,10,5,4,C03,7,5,1,10,2,16,,85,85,1,12,4,120.671698,24.13486,2
11105,66000,387130000C,(04)23274275,(04)23288582,2025,7,30,11,0,臺中市,沙鹿區,0,2,0,7,2,6,50,3,8,1,5,4,6,6,4,4,4,3,4,2,15,2,8,2,1,C03,7,1,1,10,2,14,,51,51,1,12,4,120.555144,24.223221,2
11106,66000,387130000C,(04)23274275,(04)23288582,2025,7,30,11,5,臺中市,潭子區,0,0,0,6,,,50,,,,,,,,,,,,,,,,,,,B03,,,1,,2,,,59,59,1,13,4,120.699273,24.201473,3
11107,66000,387130000C,(04)23274275,(04)23288582,2025,7,30,11,7,臺中市,北屯區,0,0,0,5,,,0,,,,,,,,,,,,,,14,,,,,E03,,,1,,2,,,49,49,1,11,4,120.705738,24.1648,4
11108,66000,387130000C,(04)23274275,(04)23288582,2025,7,30,11,8,臺中市,南屯區,0,0,0,7,,,50,,,,,,,,,,,,,,14,,,,,B12,,,1,,1,,,49,49,1,13,4,120.633966,24.144789,3
11109,66000,387130000C,(04)23274275,(04)23288582,2025,7,30,11,14,臺中市,東勢區,0,0,0,7,,,50,,,,,,,,,,,,,,17,,,,,B03,,,1,,9,,,51,51,1,13,4,120.82998,24.253553,3
11110,66000,387130000C,(04)23274275,(04)23288582,2025,7,30,11,15,臺中市,西區,0,0,0,5,,,50,,,,,,,,,,,,,,14,,,,,B03,,,1,,1,,,49,49,1,13,4,120.671435,24.137195,3
11111,66000,387130000C,(04)23274275,(04)23288582,2025,7,30,11,20,臺中市,南區,0,0,0,5,,,50,,,,,,,,,,,,,,13,,,,,B03,,,1,,1,,,84,84,1,13,4,120.669141,24.128485,3
11112,66000,387130000C,(04)23274275,(04)23288582,2025,7,30,11,21,臺中市,北區,0,0,0,7,,,50,,,,,,,,,,,,,,17,,,,,C03,,,1,,9,,,59,59,1,12,4,120.665852,24.159505,3
11113,66000,387130000C,(04)23274275,(04)23288582,2025,7,30,11,23,臺中市,大雅區,0,1,0,6,2,6,50,4,2,1,5,4,6,6,1,1,4,3,5,1,13,3,10,3,1,B03,7,5,1,6,2,1,,84,84,1,13,4,120.657099,24.225027,2
11114,66000,387130000C,(04)23274275,(04)23288582,2025,7,30,11,23,臺中市,西屯區,0,1,0,5,2,6,30,4,1,1,4,4,6,6,4,4,10,5,5,2,15,3,10,5,4,B03,7,9,1,8,2,2,,15,15,1,12,4,120.652321,24.162094,2
11115,66000,387130000C,(04)23274275,(04)23288582,2025,7,30,11,23,臺中市,大里區,0,1,0,5,2,6,50,13,9,1,4,4,6,6,4,4,1,4,5,1,17,2,9,1,1,C03,7,9,1,10,2,11,,84,84,1,12,4,120.681421,24.105186,2
11116,66000,387130000C,(04)23274275,(04)23288582,2025,7,30,11,25,臺中市,大里區,0,0,0,5,,,50,,,,,,,,,,,,,,,,,,,B12,,,1,,2,,,84,84,1,12,4,120.681087,24.104377,3
11117,66000,387130000C,(04)23274275,(04)23288582,2025,7,30,11,30,臺中市,新社區,0,1,0,6,3,6,50,13,9,1,5,4,6,6,4,4,5,5,5,1,18,2,8,2,1,C03,7,9,1,10,2,14,,59,59,1,12,4,120.807237,24.255208,2
11118,66000,387130000C,(04)23274275,(04)23288582,2025,7,30,11,31,臺中市,南屯區,0,0,0,5,,,50,,,,,,,,,,,,,,13,,,,,B03,,,1,,1,,,84,84,1,13,4,120.646419,24.134621,3
11119,66000,387130000C,(04)23274275,(04)23288582,2025,7,30,11,33,臺中市,大里區,0,0,0,5,,,50,,,,,,,,,,,,,,17,,,,,B12,,,1,,1,,,7,7,1,12,4,120.678043,24.103808,3
11120,66000,387130000C,(04)23274275,(04)23288582,2025,7,30,11,45,臺中市,南屯區,0,0,0,7,,,40,,,,,,,,,,,,,,17,,,,,B03,,,1,,1,,,84,84,1,12,4,120.618044,24.140581,3
11121,66000,387130000C,(04)23274275,(04)23288582,2025,7,30,11,45,臺中市,西屯區,0,0,0,7,,,50,,,,,,,,,,,,,,,,,,,B12,,,1,,1,,,49,49,1,12,4,120.613216,24.171574,3
11122,66000,387130000C,(04)23274275,(04)23288582,2025,7,30,11,45,臺中市,太平區,0,0,0,6,,,50,,,,,,,,,,,,,,,,,,,B12,,,1,,1,,,49,49,1,12,4,120.711713,24.150072,3
11123,66000,387130000C,(04)23274275,(04)23288582,2025,7,30,11,46,臺中市,北區,0,0,0,5,,,50,,,,,,,,,,,,,,17,,,,,B03,,,1,,2,,,84,84,1,13,4,120.682365,24.163041,3
11124,66000,387130000C,(04)23274275,(04)23288582,2025,7,30,11,51,臺中市,北屯區,0,1,0,6,2,6,50,5,2,1,5,4,6,6,1,1,10,5,5,2,18,2,9,1,1,C03,7,9,1,10,2,12,,82,82,1,12,4,120.686582,24.201456,2
11125,66000,387130000C,(04)23274275,(04)23288582,2025,7,30,11,52,臺中市,南區,0,3,0,5,2,6,50,3,1,1,4,4,6,6,4,4,10,5,5,2,17,2,9,1,1,C03,7,11,1,10,2,12,,45,45,1,12,4,120.670094,24.11822,2
11126,66000,387130000C,(04)23274275,(04)23288582,2025,7,30,11,52,臺中市,西屯區,0,1,0,7,2,6,40,4,1,1,4,4,6,6,1,1,1,4,1,1,12,3,10,5,4,B03,7,8,1,8,2,15,,40,40,1,13,4,120.641106,24.167884,2
11127,66000,387130000C,(04)23274275,(04)23288582,2025,7,30,11,52,臺中市,大甲區,0,0,0,7,,,50,,,,,,,,,,,,,,,,,,,B03,,,1,,2,,,7,7,1,6,4,120.617982,24.338271,3
11128,66000,387130000C,(04)23274275,(04)23288582,2025,7,30,11,57,臺中市,豐原區,0,0,0,7,,,50,,,,,,,,,,,,,,14,,,,,B12,,,1,,2,,,49,49,1,12,4,120.710666,24.246704,3
11129,66000,387130000C,(04)23274275,(04)23288582,2025,7,30,12,0,臺中市,西屯區,0,0,0,7,,,70,,,,,,,,,,,,,,12,,,,,B03,,,1,,2,,,35,35,1,13,4,120.622478,24.179487,3
11130,66000,387130000C,(04)23274275,(04)23288582,2025,7,30,12,0,臺中市,太平區,0,0,0,7,,,50,,,,,,,,,,,,,,,,,,,B12,,,1,,2,,,49,49,1,12,4,120.748953,24.124951,3
11131,66000,387130000C,(04)23274275,(04)23288582,2025,7,30,12,0,臺中市,和平區,0,0,0,7,,,30,,,,,,,,,,,,,,,,,,,B03,,,1,,2,,,87,87,1,12,4,121.307685,24.3277,3
11132,66000,387130000C,(04)23274275,(04)23288582,2025,7,30,12,6,臺中市,南屯區,0,0,0,5,,,50,,,,,,,,,,,,,,13,,,,,B03,,,1,,1,,,59,59,1,12,5,120.611435,24.138428,3
11133,66000,387130000C,(04)23274275,(04)23288582,2025,7,30,12,7,臺中市,西屯區,0,0,0,6,,,40,,,,,,,,,,,,,,14,,,,,B03,,,1,,1,,,49,49,1,13,4,120.635824,24.171898,3
11134,66000,387130000C,(04)23274275,(04)23288582,2025,7,30,12,8,臺中市,西屯區,0,0,0,7,,,50,,,,,,,,,,,,,,,,,,,B03,,,1,,1,,,7,7,1,13,4,120.664726,24.178119,3
11135,66000,387130000C,(04)23274275,(04)23288582,2025,7,30,12,11,臺中市,西區,0,0,0,5,,,50,,,,,,,,,,,,,,,,,,,B03,,,1,8,1,,,47,47,1,13,4,120.672721,24.1359,3
11136,66000,387130000C,(04)23274275,(04)23288582,2025,7,30,12,15,臺中市,大里區,0,1,0,5,2,6,30,13,9,1,4,4,6,6,4,4,10,5,5,1,17,3,10,3,1,B03,7,1,1,8,2,8,,51,51,1,13,4,120.70452,24.091716,2
11137,66000,387130000C,(04)23274275,(04)23288582,2025,7,30,12,18,臺中市,烏日區,0,0,0,7,,,50,,,,,,,,,,,,,,,,,,,B03,,,1,,1,,,45,45,1,13,4,120.608822,24.116088,3
11138,66000,387130000C,(04)23274275,(04)23288582,2025,7,30,12,20,臺中市,豐原區,0,0,0,7,,,50,,,,,,,,,,,,,,14,,,,,B02,,,1,,2,,,49,49,1,12,4,120.739785,24.257028,3
11139,66000,387130000C,(04)23274275,(04)23288582,2025,7,30,12,21,臺中市,北屯區,0,0,0,7,,,0,,,,,,,,,,,,,,9,,,,,C03,,,1,,1,,,8,8,1,6,4,120.665888,24.182873,4
11140,66000,387130000C,(04)23274275,(04)23288582,2025,7,30,12,21,臺中市,大里區,0,1,0,5,2,6,50,4,1,1,4,4,6,6,4,4,5,5,5,2,16,2,9,2,1,C03,7,6,1,10,2,12,,14,14,1,13,4,120.689876,24.087304,2
11141,66000,387130000C,(04)23274275,(04)23288582,2025,7,30,12,26,臺中市,南區,0,1,0,6,2,6,50,13,9,1,4,4,6,6,4,4,5,2,5,2,13,3,10,3,1,B03,7,9,1,8,1,1,,84,84,1,13,4,120.667082,24.128988,2
11142,66000,387130000C,(04)23274275,(04)23288582,2025,7,30,12,29,臺中市,東區,0,1,0,5,3,6,50,4,1,1,4,4,6,6,2,1,10,5,5,2,16,2,9,2,1,C03,7,6,1,10,2,13,,11,11,1,13,4,120.688484,24.135263,2
11143,66000,387130000C,(04)23274275,(04)23288582,2025,7,30,12,36,臺中市,北區,0,2,0,5,2,6,50,3,1,1,4,4,6,6,2,1,2,4,5,2,18,2,9,2,1,C03,7,9,1,10,2,14,,84,84,1,12,4,120.684085,24.149878,2
11144,66000,387130000C,(04)23274275,(04)23288582,2025,7,30,12,39,臺中市,大里區,0,0,0,6,,,50,,,,,,,,,,,,,,17,,,,,B03,,,1,,1,,,8,8,1,12,4,120.682307,24.111718,3
11145,66000,387130000C,(04)23274275,(04)23288582,2025,7,30,12,42,臺中市,梧棲區,0,0,0,7,,,50,,,,,,,,,,,,,,16,,,,,B03,,,1,,1,,,51,51,1,6,4,120.530094,24.253785,3
11146,66000,387130000C,(04)23274275,(04)23288582,2025,7,30,12,45,臺中市,北區,0,1,0,5,2,6,50,4,1,1,4,4,6,6,1,1,10,5,5,2,17,3,10,3,1,B03,7,6,1,8,2,1,,11,11,1,12,4,120.701948,24.159731,2
11147,66000,387130000C,(04)23274275,(04)23288582,2025,7,30,12,46,臺中市,南區,0,0,0,5,,,30,,,,,,,,,,,,,,17,,,,,B12,,,1,,1,,,51,51,1,12,4,120.64887,24.112495,3
11148,66000,387130000C,(04)23274275,(04)23288582,2025,7,30,12,49,臺中市,豐原區,0,1,0,5,2,6,50,4,1,1,4,4,6,6,1,1,5,5,5,2,30,2,9,5,4,B03,7,9,1,10,2,15,,54,54,1,13,4,120.718685,24.251529,2
11149,66000,387130000C,(04)23274275,(04)23288582,2025,7,30,12,50,臺中市,烏日區,0,1,0,5,3,6,30,4,1,1,4,4,6,6,4,4,5,5,5,2,15,2,8,2,1,C03,7,9,1,10,2,11,,20,20,1,6,4,120.63502,24.110411,2
11150,66000,387130000C,(04)23274275,(04)23288582,2025,7,30,12,54,臺中市,南屯區,0,0,0,7,,,50,,,,,,,,,,,,,,,,,,,B03,,,1,,2,,,51,51,1,13,4,120.635896,24.130848,3
11151,66000,387130000C,(04)23274275,(04)23288582,2025,7,30,12,56,臺中市,烏日區,0,2,0,6,2,6,50,11,8,1,4,4,6,6,4,4,1,4,4,1,17,3,10,5,4,B02,7,7,1,8,2,6,,40,40,1,12,4,120.584316,24.111465,2
11152,66000,387130000C,(04)23274275,(04)23288582,2025,7,30,13,10,臺中市,西屯區,0,0,0,5,,,30,,,,,,,,,,,,,,,,,,,B12,,,1,,1,,,59,59,1,12,4,120.646151,24.181155,3
11153,66000,387130000C,(04)23274275,(04)23288582,2025,7,30,13,11,臺中市,大甲區,0,0,0,7,,,40,,,,,,,,,,,,,,,,,,,B03,,,1,,1,,,49,49,1,12,4,120.602976,24.335557,3
11154,66000,387130000C,(04)23274275,(04)23288582,2025,7,30,13,15,臺中市,北區,0,0,0,5,,,50,,,,,,,,,,,,,,15,,,,,B03,,,1,,2,,,12,12,1,13,4,120.681023,24.153647,3
11155,66000,387130000C,(04)23274275,(04)23288582,2025,7,30,13,19,臺中市,西區,0,1,0,6,2,6,50,4,1,1,4,4,6,6,4,4,10,5,5,2,15,3,10,3,1,B03,7,9,1,8,2,2,6,15,15,1,12,4,120.673242,24.148836,2
11156,66000,387130000C,(04)23274275,(04)23288582,2025,7,30,13,19,臺中市,東區,0,1,0,5,2,6,50,13,9,1,3,4,6,6,4,4,5,5,5,2,13,2,8,2,1,C03,7,9,3,19,2,11,,7,7,1,6,4,120.701336,24.141754,2
11157,66000,387130000C,(04)23274275,(04)23288582,2025,7,30,13,19,臺中市,南屯區,0,0,0,5,,,50,,,,,,,,,,,,,,,,,,,B03,,,1,,1,,,7,7,1,6,4,120.623497,24.149515,3
11158,66000,387130000C,(04)23274275,(04)23288582,2025,7,30,13,20,臺中市,西屯區,0,0,0,6,,,50,,,,,,,,,,,,,,13,,,,,B03,,,1,,1,,,59,59,1,12,4,120.627693,24.201611,3
11159,66000,387130000C,(04)23274275,(04)23288582,2025,7,30,13,26,臺中市,東勢區,0,1,0,7,1,6,40,13,8,1,5,4,6,6,4,4,1,4,4,1,18,2,8,5,4,C03,7,9,5,19,8,12,,53,53,1,13,4,120.836156,24.232612,2
11160,66000,387130000C,(04)23274275,(04)23288582,2025,7,30,13,31,臺中市,北區,0,0,0,5,,,50,,,,,,,,,,,,,,13,,,,,B03,,,1,,1,,,59,59,1,12,4,120.675117,24.163264,3
11161,66000,387130000C,(04)23274275,(04)23288582,2025,7,30,13,33,臺中市,北屯區,0,1,0,5,3,6,50,13,9,1,4,4,6,6,4,4,5,5,5,2,13,3,10,3,1,B03,7,9,1,8,6,1,6,84,84,1,6,4,120.706277,24.165735,2
11162,66000,387130000C,(04)23274275,(04)23288582,2025,7,30,13,39,臺中市,南區,0,1,0,5,3,6,50,3,2,1,4,4,6,6,4,4,5,4,5,2,16,3,10,3,1,B03,7,5,1,8,2,7,,13,13,1,13,4,120.666825,24.119999,2
11163,66000,387130000C,(04)23274275,(04)23288582,2025,7,30,13,44,臺中市,西屯區,0,1,0,7,2,6,50,4,2,1,5,4,6,6,1,1,5,5,4,2,16,3,10,3,1,B03,7,5,1,8,2,6,,11,11,1,12,4,120.640101,24.160523,2
11164,66000,387130000C,(04)23274275,(04)23288582,2025,7,30,13,45,臺中市,大里區,0,0,0,5,,,50,,,,,,,,,,,,,,,,,,,C03,,,1,,1,,,21,21,1,13,4,120.698601,24.098888,3
11165,66000,387130000C,(04)23274275,(04)23288582,2025,7,30,13,49,臺中市,大肚區,0,1,0,7,3,6,50,13,9,1,5,4,6,6,4,4,5,5,5,2,13,2,9,2,1,C03,7,14,2,19,2,14,,82,82,1,6,4,120.562377,24.153114,2
11166,66000,387130000C,(04)23274275,(04)23288582,2025,7,30,13,50,臺中市,北區,0,0,0,5,,,50,,,,,,,,,,,,,,17,,,,,B01,,,1,,2,,,8,8,1,13,4,120.682175,24.151197,3
11167,66000,387130000C,(04)23274275,(04)23288582,2025,7,30,13,51,臺中市,南區,0,1,0,5,2,6,40,3,1,1,4,4,6,6,4,4,10,5,5,2,18,2,9,2,1,C03,7,12,1,10,2,14,,82,82,1,13,4,120.661505,24.11691,2
11168,66000,387130000C,(04)23274275,(04)23288582,2025,7,30,13,52,臺中市,西區,0,0,0,5,,,50,,,,,,,,,,,,,,,,,,,B03,,,1,10,1,,,84,84,1,13,4,120.664761,24.135225,3
11169,66000,387130000C,(04)23274275,(04)23288582,2025,7,30,13,53,臺中市,南屯區,0,1,0,7,2,6,50,3,1,1,5,4,6,6,1,1,9,5,5,2,12,3,10,3,1,B03,7,9,1,8,2,2,,8,8,1,12,4,120.637935,24.129995,2
11170,66000,387130000C,(04)23274275,(04)23288582,2025,7,30,13,54,臺中市,北區,0,0,0,5,,,50,,,,,,,,,,,,,,13,,,,,B03,,,1,,1,,,59,59,1,13,4,120.691265,24.15885,3
11171,66000,387130000C,(04)23274275,(04)23288582,2025,7,30,13,54,臺中市,霧峰區,0,0,0,4,,,50,,,,,,,,,,,,,,14,,,,,B03,,,1,,1,,,49,49,1,13,4,120.698364,24.063008,3
11172,66000,387130000C,(04)23274275,(04)23288582,2025,7,30,13,56,臺中市,太平區,0,0,0,7,,3,80,,,,,,,,,,,,,,,,,,,B12,,,1,,1,,,7,7,1,6,4,120.717157,24.156487,3
11173,66000,387130000C,(04)23274275,(04)23288582,2025,7,30,14,0,臺中市,南屯區,0,1,0,5,3,6,50,13,7,1,4,4,6,6,4,4,1,4,4,2,17,2,9,2,1,C03,7,9,1,10,2,11,,84,84,1,13,4,120.637174,24.152417,2
11174,66000,387130000C,(04)23274275,(04)23288582,2025,7,30,14,5,臺中市,西區,0,0,0,5,,,50,,,,,,,,,,,,,,,,,,,B03,,,1,,2,,,8,8,1,12,4,120.673675,24.149446,3
11175,66000,387130000C,(04)23274275,(04)23288582,2025,7,30,14,5,臺中市,南屯區,0,1,0,7,2,6,50,13,9,1,5,4,6,6,4,4,5,4,5,2,16,3,10,3,1,B03,7,5,1,8,1,2,,65,65,1,13,4,120.613416,24.139394,2
11176,66000,387130000C,(04)23274275,(04)23288582,2025,7,30,14,8,臺中市,東區,0,1,0,5,2,6,50,13,9,1,4,4,6,6,4,4,5,4,5,2,18,2,9,2,1,C03,7,9,1,10,2,12,,84,84,1,6,4,120.687572,24.140142,2
11177,66000,387130000C,(04)23274275,(04)23288582,2025,7,30,14,8,臺中市,東區,0,0,0,7,,,50,,,,,,,,,,,,,,17,,,,,,,,,,,,,86,86,1,,,120.702246,24.134992,3
11178,66000,387130000C,(04)23274275,(04)23288582,2025,7,30,14,15,臺中市,南屯區,0,1,0,7,2,6,40,13,8,1,5,4,6,6,4,4,9,4,4,2,12,3,10,3,1,B03,7,11,1,8,2,8,,45,45,1,12,4,120.637199,24.148801,2
11179,66000,387130000C,(04)23274275,(04)23288582,2025,7,30,14,20,臺中市,南屯區,0,0,0,5,,,,,,,,,,,,,,,,,,,,,,,,,,,,,,119,119,1,,,120.628306,24.144782,3
11180,66000,387130000C,(04)23274275,(04)23288582,2025,7,30,14,25,臺中市,東勢區,0,0,0,7,,,50,,,,,,,,,,,,,,15,,,,,B03,,,3,,1,,,21,21,1,13,4,120.830062,24.255976,3
11181,66000,387130000C,(04)23274275,(04)23288582,2025,7,30,14,28,臺中市,大甲區,0,1,0,7,3,6,50,3,1,1,5,4,6,6,1,1,10,5,5,2,17,3,10,3,1,B03,7,5,1,8,2,2,,11,11,1,6,4,120.614971,24.33387,2
11182,66000,387130000C,(04)23274275,(04)23288582,2025,7,30,14,29,臺中市,太平區,0,0,0,7,,,50,,,,,,,,,,,,,,,,,,,C03,,,1,,2,,,50,50,1,12,4,120.718879,24.130521,3
11183,66000,387130000C,(04)23274275,(04)23288582,2025,7,30,14,30,臺中市,西區,0,0,0,5,,,30,,,,,,,,,,,,,,,,,,,B03,,,1,8,1,,,8,8,1,13,4,120.659054,24.145036,3
11184,66000,387130000C,(04)23274275,(04)23288582,2025,7,30,14,38,臺中市,北屯區,0,0,0,7,,,50,,,,,,,,,,,,,,13,,,,,B03,,,1,,1,,,84,84,1,6,4,120.663926,24.185839,3
11185,66000,387130000C,(04)23274275,(04)23288582,2025,7,30,14,48,臺中市,西屯區,0,0,0,7,,,40,,,,,,,,,,,,,,17,,,,,B03,,,1,,2,,,8,8,1,13,4,120.636038,24.169439,3
11186,66000,387130000C,(04)23274275,(04)23288582,2025,7,30,14,52,臺中市,北區,0,1,0,5,2,6,50,4,1,1,4,4,6,6,2,1,2,4,5,2,13,2,9,1,1,C03,7,9,1,10,2,11,,59,59,1,12,4,120.685399,24.152767,2
11187,66000,387130000C,(04)23274275,(04)23288582,2025,7,30,14,59,臺中市,大里區,0,1,0,5,3,6,50,4,9,1,4,4,6,6,1,1,5,5,5,2,18,2,9,1,1,C03,7,9,1,10,2,14,,84,84,1,12,4,120.684253,24.116614,2
11188,66000,387130000C,(04)23274275,(04)23288582,2025,7,30,14,59,臺中市,霧峰區,0,1,0,5,2,6,50,4,1,1,4,4,6,6,1,1,10,5,5,2,16,3,10,2,1,C03,7,6,1,10,2,11,,11,11,1,13,4,120.709285,24.080698,2
11189,66000,387130000C,(04)23274275,(04)23288582,2025,7,30,15,0,臺中市,北區,0,1,0,7,2,6,50,4,1,1,5,4,6,6,4,4,10,5,5,2,15,3,10,3,1,B03,7,9,1,8,2,1,,12,12,1,13,4,120.675153,24.171499,2
11190,66000,387130000C,(04)23274275,(04)23288582,2025,7,30,15,0,臺中市,西屯區,0,0,0,7,2,6,50,13,9,1,5,4,6,6,4,4,9,5,5,2,14,,,,,B03,,,1,,2,,,49,49,1,13,4,120.588522,24.17601,3
11191,66000,387130000C,(04)23274275,(04)23288582,2025,7,30,15,3,臺中市,太平區,0,0,0,5,,,50,,,,,,,,,,,,,,13,,,,,B03,,,1,,1,,,84,84,1,12,4,120.720069,24.157837,3