序號,縣市別代碼,機關代碼,市話,傳真,年,月,日,時,分,縣市,區,死亡數量,受傷數量,2-30,天候,道路照明設備,道路類別,道路速限,道路型態,事故位置,路面鋪裝,路面狀態,路面缺陷,障礙物,視距,號誌種類,號誌動作,分向設施,快車道或一般車道間,快慢車道間,路面邊線,事故類型及型態,受傷程度,主要傷處,保護裝備,行動電話或功能裝置,當事者區分(類別),車輛用途,當事者行動狀態,駕照狀態,駕照種類,飲酒情形,車輛撞擊部位最初,車輛撞擊部位其他,肇事因素個別,肇事因素主要,肇事逃逸,職業,共享經濟或外送平台,GPS座標X,GPS座標Y,事故類別
11192,66000,387130000C,(04)23274275,(04)23288582,2025,7,30,15,12,臺中市,南屯區,0,1,0,5,2,6,50,4,1,1,4,4,6,6,2,1,1,5,5,2,16,3,10,3,1,B03,7,5,1,8,2,5,,22,22,1,6,4,120.623497,24.149515,2
11193,66000,387130000C,(04)23274275,(04)23288582,2025,7,30,15,15,臺中市,北屯區,0,0,0,5,,,50,,,,,,,,,,,,,,17,,,,,B03,,,1,,1,,,84,84,1,12,4,120.702144,24.184488,3
11194,66000,387130000C,(04)23274275,(04)23288582,2025,7,30,15,25,臺中市,大里區,0,1,0,5,3,6,0,13,8,1,4,4,6,6,4,4,5,5,4,1,17,3,10,1,1,C03,7,9,1,10,2,13,,39,39,1,12,4,120.684436,24.110394,2
11195,66000,387130000C,(04)23274275,(04)23288582,2025,7,30,15,27,臺中市,梧棲區,0,0,0,7,,,50,,,,,,,,,,,,,,17,,,,,C03,,,1,,2,,,22,22,1,6,4,120.536766,24.238581,3
11196,66000,387130000C,(04)23274275,(04)23288582,2025,7,30,15,28,臺中市,太平區,0,1,0,5,2,6,30,13,9,1,4,4,6,6,4,4,10,5,5,2,17,2,8,5,4,C03,7,9,1,10,2,16,,59,59,1,6,4,120.723136,24.123189,2
11197,66000,387130000C,(04)23274275,(04)23288582,2025,7,30,15,30,臺中市,清水區,0,2,0,7,2,6,50,3,1,1,4,4,6,6,4,4,8,3,4,2,15,2,8,1,1,C03,7,9,1,10,2,14,,12,12,1,12,4,120.575202,24.278148,2
11198,66000,387130000C,(04)23274275,(04)23288582,2025,7,30,15,32,臺中市,西屯區,0,0,0,5,,,30,,,,,,,,,,,,,,14,,,,,B03,,,1,,1,,,49,49,1,12,4,120.617239,24.184684,3
11199,66000,387130000C,(04)23274275,(04)23288582,2025,7,30,15,33,臺中市,大肚區,0,0,0,6,,,30,,,,,,,,,,,,,,30,,,,,B12,,,1,,2,,,8,8,1,6,4,120.547237,24.147679,3
11200,66000,387130000C,(04)23274275,(04)23288582,2025,7,30,15,34,臺中市,太平區,0,0,0,5,,,50,,,,,,,,,,,,,,,,,,,B03,,,1,,1,,,49,49,1,12,4,120.71424,24.139232,3
11201,66000,387130000C,(04)23274275,(04)23288582,2025,7,30,15,35,臺中市,沙鹿區,0,0,0,7,,,60,,,,,,,,,,,,,,13,,,,,B02,,,1,,2,,,59,59,1,12,4,120.568699,24.237924,3
11202,66000,387130000C,(04)23274275,(04)23288582,2025,7,30,15,36,臺中市,南屯區,0,0,0,7,,,50,,,,,,,,,,,,,,14,,,,,B01,,,1,,1,,,49,49,1,12,4,120.635998,24.131237,3
11203,66000,387130000C,(04)23274275,(04)23288582,2025,7,30,15,36,臺中市,大里區,0,0,0,5,,,50,,,,,,,,,,,,,,17,,,,,C03,,,1,,2,,,59,59,1,13,4,120.689609,24.118581,3
11204,66000,387130000C,(04)23274275,(04)23288582,2025,7,30,15,40,臺中市,潭子區,0,1,0,6,3,6,40,11,14,1,5,4,6,6,4,4,10,5,5,1,20,2,9,5,4,C03,7,21,1,10,2,14,,8,8,1,13,4,120.725052,24.198861,2
11205,66000,387130000C,(04)23274275,(04)23288582,2025,7,30,15,41,臺中市,東區,0,1,0,5,2,6,50,13,9,1,4,4,6,6,4,4,5,4,5,2,17,3,10,3,1,B03,7,11,1,8,1,4,,45,45,1,12,4,120.693271,24.133984,2
11206,66000,387130000C,(04)23274275,(04)23288582,2025,7,30,15,45,臺中市,北屯區,0,0,0,5,,,50,,,,,,,,,,,,,,17,,,,,A12,,,1,,2,,,50,50,1,6,4,120.738478,24.160873,3
11207,66000,387130000C,(04)23274275,(04)23288582,2025,7,30,15,45,臺中市,烏日區,0,0,0,5,,,50,,,,,,,,,,,,,,14,,,,,B12,,,1,,1,,,49,49,1,6,4,120.643291,24.081412,3
11208,66000,387130000C,(04)23274275,(04)23288582,2025,7,30,15,50,臺中市,太平區,0,0,0,5,,,30,,,,,,,,,,,,,,,,,,,B03,,,1,,2,,,8,8,1,12,4,120.719261,24.128633,3
11209,66000,387130000C,(04)23274275,(04)23288582,2025,7,30,15,52,臺中市,太平區,0,1,0,5,3,6,50,13,14,1,4,4,6,6,4,4,9,5,5,1,17,2,9,2,1,C03,7,9,1,10,2,12,,7,7,1,12,4,120.703898,24.114014,2
11210,66000,387130000C,(04)23274275,(04)23288582,2025,7,30,15,52,臺中市,烏日區,0,0,0,5,,,50,,,,,,,,,,,,,,14,,,,,B12,,,1,,1,,,49,49,1,6,4,120.640342,24.105326,3
11211,66000,387130000C,(04)23274275,(04)23288582,2025,7,30,15,53,臺中市,北區,0,1,0,6,2,6,50,4,1,1,5,4,6,6,1,1,5,5,5,2,17,3,10,3,1,B03,7,6,1,8,2,16,,11,11,1,12,4,120.675884,24.171452,2
11212,66000,387130000C,(04)23274275,(04)23288582,2025,7,30,15,55,臺中市,西區,0,0,0,5,,,50,,,,,,,,,,,,,,,,,,,C03,,,1,,2,,,7,7,1,12,4,120.669209,24.150756,3
11213,66000,387130000C,(04)23274275,(04)23288582,2025,7,30,16,0,臺中市,北區,0,1,0,5,2,6,50,13,9,1,4,4,6,6,4,4,9,5,5,2,17,3,10,5,1,B03,7,9,1,8,2,16,,84,84,1,13,4,120.683259,24.161665,2
11214,66000,387130000C,(04)23274275,(04)23288582,2025,7,30,16,0,臺中市,南屯區,0,1,0,5,3,6,50,3,1,1,4,4,6,6,4,4,1,4,5,2,17,3,10,3,1,B01,7,5,1,4,2,4,,47,47,1,12,4,120.646903,24.152426,2
11215,66000,387130000C,(04)23274275,(04)23288582,2025,7,30,16,0,臺中市,沙鹿區,0,0,0,7,,,30,,,,,,,,,,,,,,11,,,,,C03,,,1,,2,,,48,48,1,12,4,120.572375,24.223664,4
11216,66000,387130000C,(04)23274275,(04)23288582,2025,7,30,16,0,臺中市,豐原區,0,1,0,7,2,6,30,3,1,1,5,4,6,6,4,4,10,5,5,2,17,3,10,5,4,B03,7,6,1,8,2,5,,14,14,1,12,4,120.721618,24.25118,2
11217,66000,387130000C,(04)23274275,(04)23288582,2025,7,30,16,3,臺中市,西屯區,0,1,0,7,2,6,30,13,9,1,5,4,6,6,4,4,10,5,5,2,9,3,10,3,4,B01,7,9,1,2,1,7,,8,8,1,12,4,120.645975,24.175075,2
11218,66000,387130000C,(04)23274275,(04)23288582,2025,7,30,16,4,臺中市,大里區,0,0,0,5,,,50,,,,,,,,,,,,,,,,,,,B03,,,1,,1,,,49,49,1,13,4,120.684672,24.108523,3
11219,66000,387130000C,(04)23274275,(04)23288582,2025,7,30,16,4,臺中市,烏日區,0,0,0,5,,,50,,,,,,,,,,,,,,,,,,,B12,,,1,,1,,,8,8,1,6,4,120.618306,24.105301,3
11220,66000,387130000C,(04)23274275,(04)23288582,2025,7,30,16,10,臺中市,梧棲區,0,0,0,7,,,50,,,,,,,,,,,,,,16,,,,,B03,,,1,,1,,,32,32,1,6,4,120.533086,24.254226,3
11221,66000,387130000C,(04)23274275,(04)23288582,2025,7,30,16,16,臺中市,潭子區,0,1,0,6,3,6,50,13,7,1,5,4,6,6,4,4,5,4,4,2,17,3,10,3,1,B03,7,5,1,8,2,2,,84,84,1,13,4,120.701589,24.208773,2
11222,66000,387130000C,(04)23274275,(04)23288582,2025,7,30,16,17,臺中市,南區,0,0,0,5,,,50,,,,,,,,,,,,,,17,,,,,B12,,,1,,1,,,51,51,1,12,4,120.670199,24.113048,3
11223,66000,387130000C,(04)23274275,(04)23288582,2025,7,30,16,18,臺中市,南屯區,0,0,0,5,,,50,,,,,,,,,,,,,,,,,,,B03,,,1,,1,,,40,40,1,13,4,120.621421,24.140099,3
11224,66000,387130000C,(04)23274275,(04)23288582,2025,7,30,16,19,臺中市,西區,0,0,0,5,,,50,,,,,,,,,,,,,,,,,,,B03,,,1,,1,,,84,84,1,6,4,120.657976,24.140168,3
11225,66000,387130000C,(04)23274275,(04)23288582,2025,7,30,16,26,臺中市,南區,0,0,0,5,,,50,,,,,,,,,,,,,,13,,,,,B03,,,1,,1,,,84,84,1,13,4,120.670067,24.118229,3
11226,66000,387130000C,(04)23274275,(04)23288582,2025,7,30,16,30,臺中市,烏日區,0,0,0,5,,,50,,,,,,,,,,,,,,12,,,,,B03,,,1,,1,,,40,40,1,6,4,120.637768,24.107521,3
11227,66000,387130000C,(04)23274275,(04)23288582,2025,7,30,16,34,臺中市,西屯區,0,0,0,5,,,60,,,,,,,,,,,,,,13,,,,,A02,,,1,,1,,,7,7,1,6,4,120.653258,24.160817,4
11228,66000,387130000C,(04)23274275,(04)23288582,2025,7,30,16,34,臺中市,豐原區,0,1,0,7,2,6,50,3,4,1,5,4,6,6,2,1,5,4,5,1,13,3,10,3,1,B03,7,9,1,8,2,1,,57,57,1,12,4,120.721497,24.239207,2
11229,66000,387130000C,(04)23274275,(04)23288582,2025,7,30,16,35,臺中市,西區,0,1,0,5,2,6,50,4,1,1,4,4,6,6,4,4,5,5,5,2,15,3,10,3,1,B03,7,9,1,8,2,2,,15,15,1,12,4,120.662369,24.157003,2
11230,66000,387130000C,(04)23274275,(04)23288582,2025,7,30,16,37,臺中市,西屯區,0,1,0,5,2,6,50,3,1,1,4,4,6,6,1,1,10,5,5,2,16,3,10,5,1,B03,7,6,1,8,2,1,,11,11,1,12,4,120.635349,24.169426,2
11231,66000,387130000C,(04)23274275,(04)23288582,2025,7,30,16,42,臺中市,北區,0,0,0,5,,,50,,,,,,,,,,,,,,13,,,,,C03,,,1,,1,,,7,7,1,13,4,120.694204,24.155276,3
11232,66000,387130000C,(04)23274275,(04)23288582,2025,7,30,16,43,臺中市,潭子區,0,0,0,6,,,60,,,,,,,,,,,,,,,,,,,B03,,,1,,2,,,7,7,1,13,4,120.702553,24.195538,3
11233,66000,387130000C,(04)23274275,(04)23288582,2025,7,30,16,45,臺中市,霧峰區,0,0,0,5,,,50,,,,,,,,,,,,,,,,,,,B02,,,1,,1,,,84,84,1,13,4,120.700443,24.061286,3
11234,66000,387130000C,(04)23274275,(04)23288582,2025,7,30,16,47,臺中市,西區,0,0,0,5,,,50,,,,,,,,,,,,,,,,,,,B03,,,1,,1,,,47,47,1,13,4,120.663114,24.140074,3
11235,66000,387130000C,(04)23274275,(04)23288582,2025,7,30,16,48,臺中市,霧峰區,0,2,0,5,1,6,50,4,2,1,4,4,6,6,1,1,5,5,5,2,13,2,8,1,1,C03,7,9,1,10,2,11,,7,7,1,12,4,120.671291,24.043189,2
11236,66000,387130000C,(04)23274275,(04)23288582,2025,7,30,16,49,臺中市,石岡區,0,0,0,7,,,70,,,,,,,,,,,,,,13,,,,,B03,,,1,,2,,,56,56,1,13,4,120.772041,24.274915,3
11237,66000,387130000C,(04)23274275,(04)23288582,2025,7,30,16,50,臺中市,烏日區,0,0,0,5,,,70,,,,,,,,,,,,,,12,,,,,A04,,,1,,1,,,59,59,1,6,4,120.606475,24.108486,3
11238,66000,387130000C,(04)23274275,(04)23288582,2025,7,30,16,50,臺中市,沙鹿區,0,1,0,7,2,6,50,13,9,1,5,4,6,6,2,1,1,4,5,2,13,3,10,3,1,B12,7,9,1,8,2,1,,7,7,1,12,4,120.598911,24.253628,2
11239,66000,387130000C,(04)23274275,(04)23288582,2025,7,30,16,52,臺中市,南區,0,0,0,5,,,50,,,,,,,,,,,,,,14,,,,,B03,,,1,,1,,,49,49,1,13,4,120.655835,24.115709,3
11240,66000,387130000C,(04)23274275,(04)23288582,2025,7,30,16,55,臺中市,北區,0,1,0,5,2,6,50,3,1,1,4,4,6,6,4,4,5,5,5,2,17,3,10,3,1,B03,7,6,1,8,2,8,,84,84,1,12,4,120.683767,24.15524,2
11241,66000,387130000C,(04)23274275,(04)23288582,2025,7,30,16,58,臺中市,大里區,0,1,0,5,3,6,50,4,1,1,4,4,6,6,4,4,5,5,5,2,15,2,8,3,1,B03,7,9,1,8,2,5,,15,15,1,13,4,120.691419,24.107107,2
11242,66000,387130000C,(04)23274275,(04)23288582,2025,7,30,17,0,臺中市,西屯區,0,1,0,5,2,6,50,4,9,1,4,4,6,6,1,1,9,5,5,2,18,2,9,2,1,C03,7,9,1,10,2,12,,59,59,1,12,4,120.655911,24.158976,2
11243,66000,387130000C,(04)23274275,(04)23288582,2025,7,30,17,3,臺中市,北區,0,0,0,5,,,50,,,,,,,,,,,,,,17,,,,,C03,,,1,,2,,,84,84,1,13,4,120.69054,24.147487,4
11244,66000,387130000C,(04)23274275,(04)23288582,2025,7,30,17,3,臺中市,大肚區,0,0,0,5,,,50,,,,,,,,,,,,,,12,,,,,B03,,,1,,1,,,40,40,1,6,4,120.578143,24.11834,3
11245,66000,387130000C,(04)23274275,(04)23288582,2025,7,30,17,4,臺中市,西區,0,1,0,5,2,6,50,13,7,1,4,4,6,6,1,1,5,2,4,2,17,2,9,1,1,C03,7,9,1,10,2,11,,84,84,1,13,4,120.653005,24.14776,2
11246,66000,387130000C,(04)23274275,(04)23288582,2025,7,30,17,4,臺中市,烏日區,0,1,0,6,2,6,30,4,1,1,4,4,6,6,4,4,10,5,5,2,17,3,10,5,4,B03,7,6,1,3,2,4,,11,11,1,12,4,120.648295,24.069954,2
11247,66000,387130000C,(04)23274275,(04)23288582,2025,7,30,17,5,臺中市,北區,0,0,0,5,,,50,,,,,,,,,,,,,,17,,,,,C03,,,1,,2,,,84,84,1,13,4,120.682164,24.15819,3
11248,66000,387130000C,(04)23274275,(04)23288582,2025,7,30,17,10,臺中市,大里區,0,0,0,5,,,50,,,,,,,,,,,,,,,,,,,B03,,,1,,1,,,84,84,1,6,4,120.706578,24.087253,3
11249,66000,387130000C,(04)23274275,(04)23288582,2025,7,30,17,12,臺中市,太平區,0,2,0,5,2,6,50,4,1,1,4,4,6,6,2,1,10,5,5,2,16,2,8,2,1,C03,7,9,1,10,2,12,,84,84,1,12,4,120.707992,24.152687,2
11250,66000,387130000C,(04)23274275,(04)23288582,2025,7,30,17,12,臺中市,太平區,0,1,0,5,2,6,50,13,9,1,4,4,6,6,4,4,9,4,5,2,13,2,9,1,1,C03,7,9,1,10,2,11,12,7,7,1,12,4,120.722623,24.14292,2
11251,66000,387130000C,(04)23274275,(04)23288582,2025,7,30,17,12,臺中市,大甲區,0,1,0,7,3,6,50,5,1,1,5,4,6,6,1,1,10,5,5,2,17,2,9,1,1,C03,7,9,1,10,2,14,,84,84,1,6,4,120.617421,24.349349,2
11252,66000,387130000C,(04)23274275,(04)23288582,2025,7,30,17,14,臺中市,西區,0,0,0,5,,,50,,,,,,,,,,,,,,,,,,,B03,,,1,8,2,,,13,13,1,13,4,120.657511,24.153835,3
11253,66000,387130000C,(04)23274275,(04)23288582,2025,7,30,17,16,臺中市,西屯區,0,1,0,5,2,6,50,4,1,1,4,4,6,6,4,4,9,4,5,2,11,2,8,5,4,C03,7,6,1,10,2,12,,48,48,1,13,4,120.616057,24.188788,2
11254,66000,387130000C,(04)23274275,(04)23288582,2025,7,30,17,16,臺中市,大甲區,0,0,0,7,,,50,,,,,,,,,,,,,,16,,,,,C03,,,1,,2,,,14,14,1,12,4,120.656093,24.395695,3
11255,66000,387130000C,(04)23274275,(04)23288582,2025,7,30,17,17,臺中市,南區,0,0,0,5,,,50,,,,,,,,,,,,,,17,,,,,B03,,,1,,1,,,84,84,1,12,4,120.678755,24.128373,3
11256,66000,387130000C,(04)23274275,(04)23288582,2025,7,30,17,17,臺中市,大里區,0,0,0,5,,,50,,,,,,,,,,,,,,13,,,,,B03,,,1,,1,,,59,59,1,12,4,120.679416,24.075446,3
11257,66000,387130000C,(04)23274275,(04)23288582,2025,7,30,17,17,臺中市,新社區,0,2,0,5,2,6,50,13,9,1,4,4,6,6,4,4,9,5,5,1,6,2,9,6,5,H01,8,18,7,21,10,17,,98,98,1,3,5,120.796012,24.217416,2
11258,66000,387130000C,(04)23274275,(04)23288582,2025,7,30,17,18,臺中市,北屯區,0,1,0,5,2,6,50,13,8,1,4,4,6,6,4,4,5,2,4,2,16,3,10,3,1,B03,7,5,1,8,2,2,,47,47,1,12,4,120.70858,24.191241,2
11259,66000,387130000C,(04)23274275,(04)23288582,2025,7,30,17,19,臺中市,南屯區,0,1,0,7,2,6,50,13,7,1,5,4,6,6,4,4,9,4,4,2,12,2,9,1,1,C03,7,8,1,10,2,14,,40,40,1,12,4,120.649579,24.140215,2
11260,66000,387130000C,(04)23274275,(04)23288582,2025,7,30,17,19,臺中市,北屯區,0,1,0,5,1,6,50,4,1,1,4,4,6,6,2,1,10,5,5,2,16,3,10,3,1,B03,7,5,1,8,2,2,,11,11,1,6,4,120.728364,24.166684,2
11261,66000,387130000C,(04)23274275,(04)23288582,2025,7,30,17,20,臺中市,南屯區,0,1,0,5,3,6,50,4,2,1,4,4,6,6,4,4,1,5,1,2,17,3,10,3,1,B03,7,9,1,8,2,5,,8,8,1,12,4,120.613183,24.149318,2
11262,66000,387130000C,(04)23274275,(04)23288582,2025,7,30,17,20,臺中市,西屯區,0,2,0,5,2,6,50,5,1,1,4,4,6,6,1,1,5,4,4,2,15,2,9,5,4,C03,7,11,3,19,2,11,,46,46,1,12,4,120.605256,24.171538,2
11263,66000,387130000C,(04)23274275,(04)23288582,2025,7,30,17,20,臺中市,太平區,0,0,0,5,,,50,,,,,,,,,,,,,,,,,,,B03,,,1,,2,,,51,51,1,12,4,120.724738,24.149308,3
11264,66000,387130000C,(04)23274275,(04)23288582,2025,7,30,17,20,臺中市,大甲區,0,0,0,7,,,50,,,,,,,,,,,,,,,,,,,B03,,,1,,1,,,40,40,1,6,4,120.623098,24.35714,3
11265,66000,387130000C,(04)23274275,(04)23288582,2025,7,30,17,21,臺中市,清水區,0,1,0,7,2,6,50,4,2,1,5,4,6,6,4,4,8,3,4,1,17,3,10,3,1,A02,7,9,1,6,2,2,,8,8,1,12,4,120.55498,24.265881,2
11266,66000,387130000C,(04)23274275,(04)23288582,2025,7,30,17,22,臺中市,北區,0,1,0,5,2,6,50,13,8,1,4,4,6,6,4,4,1,4,4,2,12,3,10,3,1,B02,7,7,1,8,2,2,,40,40,1,12,4,120.675825,24.159686,2
11267,66000,387130000C,(04)23274275,(04)23288582,2025,7,30,17,24,臺中市,西屯區,0,1,0,7,2,6,50,13,9,1,5,4,6,6,4,4,9,5,4,2,17,3,10,5,1,B03,7,14,1,8,2,4,,76,76,1,12,4,120.613317,24.192426,2
11268,66000,387130000C,(04)23274275,(04)23288582,2025,7,30,17,24,臺中市,太平區,0,0,0,5,,,30,,,,,,,,,,,,,,,,,,,B03,,,3,,9,,,49,49,1,12,4,120.734611,24.147297,3
11269,66000,387130000C,(04)23274275,(04)23288582,2025,7,30,17,25,臺中市,北屯區,0,1,0,5,1,6,50,4,2,1,4,4,6,6,2,1,4,5,5,2,13,2,9,2,1,C03,7,12,1,10,2,11,,7,7,1,6,4,120.694259,24.16491,2
11270,66000,387130000C,(04)23274275,(04)23288582,2025,7,30,17,27,臺中市,北區,0,0,0,5,,,40,,,,,,,,,,,,,,14,,,,,B03,,,1,,9,,,49,49,1,13,4,120.666675,24.155579,3
11271,66000,387130000C,(04)23274275,(04)23288582,2025,7,30,17,28,臺中市,北區,0,0,0,5,,,50,,,,,,,,,,,,,,17,,,,,B03,,,1,,1,,,84,84,1,13,4,120.664127,24.15753,3
11272,66000,387130000C,(04)23274275,(04)23288582,2025,7,30,17,30,臺中市,北屯區,0,0,0,5,,3,80,,,,,,,,,,,,,,13,,,,,B03,,,1,,2,,,7,7,1,12,4,120.720845,24.169338,3
11273,66000,387130000C,(04)23274275,(04)23288582,2025,7,30,17,30,臺中市,西屯區,0,0,0,5,,,50,,,,,,,,,,,,,,13,,,,,B03,,,1,,1,,,7,7,1,13,4,120.655038,24.157382,3
11274,66000,387130000C,(04)23274275,(04)23288582,2025,7,30,17,31,臺中市,西區,0,0,0,5,,,30,,,,,,,,,,,,,,,,,,,B03,,,1,,11,,,8,8,1,12,4,120.655563,24.148435,3
11275,66000,387130000C,(04)23274275,(04)23288582,2025,7,30,17,32,臺中市,大肚區,0,0,0,5,,,30,,,,,,,,,,,,,,25,,,,,B12,,,1,,2,,,8,8,1,6,4,120.573062,24.174551,4
11276,66000,387130000C,(04)23274275,(04)23288582,2025,7,30,17,33,臺中市,南屯區,0,0,0,5,,,50,,,,,,,,,,,,,,,,,,,B03,,,1,,1,,,84,84,1,13,4,120.649654,24.142047,3
11277,66000,387130000C,(04)23274275,(04)23288582,2025,7,30,17,33,臺中市,太平區,0,1,0,7,3,6,50,3,1,1,4,4,6,6,4,4,10,5,5,2,17,3,10,5,4,B03,7,6,1,8,2,1,,14,14,1,12,4,120.717144,24.130856,2
11278,66000,387130000C,(04)23274275,(04)23288582,2025,7,30,17,34,臺中市,北屯區,0,0,0,5,,,50,,,,,,,,,,,,,,17,,,,,B03,,,1,,2,,,40,40,1,6,4,120.68638,24.204466,3
11279,66000,387130000C,(04)23274275,(04)23288582,2025,7,30,17,35,臺中市,大里區,0,2,0,5,3,6,50,3,9,1,4,4,6,6,4,4,5,5,5,1,16,2,5,1,1,C03,7,6,3,19,2,14,,48,48,1,13,4,120.686354,24.112338,2
11280,66000,387130000C,(04)23274275,(04)23288582,2025,7,30,17,36,臺中市,南屯區,0,1,0,7,2,6,50,4,1,1,4,4,6,6,2,1,9,4,2,2,18,2,9,1,1,C03,7,9,1,10,2,14,,84,84,1,12,4,120.64074,24.153299,2
11281,66000,387130000C,(04)23274275,(04)23288582,2025,7,30,17,37,臺中市,南屯區,0,0,0,5,,,50,,,,,,,,,,,,,,,,,,,C03,,,1,,1,,,7,7,1,6,4,120.623141,24.145201,3
11282,66000,387130000C,(04)23274275,(04)23288582,2025,7,30,17,37,臺中市,南屯區,0,0,0,7,,,50,,,,,,,,,,,,,,13,,,,,B03,,,1,,2,,,7,7,1,12,4,120.64074,24.153299,3
11283,66000,387130000C,(04)23274275,(04)23288582,2025,7,30,17,38,臺中市,西區,0,0,0,7,,,30,,,,,,,,,,,,,,,,,,,C03,,,1,,2,,,51,51,1,6,4,120.662905,24.149572,3
11284,66000,387130000C,(04)23274275,(04)23288582,2025,7,30,17,38,臺中市,東勢區,0,1,0,6,1,6,50,4,1,1,4,4,6,6,4,4,10,5,5,2,15,3,10,5,4,B03,7,9,1,8,2,1,,12,12,1,13,4,120.828337,24.255558,2
11285,66000,387130000C,(04)23274275,(04)23288582,2025,7,30,17,42,臺中市,潭子區,0,1,0,5,3,6,50,3,2,1,4,4,6,5,4,4,5,5,4,2,13,2,9,2,1,C03,7,9,1,10,2,11,,84,84,1,13,4,120.703546,24.211027,2
11286,66000,387130000C,(04)23274275,(04)23288582,2025,7,30,17,42,臺中市,西屯區,0,1,0,5,2,6,50,4,1,1,4,4,6,6,1,1,10,5,5,2,18,2,9,1,1,C03,7,6,1,10,2,12,,59,59,1,12,4,120.637666,24.163226,2
11287,66000,387130000C,(04)23274275,(04)23288582,2025,7,30,17,42,臺中市,西屯區,0,0,0,7,,,50,,,,,,,,,,,,,,13,,,,,B03,,,1,,1,,,59,59,1,12,4,120.616602,24.191356,3
11288,66000,387130000C,(04)23274275,(04)23288582,2025,7,30,17,42,臺中市,烏日區,0,0,0,5,,,50,,,,,,,,,,,,,,13,,,,,B03,,,1,,1,,,8,8,1,6,4,120.651107,24.091364,3
11289,66000,387130000C,(04)23274275,(04)23288582,2025,7,30,17,43,臺中市,西屯區,0,0,0,7,,,50,,,,,,,,,,,,,,12,,,,,A02,,,1,,1,,,8,8,1,6,4,120.621549,24.180068,3
11290,66000,387130000C,(04)23274275,(04)23288582,2025,7,30,17,44,臺中市,北屯區,0,0,0,5,,3,80,,,,,,,,,,,,,,,,,,,B03,,,1,,2,,,59,59,1,6,4,120.721678,24.182627,3
11291,66000,387130000C,(04)23274275,(04)23288582,2025,7,30,17,45,臺中市,南區,0,0,0,5,,,50,,,,,,,,,,,,,,13,,,,,B03,,,1,,1,,,84,84,1,12,4,120.657754,24.129003,3
11292,66000,387130000C,(04)23274275,(04)23288582,2025,7,30,17,45,臺中市,梧棲區,0,0,0,7,,,50,,,,,,,,,,,,,,13,,,,,C03,,,1,,1,,,7,7,1,6,4,120.540016,24.252774,3
11293,66000,387130000C,(04)23274275,(04)23288582,2025,7,30,17,46,臺中市,烏日區,0,1,0,5,2,6,30,4,1,1,4,4,6,6,4,4,10,5,5,2,15,2,9,2,1,C03,7,9,1,10,1,11,,15,15,1,6,4,120.629325,24.102317,2
11294,66000,387130000C,(04)23274275,(04)23288582,2025,7,30,17,47,臺中市,潭子區,0,0,0,5,,,60,,,,,,,,,,,,,,,,,,,B03,,,1,,2,,,7,7,1,13,4,120.705178,24.212232,3
11295,66000,387130000C,(04)23274275,(04)23288582,2025,7,30,17,49,臺中市,東區,0,1,0,5,2,6,50,3,1,1,4,4,6,6,4,4,5,5,5,2,16,3,10,1,1,C03,7,6,1,10,1,11,,12,12,1,13,4,120.699654,24.125213,2
11296,66000,387130000C,(04)23274275,(04)23288582,2025,7,30,17,50,臺中市,北區,0,1,0,5,1,6,50,4,1,1,4,4,6,6,4,4,5,5,5,2,16,2,9,1,1,C03,7,9,1,10,2,12,,12,12,1,12,4,120.695978,24.156712,2
11297,66000,387130000C,(04)23274275,(04)23288582,2025,7,30,17,50,臺中市,北區,0,1,0,5,2,6,50,4,1,1,4,4,6,6,1,1,5,4,5,2,17,3,10,5,1,B03,7,9,1,8,2,1,,7,7,1,13,4,120.676548,24.16324,2
11298,66000,387130000C,(04)23274275,(04)23288582,2025,7,30,17,50,臺中市,沙鹿區,0,1,0,7,2,6,50,13,8,1,5,4,6,6,4,4,1,4,4,1,18,2,9,6,1,F02,7,9,7,21,2,11,,85,85,1,12,4,120.574265,24.261869,2
11299,66000,387130000C,(04)23274275,(04)23288582,2025,7,30,17,51,臺中市,西屯區,0,0,0,5,,,40,,,,,,,,,,,,,,12,,,,,B03,,,1,,1,,,8,8,1,12,4,120.617802,24.18137,3
11300,66000,387130000C,(04)23274275,(04)23288582,2025,7,30,17,52,臺中市,西區,0,0,0,5,,,50,,,,,,,,,,,,,,,,,,,B03,,,1,,1,,,51,51,1,12,4,120.657345,24.137987,3
11301,66000,387130000C,(04)23274275,(04)23288582,2025,7,30,17,52,臺中市,沙鹿區,0,0,0,7,,,30,,,,,,,,,,,,,,15,,,,,B03,,,1,,2,,,12,12,1,6,4,120.550438,24.217871,3
11302,66000,387130000C,(04)23274275,(04)23288582,2025,7,30,17,53,臺中市,烏日區,0,1,0,5,2,6,50,13,9,1,4,4,6,6,4,4,1,4,5,2,17,3,10,5,4,B03,7,5,1,8,2,2,,47,47,1,12,4,120.634111,24.105999,2
11303,66000,387130000C,(04)23274275,(04)23288582,2025,7,30,17,55,臺中市,西區,0,0,0,5,,,50,,,,,,,,,,,,,,,,,,,A42,,,1,1,1,,,40,40,1,12,4,120.666927,24.153191,3