序號,縣市別代碼,機關代碼,市話,傳真,年,月,日,時,分,縣市,區,死亡數量,受傷數量,2-30,天候,道路照明設備,道路類別,道路速限,道路型態,事故位置,路面鋪裝,路面狀態,路面缺陷,障礙物,視距,號誌種類,號誌動作,分向設施,快車道或一般車道間,快慢車道間,路面邊線,事故類型及型態,受傷程度,主要傷處,保護裝備,行動電話或功能裝置,當事者區分(類別),車輛用途,當事者行動狀態,駕照狀態,駕照種類,飲酒情形,車輛撞擊部位最初,車輛撞擊部位其他,肇事因素個別,肇事因素主要,肇事逃逸,職業,共享經濟或外送平台,GPS座標X,GPS座標Y,事故類別
11304,66000,387130000C,(04)23274275,(04)23288582,2025,7,30,17,55,臺中市,東區,0,0,0,5,,,50,,,,,,,,,,,,,,17,,,,,B03,,,1,,2,,,7,7,1,13,4,120.687818,24.145713,3
11305,66000,387130000C,(04)23274275,(04)23288582,2025,7,30,17,57,臺中市,烏日區,0,0,0,5,,,50,,,,,,,,,,,,,,14,,,,,B03,,,1,,1,,,49,49,1,6,4,120.622099,24.105035,3
11306,66000,387130000C,(04)23274275,(04)23288582,2025,7,30,17,57,臺中市,烏日區,0,0,0,5,,3,80,,,,,,,,,,,,,,13,,,,,B03,,,1,,1,,,7,7,1,6,4,120.610635,24.099661,3
11307,66000,387130000C,(04)23274275,(04)23288582,2025,7,30,17,57,臺中市,大甲區,0,1,0,7,3,6,50,4,1,1,5,4,6,6,4,4,10,5,5,2,17,2,9,1,1,C03,7,9,1,10,2,11,,12,12,1,6,4,120.623222,24.350744,2
11308,66000,387130000C,(04)23274275,(04)23288582,2025,7,30,17,58,臺中市,南屯區,0,1,0,5,2,6,50,4,1,1,4,4,6,6,2,1,1,4,4,2,13,3,10,2,1,C03,7,9,5,19,2,11,,84,84,1,13,4,120.646327,24.133462,2
11309,66000,387130000C,(04)23274275,(04)23288582,2025,7,30,17,59,臺中市,西屯區,0,1,0,5,2,6,50,3,1,1,4,4,6,6,1,1,3,2,4,2,12,2,9,5,4,C03,7,9,1,9,2,14,,84,84,1,13,4,120.653372,24.203622,2
11310,66000,387130000C,(04)23274275,(04)23288582,2025,7,30,18,0,臺中市,北區,0,0,0,5,,,50,,,,,,,,,,,,,,13,,,,,B03,,,1,,2,,,59,59,1,13,4,120.685014,24.168202,3
11311,66000,387130000C,(04)23274275,(04)23288582,2025,7,30,18,0,臺中市,南區,0,0,0,5,,,40,,,,,,,,,,,,,,17,,,,,C03,,,1,,2,,,84,84,1,12,4,120.654536,24.115702,3
11312,66000,387130000C,(04)23274275,(04)23288582,2025,7,30,18,0,臺中市,南屯區,0,0,0,5,,,60,,,,,,,,,,,,,,12,,,,,B03,,,1,,1,,,84,84,1,12,4,120.64989,24.146809,4
11313,66000,387130000C,(04)23274275,(04)23288582,2025,7,30,18,1,臺中市,西屯區,0,1,0,5,1,6,50,3,1,1,4,4,6,6,2,1,1,4,5,2,13,2,9,5,4,C03,7,12,1,10,2,11,,59,59,1,12,4,120.654038,24.167953,2
11314,66000,387130000C,(04)23274275,(04)23288582,2025,7,30,18,3,臺中市,大肚區,0,1,0,7,3,6,50,4,1,1,4,4,6,6,2,1,10,5,5,2,16,3,10,3,1,B03,7,6,1,8,2,2,,11,11,1,6,4,120.563296,24.124256,2
11315,66000,387130000C,(04)23274275,(04)23288582,2025,7,30,18,5,臺中市,沙鹿區,0,0,0,7,,,30,,,,,,,,,,,,,,13,,,,,C03,,,1,,1,,,7,7,1,6,4,120.561612,24.24163,3
11316,66000,387130000C,(04)23274275,(04)23288582,2025,7,30,18,8,臺中市,西區,0,0,0,5,,,50,,,,,,,,,,,,,,17,,,,,B02,,,1,,9,,,85,85,1,12,4,120.66193,24.152248,3
11317,66000,387130000C,(04)23274275,(04)23288582,2025,7,30,18,8,臺中市,大里區,0,1,0,5,3,6,50,4,1,1,4,4,6,6,1,1,10,5,5,2,18,2,9,1,1,C03,7,9,1,10,2,12,,84,84,1,12,4,120.690054,24.110252,2
11318,66000,387130000C,(04)23274275,(04)23288582,2025,7,30,18,9,臺中市,北屯區,0,1,0,5,1,6,50,13,9,1,4,4,6,6,4,4,1,4,5,2,13,2,9,1,1,C03,7,9,1,10,2,11,,84,84,1,6,4,120.733444,24.160656,2
11319,66000,387130000C,(04)23274275,(04)23288582,2025,7,30,18,9,臺中市,北屯區,0,1,0,6,1,3,80,13,7,1,5,4,6,6,4,4,1,4,5,2,12,3,10,3,1,B03,7,8,1,8,2,8,,40,40,1,12,4,120.721227,24.179168,2
11320,66000,387130000C,(04)23274275,(04)23288582,2025,7,30,18,10,臺中市,東勢區,0,0,0,5,,,60,,,,,,,,,,,,,,12,,,,,A11,,,1,,1,,,84,84,1,6,4,120.824437,24.257959,3
11321,66000,387130000C,(04)23274275,(04)23288582,2025,7,30,18,13,臺中市,潭子區,0,1,0,6,3,6,50,3,8,1,4,4,3,6,4,4,5,4,5,1,17,2,9,4,1,F01,7,9,7,21,2,11,,4,4,1,13,4,120.700377,24.212441,2
11322,66000,387130000C,(04)23274275,(04)23288582,2025,7,30,18,13,臺中市,北區,0,1,0,5,2,6,50,3,1,1,4,4,6,6,4,4,10,5,5,2,17,3,10,1,1,C03,7,6,1,9,2,16,,4,4,1,13,4,120.682488,24.166108,2
11323,66000,387130000C,(04)23274275,(04)23288582,2025,7,30,18,15,臺中市,北區,0,0,0,5,,,50,,,,,,,,,,,,,,12,,,,,B03,,,1,,2,,,8,8,1,12,4,120.685103,24.161669,3
11324,66000,387130000C,(04)23274275,(04)23288582,2025,7,30,18,15,臺中市,沙鹿區,0,0,0,7,,,40,,,,,,,,,,,,,,12,,,,,B01,,,1,,2,,,1,1,1,6,4,120.57831,24.223091,3
11325,66000,387130000C,(04)23274275,(04)23288582,2025,7,30,18,17,臺中市,大雅區,0,0,0,7,,,60,,,,,,,,,,,,,,,,,,,C03,,,1,,2,,,82,82,1,12,4,120.650589,24.211072,3
11326,66000,387130000C,(04)23274275,(04)23288582,2025,7,30,18,17,臺中市,北屯區,0,1,0,5,1,3,80,13,7,1,4,4,6,6,4,4,1,4,5,2,13,3,10,3,1,B03,7,9,1,4,2,1,,7,7,1,12,4,120.72249,24.190025,2
11327,66000,387130000C,(04)23274275,(04)23288582,2025,7,30,18,19,臺中市,清水區,0,1,0,7,1,6,30,3,1,1,4,4,6,6,4,4,10,5,5,2,16,3,10,3,1,B03,7,5,1,8,2,1,,6,6,1,12,4,120.549116,24.28294,2
11328,66000,387130000C,(04)23274275,(04)23288582,2025,7,30,18,23,臺中市,東區,0,1,0,5,1,6,50,13,9,1,4,4,6,6,4,4,5,4,5,2,13,2,8,1,1,C03,7,9,1,10,2,11,,7,7,1,12,4,120.687152,24.143245,2
11329,66000,387130000C,(04)23274275,(04)23288582,2025,7,30,18,23,臺中市,豐原區,0,2,0,7,2,6,50,3,1,1,5,4,6,6,4,4,5,5,4,2,16,2,9,1,1,C03,7,6,1,10,2,14,,12,12,1,12,4,120.722713,24.250708,2
11330,66000,387130000C,(04)23274275,(04)23288582,2025,7,30,18,25,臺中市,北區,0,0,0,5,,,40,,,,,,,,,,,,,,12,,,,,C03,,,1,,1,,,48,48,1,13,4,120.682661,24.145974,3
11331,66000,387130000C,(04)23274275,(04)23288582,2025,7,30,18,25,臺中市,北區,0,2,0,6,2,6,30,4,1,1,4,4,6,6,4,4,10,5,5,2,17,2,9,5,1,C03,7,9,1,10,2,12,,15,15,1,13,4,120.687131,24.160744,2
11332,66000,387130000C,(04)23274275,(04)23288582,2025,7,30,18,29,臺中市,南屯區,0,2,0,5,1,6,50,4,1,1,4,4,6,6,1,1,5,5,5,2,16,2,9,1,1,C03,7,6,1,10,2,12,,11,11,1,6,4,120.648689,24.153609,2
11333,66000,387130000C,(04)23274275,(04)23288582,2025,7,30,18,32,臺中市,南屯區,0,0,0,5,,,50,,,,,,,,,,,,,,,,,,,C03,,,1,,9,,,84,84,1,6,4,120.639976,24.148622,3
11334,66000,387130000C,(04)23274275,(04)23288582,2025,7,30,18,35,臺中市,大里區,0,1,0,5,1,6,50,13,7,1,4,2,6,6,4,4,5,4,4,2,18,2,9,6,1,F01,7,9,7,21,6,14,,84,84,1,12,4,120.694407,24.111467,2
11335,66000,387130000C,(04)23274275,(04)23288582,2025,7,30,18,36,臺中市,潭子區,0,1,0,6,3,6,50,4,1,1,4,4,6,6,2,1,10,5,5,2,17,3,10,3,1,A05,7,6,1,5,2,2,,11,11,1,6,4,120.723126,24.215014,2
11336,66000,387130000C,(04)23274275,(04)23288582,2025,7,30,18,36,臺中市,大里區,0,0,0,5,,,50,,,,,,,,,,,,,,,,,,,B12,,,1,,1,,,84,84,1,6,4,120.694224,24.089889,3
11337,66000,387130000C,(04)23274275,(04)23288582,2025,7,30,18,39,臺中市,南區,0,3,0,5,2,6,50,13,9,1,4,4,6,6,4,4,2,4,5,2,18,2,9,2,1,C03,7,9,1,10,2,14,,85,85,1,13,4,120.679551,24.122084,2
11338,66000,387130000C,(04)23274275,(04)23288582,2025,7,30,18,40,臺中市,北區,0,0,0,5,,,50,,,,,,,,,,,,,,16,,,,,B03,,,1,,1,,,11,11,1,13,4,120.663536,24.162997,3
11339,66000,387130000C,(04)23274275,(04)23288582,2025,7,30,18,40,臺中市,西屯區,0,1,0,5,1,6,0,13,8,1,4,4,6,6,4,4,1,5,5,2,17,3,10,3,4,B03,7,1,1,8,2,16,,51,51,1,12,4,120.640131,24.158713,2
11340,66000,387130000C,(04)23274275,(04)23288582,2025,7,30,18,45,臺中市,北屯區,0,0,0,5,,,50,,,,,,,,,,,,,,12,,,,,B03,,,1,,2,,,40,40,1,12,4,120.722543,24.176029,3
11341,66000,387130000C,(04)23274275,(04)23288582,2025,7,30,18,46,臺中市,西區,0,1,0,5,1,6,50,3,19,1,4,4,6,6,4,4,10,5,5,2,3,3,10,1,1,C03,7,9,5,19,2,11,,10,10,1,13,4,120.667907,24.138423,2
11342,66000,387130000C,(04)23274275,(04)23288582,2025,7,30,18,48,臺中市,大里區,0,1,0,5,1,6,30,3,1,1,4,4,6,6,4,4,5,5,5,2,16,3,10,3,1,B03,7,6,1,8,2,1,,14,14,1,13,4,120.705332,24.105291,2
11343,66000,387130000C,(04)23274275,(04)23288582,2025,7,30,18,50,臺中市,西區,0,1,0,5,1,6,50,13,12,1,4,4,6,6,4,4,9,4,4,2,17,3,10,3,1,B03,7,7,1,8,2,5,,40,40,1,12,4,120.66615,24.132104,2
11344,66000,387130000C,(04)23274275,(04)23288582,2025,7,30,18,55,臺中市,潭子區,0,0,0,5,,3,80,,,,,,,,,,,,,,,,,,,B03,,,1,,2,,,59,59,1,13,4,120.713383,24.200103,3
11345,66000,387130000C,(04)23274275,(04)23288582,2025,7,30,18,55,臺中市,西區,0,0,0,5,,,50,,,,,,,,,,,,,,,,,,,F03,,,7,21,1,,,50,50,1,13,4,120.666633,24.146728,3
11346,66000,387130000C,(04)23274275,(04)23288582,2025,7,30,18,57,臺中市,南區,0,0,0,5,,,50,,,,,,,,,,,,,,12,,,,,B03,,,1,,2,,,8,8,1,12,4,120.670095,24.119043,3
11347,66000,387130000C,(04)23274275,(04)23288582,2025,7,30,18,57,臺中市,北屯區,0,0,0,5,,,50,,,,,,,,,,,,,,16,,,,,B03,,,1,,1,,,87,87,1,12,4,120.660546,24.188796,4
11348,66000,387130000C,(04)23274275,(04)23288582,2025,7,30,18,58,臺中市,中區,0,0,0,5,,,50,,,,,,,,,,,,,,17,,,,,B01,,,1,,2,,,40,40,1,12,4,120.67991,24.138241,3
11349,66000,387130000C,(04)23274275,(04)23288582,2025,7,30,19,0,臺中市,大里區,0,1,0,5,1,6,50,13,9,1,4,4,6,6,4,4,9,5,5,2,11,3,10,3,1,B03,7,11,1,5,2,1,,46,46,1,12,4,120.689993,24.082773,2
11350,66000,387130000C,(04)23274275,(04)23288582,2025,7,30,19,0,臺中市,太平區,0,0,0,5,,3,80,,,,,,,,,,,,,,13,,,,,B03,,,1,,2,,,7,7,1,12,4,120.714272,24.148696,3
11351,66000,387130000C,(04)23274275,(04)23288582,2025,7,30,19,5,臺中市,西屯區,0,0,0,7,,,50,,,,,,,,,,,,,,13,,,,,B03,,,1,,1,,,7,7,1,13,4,120.652438,24.206168,3
11352,66000,387130000C,(04)23274275,(04)23288582,2025,7,30,19,5,臺中市,大里區,0,0,0,5,,,40,,,,,,,,,,,,,,,,,,,B03,,,1,,2,,,49,49,1,13,4,120.675735,24.087128,3
11353,66000,387130000C,(04)23274275,(04)23288582,2025,7,30,19,10,臺中市,南屯區,0,0,0,7,,,50,,,,,,,,,,,,,,13,,,,,B03,,,1,,1,,,7,7,1,12,4,120.647597,24.124399,3
11354,66000,387130000C,(04)23274275,(04)23288582,2025,7,30,19,10,臺中市,太平區,0,0,0,5,,,50,,,,,,,,,,,,,,,,,,,B03,,,1,,2,,,11,11,1,12,4,120.716238,24.113552,3
11355,66000,387130000C,(04)23274275,(04)23288582,2025,7,30,19,11,臺中市,北屯區,0,0,0,5,,,50,,,,,,,,,,,,,,16,,,,,B03,,,1,,1,,,48,48,1,6,4,120.685167,24.180209,3
11356,66000,387130000C,(04)23274275,(04)23288582,2025,7,30,19,12,臺中市,西區,0,1,0,5,1,6,50,13,8,1,4,4,6,6,1,1,5,4,4,2,18,2,9,1,1,C03,7,9,1,10,2,14,,84,84,1,13,4,120.665268,24.146718,2
11357,66000,387130000C,(04)23274275,(04)23288582,2025,7,30,19,14,臺中市,烏日區,0,0,0,5,,,60,,,,,,,,,,,,,,17,,,,,B03,,,1,,2,,,87,87,1,6,4,120.647302,24.092278,3
11358,66000,387130000C,(04)23274275,(04)23288582,2025,7,30,19,15,臺中市,神岡區,0,1,0,7,3,6,50,13,9,1,5,4,6,6,4,4,5,5,5,1,18,2,9,1,1,C03,7,9,1,10,2,16,,6,6,1,13,4,120.662697,24.27128,2
11359,66000,387130000C,(04)23274275,(04)23288582,2025,7,30,19,18,臺中市,梧棲區,0,2,0,7,1,6,40,4,19,1,5,4,6,6,1,1,10,5,5,2,3,2,9,1,1,C03,7,9,1,10,2,11,,10,10,1,6,4,120.538681,24.249161,2
11360,66000,387130000C,(04)23274275,(04)23288582,2025,7,30,19,28,臺中市,南屯區,0,0,0,5,,,40,,,,,,,,,,,,,,,,,,,B03,,,1,,2,,,50,50,1,12,4,120.634092,24.15937,3
11361,66000,387130000C,(04)23274275,(04)23288582,2025,7,30,19,30,臺中市,南屯區,0,2,0,5,1,6,50,13,9,1,4,4,6,6,4,4,9,4,5,2,17,2,9,2,1,C03,7,1,1,10,2,11,,51,51,1,12,4,120.652313,24.135925,2
11362,66000,387130000C,(04)23274275,(04)23288582,2025,7,30,19,33,臺中市,南區,0,1,0,5,1,6,1,4,2,1,4,4,6,6,1,1,10,5,5,2,30,2,9,5,4,C04,7,9,1,10,2,15,,84,84,1,12,1,120.679442,24.124288,2
11363,66000,387130000C,(04)23274275,(04)23288582,2025,7,30,19,40,臺中市,北區,0,1,0,5,1,6,50,4,9,1,4,4,6,6,1,1,1,4,5,2,13,3,10,3,1,B03,7,9,1,8,2,1,,7,7,1,12,4,120.684864,24.161696,2
11364,66000,387130000C,(04)23274275,(04)23288582,2025,7,30,19,40,臺中市,北區,0,1,0,5,1,6,50,4,19,1,4,4,6,6,1,1,5,5,5,2,1,2,9,6,5,H01,8,17,7,21,10,17,,96,96,1,13,5,120.677974,24.149018,2
11365,66000,387130000C,(04)23274275,(04)23288582,2025,7,30,19,40,臺中市,西屯區,0,0,0,7,,,50,,,,,,,,,,,,,,12,,,,,C03,,,1,,1,,,39,39,1,12,4,120.634463,24.174571,3
11366,66000,387130000C,(04)23274275,(04)23288582,2025,7,30,19,47,臺中市,清水區,0,0,0,7,1,6,50,13,9,1,4,4,6,6,4,4,8,4,5,2,12,,,,,B03,,,5,,9,,,8,8,1,12,4,120.577621,24.271024,3
11367,66000,387130000C,(04)23274275,(04)23288582,2025,7,30,19,50,臺中市,烏日區,0,0,0,5,,,60,,,,,,,,,,,,,,17,,,,,B03,,,1,,2,,,87,87,1,6,4,120.647302,24.092278,3
11368,66000,387130000C,(04)23274275,(04)23288582,2025,7,30,19,55,臺中市,北屯區,0,1,0,7,1,6,50,3,1,1,4,4,6,6,4,4,1,4,5,2,17,2,9,1,1,C03,7,9,1,10,2,11,,82,82,1,12,4,120.685312,24.167942,2
11369,66000,387130000C,(04)23274275,(04)23288582,2025,7,30,19,56,臺中市,北屯區,0,0,0,5,,,50,,,,,,,,,,,,,,,,,,,B03,,,1,,1,,,7,7,1,6,4,120.711059,24.174589,3
11370,66000,387130000C,(04)23274275,(04)23288582,2025,7,30,19,58,臺中市,東區,0,2,0,6,1,6,50,13,12,1,4,4,6,6,4,4,5,5,5,2,10,2,9,2,1,C03,7,9,1,10,1,11,,4,4,1,13,4,120.689779,24.126397,2
11371,66000,387130000C,(04)23274275,(04)23288582,2025,7,30,20,1,臺中市,南屯區,0,1,0,5,1,6,50,13,9,1,4,4,6,6,4,4,5,4,5,2,3,3,10,5,4,B03,7,11,1,8,2,8,,45,45,1,13,4,120.650527,24.157039,2
11372,66000,387130000C,(04)23274275,(04)23288582,2025,7,30,20,2,臺中市,烏日區,0,0,0,5,,,60,,,,,,,,,,,,,,17,,,,,B03,,,1,,2,,,87,87,1,6,4,120.634497,24.09475,3
11373,66000,387130000C,(04)23274275,(04)23288582,2025,7,30,20,2,臺中市,烏日區,0,0,0,7,,,60,,,,,,,,,,,,,,17,,,,,B03,,,1,,2,,,87,87,1,6,4,120.634497,24.09475,3
11374,66000,387130000C,(04)23274275,(04)23288582,2025,7,30,20,5,臺中市,東區,0,0,0,5,,,50,,,,,,,,,,,,,,14,,,,,C03,,,1,,2,,,49,49,1,13,4,120.705881,24.135404,3
11375,66000,387130000C,(04)23274275,(04)23288582,2025,7,30,20,12,臺中市,西屯區,0,0,0,5,,,40,,,,,,,,,,,,,,16,,,,,C03,,,1,,1,,,7,7,1,12,4,120.615313,24.183529,3
11376,66000,387130000C,(04)23274275,(04)23288582,2025,7,30,20,18,臺中市,北區,0,0,0,5,,,50,,,,,,,,,,,,,,13,,,,,B03,,,1,,2,,,59,59,1,13,4,120.683128,24.162938,3
11377,66000,387130000C,(04)23274275,(04)23288582,2025,7,30,20,20,臺中市,潭子區,0,0,0,5,,,30,,,,,,,,,,,,,,,,,,,B03,,,1,,2,,,85,85,1,13,4,120.703836,24.195095,3
11378,66000,387130000C,(04)23274275,(04)23288582,2025,7,30,20,32,臺中市,南屯區,0,0,0,5,,,50,,,,,,,,,,,,,,17,,,,,C03,,,1,,2,,,59,59,1,12,4,120.611039,24.145959,3
11379,66000,387130000C,(04)23274275,(04)23288582,2025,7,30,20,33,臺中市,北屯區,0,0,0,5,,3,80,,,,,,,,,,,,,,13,,,,,B12,,,1,,1,,,7,7,1,12,4,120.720733,24.17053,4
11380,66000,387130000C,(04)23274275,(04)23288582,2025,7,30,20,33,臺中市,西屯區,0,0,0,6,,,40,,,,,,,,,,,,,,13,,,,,B03,,,1,,1,,,56,56,1,12,4,120.637586,24.16662,3
11381,66000,387130000C,(04)23274275,(04)23288582,2025,7,30,20,42,臺中市,北屯區,0,2,0,6,1,6,30,3,1,1,4,4,6,6,4,4,10,5,5,2,16,2,8,1,1,C03,7,6,1,10,1,11,,84,84,1,12,4,120.692271,24.178619,2
11382,66000,387130000C,(04)23274275,(04)23288582,2025,7,30,20,48,臺中市,東區,0,0,0,5,,,30,,,,,,,,,,,,,,12,,,,,B03,,,1,,1,,,8,8,1,13,4,120.706269,24.133552,3
11383,66000,387130000C,(04)23274275,(04)23288582,2025,7,30,20,53,臺中市,南區,0,1,0,5,1,6,50,4,19,1,4,4,6,6,1,1,9,4,4,2,3,3,10,3,1,B03,7,5,1,8,2,8,,10,10,1,13,4,120.684248,24.12637,2
11384,66000,387130000C,(04)23274275,(04)23288582,2025,7,30,20,54,臺中市,西屯區,0,1,0,5,1,6,40,4,2,1,4,4,6,6,2,1,1,4,1,2,18,2,9,5,4,C03,7,9,1,9,2,14,,59,59,1,13,4,120.657284,24.157918,2
11385,66000,387130000C,(04)23274275,(04)23288582,2025,7,30,21,0,臺中市,南區,0,1,0,6,1,6,50,4,1,1,4,4,6,6,1,1,10,5,5,2,16,3,10,3,1,B03,7,5,1,8,2,5,,11,11,1,12,4,120.685038,24.12957,2
11386,66000,387130000C,(04)23274275,(04)23288582,2025,7,30,21,1,臺中市,西屯區,0,1,0,7,2,6,50,13,9,1,5,4,6,6,4,4,5,5,5,2,17,3,10,3,1,B01,7,1,1,4,2,8,,51,51,1,12,4,120.651567,24.158093,2
11387,66000,387130000C,(04)23274275,(04)23288582,2025,7,30,21,8,臺中市,西屯區,0,0,0,7,,,30,,,,,,,,,,,,,,12,,,,,B12,,,1,,1,,,8,8,1,12,4,120.644267,24.179747,3
11388,66000,387130000C,(04)23274275,(04)23288582,2025,7,30,21,9,臺中市,南區,0,2,0,5,1,6,50,13,7,1,4,4,6,6,4,4,1,4,4,2,18,2,9,5,4,C03,7,9,1,10,2,14,,84,84,1,12,4,120.67669,24.126586,2
11389,66000,387130000C,(04)23274275,(04)23288582,2025,7,30,21,13,臺中市,大里區,0,0,0,5,1,6,50,3,1,1,4,4,6,6,1,1,10,5,5,2,12,,,,,B03,,,1,,2,,,84,84,1,12,4,120.67697,24.099284,3
11390,66000,387130000C,(04)23274275,(04)23288582,2025,7,30,21,23,臺中市,南屯區,0,1,0,5,1,6,50,13,7,1,4,4,6,6,1,1,8,3,4,1,17,2,9,1,1,C03,7,9,1,10,2,14,,43,43,1,12,2,120.627235,24.11761,2
11391,66000,387130000C,(04)23274275,(04)23288582,2025,7,30,21,30,臺中市,西屯區,0,1,0,5,1,6,50,4,1,1,4,4,6,6,4,4,9,5,5,2,17,2,9,5,4,C03,7,9,1,10,9,14,,6,6,1,13,4,120.606251,24.186667,2
11392,66000,387130000C,(04)23274275,(04)23288582,2025,7,30,21,31,臺中市,西區,0,1,0,5,1,6,50,4,1,1,4,4,6,6,2,1,10,5,5,2,16,3,10,5,1,B01,7,6,1,4,2,1,,11,11,1,6,4,120.653036,24.148834,2
11393,66000,387130000C,(04)23274275,(04)23288582,2025,7,30,21,34,臺中市,大里區,0,0,0,5,,,50,,,,,,,,,,,,,,12,,,,,B03,,,1,,2,,,54,54,1,13,4,120.691924,24.108932,3
11394,66000,387130000C,(04)23274275,(04)23288582,2025,7,30,21,37,臺中市,西區,0,0,0,5,,,50,,,,,,,,,,,,,,16,,,,,B02,,,1,,2,,,20,20,1,12,4,120.659482,24.157512,3
11395,66000,387130000C,(04)23274275,(04)23288582,2025,7,30,21,43,臺中市,太平區,0,1,0,5,1,6,40,13,9,1,4,4,6,6,4,4,5,5,5,1,18,2,9,1,1,C03,7,9,1,10,2,12,,84,84,1,12,4,120.751511,24.159874,2
11396,66000,387130000C,(04)23274275,(04)23288582,2025,7,30,21,45,臺中市,西屯區,0,0,0,7,,,,,,,,,,,,,,,,,17,,,,,,,,,,,,,86,86,1,,,120.646677,24.18337,3
11397,66000,387130000C,(04)23274275,(04)23288582,2025,7,30,21,49,臺中市,北屯區,0,1,0,5,1,6,50,4,2,1,4,4,6,6,1,1,5,4,5,2,16,3,10,3,1,B03,7,1,1,8,2,8,,51,51,1,12,4,120.727046,24.17625,2
11398,66000,387130000C,(04)23274275,(04)23288582,2025,7,30,21,51,臺中市,大里區,0,1,0,5,1,6,40,4,1,1,4,4,6,6,4,4,5,5,5,2,15,3,10,3,1,B03,7,9,1,8,2,4,,12,12,1,12,4,120.706493,24.096113,2
11399,66000,387130000C,(04)23274275,(04)23288582,2025,7,30,21,56,臺中市,北屯區,0,1,0,5,1,6,40,13,8,1,4,4,6,6,4,4,1,4,4,2,17,3,10,3,1,B03,7,1,1,8,2,4,,51,51,1,6,4,120.689771,24.163223,2
11400,66000,387130000C,(04)23274275,(04)23288582,2025,7,30,21,57,臺中市,西區,0,1,0,5,1,6,50,4,2,1,4,4,6,6,4,4,5,4,5,2,13,2,9,2,1,C03,7,9,1,10,2,11,,7,7,1,12,4,120.660911,24.150843,2
11401,66000,387130000C,(04)23274275,(04)23288582,2025,7,30,22,0,臺中市,北屯區,0,1,0,5,1,6,50,13,7,1,4,4,6,6,2,1,5,4,5,2,12,2,9,1,1,C03,7,9,1,10,2,12,,8,8,1,12,4,120.686201,24.188253,2
11402,66000,387130000C,(04)23274275,(04)23288582,2025,7,30,22,3,臺中市,潭子區,0,1,0,5,1,6,60,3,1,1,4,4,6,6,2,1,1,4,4,1,15,3,10,2,1,C03,7,9,3,19,2,11,,21,21,1,13,4,120.70256,24.192084,2
11403,66000,387130000C,(04)23274275,(04)23288582,2025,7,30,22,7,臺中市,霧峰區,0,0,0,5,,,50,,,,,,,,,,,,,,,,,,,B02,,,1,,2,,,84,84,1,6,4,120.695434,24.052569,3
11404,66000,387130000C,(04)23274275,(04)23288582,2025,7,30,22,24,臺中市,北屯區,0,1,0,5,1,6,50,5,1,1,4,4,6,6,2,1,10,5,5,2,17,2,8,1,1,C03,7,9,1,10,2,11,,84,84,1,12,4,120.686259,24.18878,2
11405,66000,387130000C,(04)23274275,(04)23288582,2025,7,30,22,25,臺中市,神岡區,0,0,0,5,1,,30,13,9,1,4,4,6,6,4,4,10,5,5,2,14,,,,,B03,,,1,,2,,,49,49,1,12,4,120.685694,24.248822,3
11406,66000,387130000C,(04)23274275,(04)23288582,2025,7,30,22,38,臺中市,北屯區,0,1,0,7,1,6,50,4,2,1,4,4,6,6,1,1,5,4,5,2,19,2,9,1,1,C03,7,9,1,10,2,11,12,84,84,1,12,4,120.690381,24.186826,2
11407,66000,387130000C,(04)23274275,(04)23288582,2025,7,30,22,40,臺中市,大雅區,0,0,0,5,,,60,,,,,,,,,,,,,,,,,,,C03,,,1,,1,,,37,37,1,12,4,120.662956,24.232696,3
11408,66000,387130000C,(04)23274275,(04)23288582,2025,7,30,22,55,臺中市,南區,0,0,0,5,,,50,,,,,,,,,,,,,,,,,,,B03,,,1,,2,,,47,47,1,6,4,120.665883,24.123422,3
11409,66000,387130000C,(04)23274275,(04)23288582,2025,7,30,23,5,臺中市,北屯區,0,0,0,5,,,50,,,,,,,,,,,,,,24,,,,,,,,,,,,,115,115,1,,,120.676677,24.176155,3
11410,66000,387130000C,(04)23274275,(04)23288582,2025,7,30,23,15,臺中市,北屯區,0,0,0,5,,,50,,,,,,,,,,,,,,24,,,,,,,,,,,,,115,115,1,,,120.676677,24.176155,3
11411,66000,387130000C,(04)23274275,(04)23288582,2025,7,30,23,16,臺中市,北屯區,0,0,0,7,,,50,,,,,,,,,,,,,,24,,,,,,,,,,,,,115,115,1,,,120.676677,24.176155,3
11412,66000,387130000C,(04)23274275,(04)23288582,2025,7,30,23,17,臺中市,北屯區,0,0,0,5,,,50,,,,,,,,,,,,,,24,,,,,,,,,,,,,115,115,1,,,120.676677,24.176155,3
11413,66000,387130000C,(04)23274275,(04)23288582,2025,7,30,23,19,臺中市,西屯區,0,1,0,5,1,3,80,13,9,1,4,4,6,6,4,4,1,4,5,2,20,3,10,3,1,B03,7,9,1,8,2,2,,59,59,1,12,4,120.659633,24.200781,2
11414,66000,387130000C,(04)23274275,(04)23288582,2025,7,30,23,39,臺中市,潭子區,0,1,0,5,1,6,50,4,2,1,4,4,6,6,1,1,5,5,5,2,13,3,10,3,1,B01,7,1,1,4,2,1,,51,51,1,13,4,120.678368,24.215498,2