序號,縣市別代碼,機關代碼,市話,傳真,年,月,日,時,分,縣市,區,死亡數量,受傷數量,2-30,天候,道路照明設備,道路類別,道路速限,道路型態,事故位置,路面鋪裝,路面狀態,路面缺陷,障礙物,視距,號誌種類,號誌動作,分向設施,快車道或一般車道間,快慢車道間,路面邊線,事故類型及型態,受傷程度,主要傷處,保護裝備,行動電話或功能裝置,當事者區分(類別),車輛用途,當事者行動狀態,駕照狀態,駕照種類,飲酒情形,車輛撞擊部位最初,車輛撞擊部位其他,肇事因素個別,肇事因素主要,肇事逃逸,職業,共享經濟或外送平台,GPS座標X,GPS座標Y,事故類別
11638,66000,387130000C,(04)23274275,(04)23288582,2025,7,31,13,58,臺中市,神岡區,0,1,0,5,3,6,50,4,1,1,4,4,6,6,2,1,10,5,5,1,16,3,10,5,4,B03,7,5,1,8,2,6,,11,11,1,13,4,120.696641,24.23592,2
11639,66000,387130000C,(04)23274275,(04)23288582,2025,7,31,13,59,臺中市,西屯區,0,0,0,5,,,30,,,,,,,,,,,,,,14,,,,,B12,,,3,,1,,,49,49,1,13,4,120.626224,24.189206,3
11640,66000,387130000C,(04)23274275,(04)23288582,2025,7,31,14,0,臺中市,大雅區,0,0,0,5,,,30,,,,,,,,,,,,,,,,,,,B12,,,1,,2,,,12,12,1,13,4,120.63957,24.205665,3
11641,66000,387130000C,(04)23274275,(04)23288582,2025,7,31,14,1,臺中市,西屯區,0,1,0,5,3,6,50,13,9,1,4,4,6,6,4,4,3,4,5,2,16,3,10,5,4,B03,7,5,1,8,1,6,,20,20,1,13,4,120.646491,24.157846,2
11642,66000,387130000C,(04)23274275,(04)23288582,2025,7,31,14,10,臺中市,梧棲區,0,0,0,7,,,70,,,,,,,,,,,,,,17,,,,,B03,,,1,,9,,,49,49,1,6,4,120.555843,24.251345,3
11643,66000,387130000C,(04)23274275,(04)23288582,2025,7,31,14,13,臺中市,大雅區,0,1,0,5,3,6,50,3,1,1,4,4,6,6,4,4,10,5,5,2,17,3,10,3,1,B03,7,9,1,8,2,1,,84,84,1,12,4,120.667875,24.217039,2
11644,66000,387130000C,(04)23274275,(04)23288582,2025,7,31,14,16,臺中市,沙鹿區,0,0,0,7,,,40,,,,,,,,,,,,,,17,,,,,B03,,,1,,11,,,49,49,1,6,4,120.566398,24.199454,3
11645,66000,387130000C,(04)23274275,(04)23288582,2025,7,31,14,24,臺中市,西區,0,1,0,5,2,6,50,4,1,1,4,4,6,6,1,1,5,4,4,2,15,2,8,2,1,C03,7,9,3,19,2,12,,21,21,1,12,4,120.661677,24.137964,2
11646,66000,387130000C,(04)23274275,(04)23288582,2025,7,31,14,35,臺中市,西屯區,0,0,0,7,,,60,,,,,,,,,,,,,,,,,,,B03,,,1,,1,,,7,7,1,13,4,120.646454,24.164454,3
11647,66000,387130000C,(04)23274275,(04)23288582,2025,7,31,14,35,臺中市,西屯區,0,0,0,5,,,50,,,,,,,,,,,,,,,,,,,B03,,,1,,2,,,8,8,1,12,4,120.612087,24.199526,3
11648,66000,387130000C,(04)23274275,(04)23288582,2025,7,31,14,40,臺中市,東區,0,1,0,5,2,6,50,13,7,1,4,4,6,6,4,4,5,4,4,2,16,3,10,3,1,B03,7,11,1,8,2,2,,45,45,1,6,4,120.705068,24.142748,2
11649,66000,387130000C,(04)23274275,(04)23288582,2025,7,31,14,41,臺中市,龍井區,0,0,0,6,,,60,,,,,,,,,,,,,,12,,,,,B03,,,1,,2,,,40,40,1,6,4,120.586412,24.185892,3
11650,66000,387130000C,(04)23274275,(04)23288582,2025,7,31,14,42,臺中市,西區,0,0,0,6,,,60,,,,,,,,,,,,,,,,,,,B03,,,1,,1,,,84,84,1,12,4,120.658503,24.157801,3
11651,66000,387130000C,(04)23274275,(04)23288582,2025,7,31,14,45,臺中市,太平區,0,0,0,5,2,6,50,,,,,,,,,,,,,,,,,,,B03,,,1,,2,5,,84,84,1,12,4,120.718163,24.10378,3
11652,66000,387130000C,(04)23274275,(04)23288582,2025,7,31,14,48,臺中市,東勢區,0,1,0,6,2,6,50,13,9,1,5,4,6,6,4,4,5,5,5,1,17,3,10,5,4,B12,7,4,1,7,1,2,,1,1,1,13,4,120.830075,24.252055,2
11653,66000,387130000C,(04)23274275,(04)23288582,2025,7,31,14,49,臺中市,大里區,0,0,0,5,,,50,,,,,,,,,,,,,,13,,,,,B03,,,1,,2,,,7,7,1,12,4,120.683843,24.115034,3
11654,66000,387130000C,(04)23274275,(04)23288582,2025,7,31,14,58,臺中市,南區,0,0,0,7,,,50,,,,,,,,,,,,,,13,,,,,B03,,,1,,1,,,59,59,1,13,4,120.660496,24.110521,3
11655,66000,387130000C,(04)23274275,(04)23288582,2025,7,31,15,6,臺中市,東區,0,0,0,5,,,50,,,,,,,,,,,,,,17,,,,,B12,,,1,,1,,,78,78,1,12,4,120.694873,24.140613,3
11656,66000,387130000C,(04)23274275,(04)23288582,2025,7,31,15,8,臺中市,南屯區,0,0,0,7,,,50,,,,,,,,,,,,,,15,,,,,B03,,,1,,1,,,21,21,1,12,4,120.652111,24.143821,3
11657,66000,387130000C,(04)23274275,(04)23288582,2025,7,31,15,15,臺中市,西區,0,0,0,5,,,40,,,,,,,,,,,,,,,,,,,,,,,,,,,119,119,1,,,120.657016,24.138275,3
11658,66000,387130000C,(04)23274275,(04)23288582,2025,7,31,15,16,臺中市,豐原區,0,0,0,7,2,6,50,13,24,1,5,4,6,6,4,4,10,5,5,2,14,3,10,3,1,B03,7,2,1,8,2,3,,49,49,1,12,4,120.716664,24.239033,3
11659,66000,387130000C,(04)23274275,(04)23288582,2025,7,31,15,17,臺中市,北區,0,0,0,5,,,50,,,,,,,,,,,,,,17,,,,,B03,,,1,,2,,,87,87,1,12,4,120.680686,24.162183,3
11660,66000,387130000C,(04)23274275,(04)23288582,2025,7,31,15,20,臺中市,西區,0,1,0,5,2,6,40,3,1,1,4,4,6,6,1,1,9,4,4,2,17,3,10,1,1,C03,7,1,1,10,2,11,,51,51,1,12,4,120.655632,24.154807,2
11661,66000,387130000C,(04)23274275,(04)23288582,2025,7,31,15,20,臺中市,西屯區,0,0,0,7,,,50,,,,,,,,,,,,,,13,,,,,C03,,,1,,1,,,41,41,1,13,4,120.65263,24.166498,3
11662,66000,387130000C,(04)23274275,(04)23288582,2025,7,31,15,28,臺中市,潭子區,0,1,0,5,2,6,50,3,2,1,4,4,6,6,4,4,5,5,4,2,13,3,10,3,1,B12,7,9,1,8,2,1,,7,7,1,13,4,120.700687,24.211056,2
11663,66000,387130000C,(04)23274275,(04)23288582,2025,7,31,15,30,臺中市,西區,0,1,0,5,2,6,50,4,1,1,4,4,6,6,1,1,10,5,5,2,18,2,9,1,1,C03,7,9,1,10,2,12,,84,84,1,13,4,120.667305,24.140607,2
11664,66000,387130000C,(04)23274275,(04)23288582,2025,7,31,15,31,臺中市,大里區,0,0,0,5,,,60,,,,,,,,,,,,,,13,,,,,B03,,,1,,2,,,7,7,1,13,4,120.675261,24.103379,3
11665,66000,387130000C,(04)23274275,(04)23288582,2025,7,31,15,44,臺中市,沙鹿區,0,0,0,6,,,30,,,,,,,,,,,,,,,,,,,B03,,,1,,2,,,84,84,1,13,4,120.578782,24.219598,3
11666,66000,387130000C,(04)23274275,(04)23288582,2025,7,31,15,48,臺中市,清水區,0,0,0,7,,,50,,,,,,,,,,,,,,,,,,,B03,,,1,,2,,,82,82,1,12,4,120.577283,24.275426,3
11667,66000,387130000C,(04)23274275,(04)23288582,2025,7,31,15,49,臺中市,南區,0,0,0,5,,,1,,,,,,,,,,,,,,16,,,,,B03,,,1,,1,,,51,51,1,12,4,120.682564,24.126395,4
11668,66000,387130000C,(04)23274275,(04)23288582,2025,7,31,15,51,臺中市,石岡區,0,1,0,6,3,6,30,13,9,1,3,4,6,6,4,4,10,5,5,1,18,2,9,5,4,C03,7,9,1,10,2,12,,84,84,1,13,4,120.787364,24.274603,2
11669,66000,387130000C,(04)23274275,(04)23288582,2025,7,31,15,54,臺中市,北屯區,0,1,0,6,2,6,50,4,4,1,5,4,6,6,2,1,4,3,5,2,17,2,9,2,2,C03,7,9,3,19,2,12,14,62,62,1,13,4,120.709745,24.167246,2
11670,66000,387130000C,(04)23274275,(04)23288582,2025,7,31,16,2,臺中市,西屯區,0,0,0,5,,,40,,,,,,,,,,,,,,14,,,,,A12,,,1,,2,,,49,49,1,12,4,120.64455,24.182332,3
11671,66000,387130000C,(04)23274275,(04)23288582,2025,7,31,16,2,臺中市,太平區,0,2,0,6,3,6,50,13,9,1,4,4,6,6,4,4,10,5,5,2,16,2,9,1,1,C03,7,6,1,10,2,13,,48,48,1,6,4,120.717571,24.127494,2
11672,66000,387130000C,(04)23274275,(04)23288582,2025,7,31,16,6,臺中市,沙鹿區,0,0,0,7,,,50,,,,,,,,,,,,,,17,,,,,B03,,,1,,2,,,8,8,1,6,4,120.559899,24.240263,3
11673,66000,387130000C,(04)23274275,(04)23288582,2025,7,31,16,7,臺中市,北區,0,1,0,5,2,6,50,4,1,1,4,4,6,6,1,1,1,2,5,2,17,3,10,6,1,F01,7,6,7,21,2,16,,48,48,1,13,4,120.667553,24.165158,2
11674,66000,387130000C,(04)23274275,(04)23288582,2025,7,31,16,7,臺中市,西屯區,0,1,0,7,2,6,50,3,2,1,4,4,6,6,4,4,5,4,4,2,13,2,9,2,1,C03,7,9,1,10,2,11,,59,59,1,12,4,120.64944,24.17545,2
11675,66000,387130000C,(04)23274275,(04)23288582,2025,7,31,16,7,臺中市,大肚區,0,0,0,5,,,30,,,,,,,,,,,,,,,,,,,B03,,,1,,2,,,84,84,1,6,4,120.566778,24.123133,3
11676,66000,387130000C,(04)23274275,(04)23288582,2025,7,31,16,7,臺中市,豐原區,0,2,0,6,2,6,50,4,1,1,4,4,6,6,4,4,10,5,5,2,15,2,9,2,1,C03,7,9,2,19,2,11,,15,15,1,13,4,120.715884,24.252486,2
11677,66000,387130000C,(04)23274275,(04)23288582,2025,7,31,16,13,臺中市,東區,0,1,0,6,2,6,50,4,1,1,4,4,6,6,2,1,5,4,5,2,12,3,10,2,1,C03,7,9,1,10,2,11,,84,84,1,13,4,120.697448,24.144685,2
11678,66000,387130000C,(04)23274275,(04)23288582,2025,7,31,16,14,臺中市,烏日區,0,1,0,5,2,6,50,8,9,1,4,4,6,6,4,4,5,5,5,1,18,2,9,2,1,C03,7,9,1,10,1,15,,59,59,1,6,4,120.641139,24.101727,2
11679,66000,387130000C,(04)23274275,(04)23288582,2025,7,31,16,16,臺中市,大雅區,0,0,0,5,,,30,,,,,,,,,,,,,,,,,,,B02,,,1,,2,,,84,84,1,12,4,120.667766,24.204707,3
11680,66000,387130000C,(04)23274275,(04)23288582,2025,7,31,16,17,臺中市,北區,0,1,0,5,2,6,40,3,8,1,4,4,6,6,4,4,1,4,4,2,17,2,9,1,1,C03,7,9,1,10,2,14,,84,84,1,12,4,120.674347,24.164092,2
11681,66000,387130000C,(04)23274275,(04)23288582,2025,7,31,16,22,臺中市,西屯區,0,0,0,7,,,40,,,,,,,,,,,,,,12,,,,,B03,,,1,,1,,,40,40,1,5,4,120.614123,24.183851,3
11682,66000,387130000C,(04)23274275,(04)23288582,2025,7,31,16,22,臺中市,龍井區,0,0,0,5,,,30,,,,,,,,,,,,,,15,,,,,B03,,,1,,2,,,39,39,1,12,4,120.59381,24.1896,3
11683,66000,387130000C,(04)23274275,(04)23288582,2025,7,31,16,24,臺中市,石岡區,0,2,0,5,2,6,40,13,9,1,3,1,6,6,4,4,10,5,5,1,18,2,8,5,4,C03,7,9,1,10,2,12,,84,84,1,13,4,120.773027,24.268848,2
11684,66000,387130000C,(04)23274275,(04)23288582,2025,7,31,16,25,臺中市,北區,0,0,0,5,,,50,,,,,,,,,,,,,,,,,,,B03,,,1,,1,,,49,49,1,12,4,120.679059,24.15656,3
11685,66000,387130000C,(04)23274275,(04)23288582,2025,7,31,16,28,臺中市,北屯區,0,0,0,5,,,40,,,,,,,,,,,,,,14,,,,,C03,,,1,10,2,,,84,84,1,12,4,120.695091,24.179933,3
11686,66000,387130000C,(04)23274275,(04)23288582,2025,7,31,16,30,臺中市,大甲區,0,0,0,7,,,50,,,,,,,,,,,,,,,,,,,B03,,,1,,1,,,59,59,1,6,4,120.625941,24.348976,3
11687,66000,387130000C,(04)23274275,(04)23288582,2025,7,31,16,33,臺中市,北屯區,0,1,0,5,2,6,50,13,7,1,4,4,6,6,4,4,5,5,5,2,12,3,10,3,1,B02,7,1,1,8,2,8,,51,51,1,12,4,120.681476,24.169653,2
11688,66000,387130000C,(04)23274275,(04)23288582,2025,7,31,16,35,臺中市,西屯區,0,0,0,5,,,30,,,,,,,,,,,,,,17,,,,,A12,,,1,,2,,,8,8,1,12,4,120.617559,24.179817,3
11689,66000,387130000C,(04)23274275,(04)23288582,2025,7,31,16,36,臺中市,東區,0,1,0,5,2,6,50,13,9,1,4,4,6,6,4,4,5,4,5,2,13,2,9,1,1,C03,7,9,3,19,2,11,14,84,84,1,12,4,120.696919,24.138958,2
11690,66000,387130000C,(04)23274275,(04)23288582,2025,7,31,16,36,臺中市,南屯區,0,0,0,5,,,60,,,,,,,,,,,,,,12,,,,,A11,,,1,,1,,,40,40,1,12,4,120.594033,24.157128,3
11691,66000,387130000C,(04)23274275,(04)23288582,2025,7,31,16,40,臺中市,東區,0,2,0,5,2,6,50,4,1,1,4,4,6,6,1,1,10,5,5,2,16,2,7,3,1,B03,7,6,1,8,2,8,,85,85,1,12,4,120.696645,24.132931,2
11692,66000,387130000C,(04)23274275,(04)23288582,2025,7,31,16,40,臺中市,大里區,0,0,0,5,2,6,0,18,24,4,4,4,6,6,4,4,10,5,5,2,17,,,,,C03,,,1,,2,,,84,84,1,13,4,120.688781,24.103048,3
11693,66000,387130000C,(04)23274275,(04)23288582,2025,7,31,16,42,臺中市,烏日區,0,2,0,5,2,6,50,13,8,1,4,4,6,6,4,4,1,4,4,1,13,2,9,5,4,C03,7,9,1,10,2,11,,84,84,1,12,4,120.612088,24.107555,2
11694,66000,387130000C,(04)23274275,(04)23288582,2025,7,31,16,44,臺中市,北區,0,1,0,5,2,6,50,3,2,1,4,4,6,6,1,1,5,4,5,2,17,2,9,1,1,C03,7,9,1,10,2,12,,84,84,1,12,4,120.681107,24.157642,2
11695,66000,387130000C,(04)23274275,(04)23288582,2025,7,31,16,44,臺中市,北屯區,0,0,0,5,,,50,,,,,,,,,,,,,,12,,,,,B03,,,1,,1,,,40,40,1,12,4,120.69401,24.16654,3
11696,66000,387130000C,(04)23274275,(04)23288582,2025,7,31,16,52,臺中市,太平區,0,0,0,5,2,6,40,,,,,,,,,,,,,,,,,,,B03,,,5,,2,2,,58,58,1,12,4,120.725623,24.149878,3
11697,66000,387130000C,(04)23274275,(04)23288582,2025,7,31,16,53,臺中市,大里區,0,0,0,5,,,40,,,,,,,,,,,,,,,,,,,B13,,,1,,1,,,49,49,1,6,4,120.6903,24.086732,3
11698,66000,387130000C,(04)23274275,(04)23288582,2025,7,31,16,55,臺中市,西區,0,0,0,5,,,50,,,,,,,,,,,,,,12,,,,,B03,,,1,,1,,,84,84,1,12,4,120.658896,24.157757,3
11699,66000,387130000C,(04)23274275,(04)23288582,2025,7,31,16,55,臺中市,烏日區,0,1,0,5,2,6,60,13,7,1,4,3,6,6,4,4,1,4,1,1,18,2,9,2,1,C02,7,9,1,9,2,11,,59,59,1,6,4,120.627982,24.096477,2
11700,66000,387130000C,(04)23274275,(04)23288582,2025,7,31,16,55,臺中市,烏日區,0,2,0,5,3,6,30,3,1,1,4,4,6,6,4,4,10,5,5,1,17,2,9,1,1,C03,7,6,1,10,2,12,,14,14,1,6,4,120.64123,24.098161,2
11701,66000,387130000C,(04)23274275,(04)23288582,2025,7,31,16,57,臺中市,龍井區,0,1,0,5,3,6,50,18,9,1,4,4,6,6,4,4,5,5,5,1,17,2,9,2,1,C03,7,15,1,10,2,12,,84,84,1,12,4,120.556399,24.18759,2
11702,66000,387130000C,(04)23274275,(04)23288582,2025,7,31,16,58,臺中市,北屯區,0,1,0,5,3,6,50,4,1,1,4,4,6,6,1,1,10,5,5,2,16,3,10,3,1,B03,7,6,1,8,2,1,,23,23,1,12,4,120.724523,24.169468,2
11703,66000,387130000C,(04)23274275,(04)23288582,2025,7,31,16,59,臺中市,西區,0,1,0,5,2,6,50,4,1,1,4,4,6,6,4,4,5,5,5,2,15,2,9,2,1,C03,7,9,1,10,2,12,,15,15,1,12,4,120.66097,24.154839,2
11704,66000,387130000C,(04)23274275,(04)23288582,2025,7,31,17,0,臺中市,潭子區,0,1,0,5,2,6,60,5,1,1,4,4,6,6,3,1,1,4,5,1,16,3,10,3,1,B03,7,5,1,8,2,6,,47,47,1,13,4,120.703429,24.20065,2
11705,66000,387130000C,(04)23274275,(04)23288582,2025,7,31,17,0,臺中市,西區,0,0,0,5,,,50,,,,,,,,,,,,,,,,,,,B03,,,1,8,1,,,84,84,1,13,4,120.659783,24.140288,3
11706,66000,387130000C,(04)23274275,(04)23288582,2025,7,31,17,0,臺中市,西屯區,0,0,0,7,,,50,,,,,,,,,,,,,,14,,,,,B03,,,1,,2,,,49,49,1,13,4,120.623928,24.194181,3
11707,66000,387130000C,(04)23274275,(04)23288582,2025,7,31,17,3,臺中市,南區,0,1,0,5,2,6,50,4,1,1,4,4,6,6,4,4,5,5,5,2,16,3,10,3,1,B03,7,6,1,8,2,8,,84,84,1,13,4,120.67615,24.130093,2
11708,66000,387130000C,(04)23274275,(04)23288582,2025,7,31,17,5,臺中市,北屯區,0,0,0,5,,,50,,,,,,,,,,,,,,15,,,,,C03,,,1,,2,,,21,21,1,12,4,120.663003,24.188884,4
11709,66000,387130000C,(04)23274275,(04)23288582,2025,7,31,17,6,臺中市,西屯區,0,0,0,5,,,50,,,,,,,,,,,,,,12,,,,,B03,,,1,,1,,,8,8,1,13,4,120.651201,24.166899,3
11710,66000,387130000C,(04)23274275,(04)23288582,2025,7,31,17,10,臺中市,大雅區,0,1,0,5,3,6,50,13,8,1,4,4,6,6,4,4,1,4,4,2,17,3,10,2,1,C03,7,9,1,10,2,12,,85,85,1,12,4,120.666408,24.216979,2
11711,66000,387130000C,(04)23274275,(04)23288582,2025,7,31,17,12,臺中市,北區,0,0,0,5,,,50,,,,,,,,,,,,,,17,,,,,B03,,,1,,1,,,11,11,1,12,4,120.676764,24.163126,3
11712,66000,387130000C,(04)23274275,(04)23288582,2025,7,31,17,12,臺中市,南區,0,0,0,5,,,50,,,,,,,,,,,,,,23,,,,,B03,,,1,,2,,,84,84,1,12,4,120.671811,24.119156,3
11713,66000,387130000C,(04)23274275,(04)23288582,2025,7,31,17,14,臺中市,豐原區,0,0,0,5,,,50,,,,,,,,,,,,,,17,,,,,B03,,,1,,2,,,84,84,1,12,4,120.7097,24.239464,3
11714,66000,387130000C,(04)23274275,(04)23288582,2025,7,31,17,15,臺中市,豐原區,0,1,0,5,1,6,50,13,9,1,4,4,6,6,4,4,5,4,4,2,8,3,10,3,1,B03,7,5,1,8,2,1,,84,84,1,6,4,120.704557,24.246191,2
11715,66000,387130000C,(04)23274275,(04)23288582,2025,7,31,17,16,臺中市,大雅區,0,0,0,5,,,30,,,,,,,,,,,,,,,,,,,B03,,,1,,1,,,51,51,1,13,4,120.643891,24.209667,3
11716,66000,387130000C,(04)23274275,(04)23288582,2025,7,31,17,17,臺中市,潭子區,0,1,0,5,3,6,50,4,1,1,4,4,6,6,3,1,5,4,4,2,15,2,9,2,1,C03,7,9,1,10,2,12,,24,24,1,13,4,120.703297,24.206816,2
11717,66000,387130000C,(04)23274275,(04)23288582,2025,7,31,17,19,臺中市,西區,0,0,0,5,,,50,,,,,,,,,,,,,,,,,,,B03,,,1,8,1,,,51,51,1,13,4,120.651579,24.14788,3
11718,66000,387130000C,(04)23274275,(04)23288582,2025,7,31,17,22,臺中市,北區,0,2,0,5,2,6,50,3,1,1,4,4,6,6,4,4,10,5,5,2,16,2,9,1,1,C03,7,6,1,10,2,12,,14,14,1,13,4,120.686707,24.147863,2
11719,66000,387130000C,(04)23274275,(04)23288582,2025,7,31,17,22,臺中市,北屯區,0,0,0,5,,,50,,,,,,,,,,,,,,14,,,,,C03,,,1,,1,,,49,49,1,13,4,120.687736,24.172508,3
11720,66000,387130000C,(04)23274275,(04)23288582,2025,7,31,17,25,臺中市,北區,0,0,0,7,,,50,,,,,,,,,,,,,,17,,,,,B03,,,1,,1,,,8,8,1,13,4,120.682168,24.161672,3
11721,66000,387130000C,(04)23274275,(04)23288582,2025,7,31,17,25,臺中市,大里區,0,1,0,5,3,6,50,4,2,1,4,4,6,6,2,1,1,4,4,1,3,3,10,3,1,B12,7,6,1,6,2,1,,10,10,1,13,4,120.69013,24.101104,2
11722,66000,387130000C,(04)23274275,(04)23288582,2025,7,31,17,27,臺中市,清水區,0,0,0,6,,,50,,,,,,,,,,,,,,,,,,,C03,,,2,,2,,,21,21,1,12,4,120.603143,24.310004,3
11723,66000,387130000C,(04)23274275,(04)23288582,2025,7,31,17,28,臺中市,西區,0,1,0,5,2,6,50,3,1,1,4,4,6,6,4,4,5,4,4,2,16,2,8,2,1,C03,7,6,1,10,2,11,,14,14,1,12,4,120.667313,24.137023,2
11724,66000,387130000C,(04)23274275,(04)23288582,2025,7,31,17,28,臺中市,南屯區,0,0,0,7,,,50,,,,,,,,,,,,,,12,,,,,B03,,,1,,1,,,40,40,1,12,4,120.649638,24.141422,3
11725,66000,387130000C,(04)23274275,(04)23288582,2025,7,31,17,30,臺中市,西屯區,0,0,0,5,,,30,,,,,,,,,,,,,,17,,,,,C03,,,1,,1,,,8,8,1,12,4,120.638161,24.180663,3
11726,66000,387130000C,(04)23274275,(04)23288582,2025,7,31,17,30,臺中市,西屯區,0,1,0,5,2,6,50,4,1,1,4,4,6,6,2,1,10,5,5,2,17,3,10,3,4,B03,7,6,1,8,1,16,,11,11,1,12,4,120.650871,24.166529,2
11727,66000,387130000C,(04)23274275,(04)23288582,2025,7,31,17,30,臺中市,大里區,0,0,0,5,2,6,40,3,2,1,4,4,6,6,4,4,5,5,4,2,17,,,,,B03,,,1,,2,,,51,51,1,13,4,120.684764,24.095512,3
11728,66000,387130000C,(04)23274275,(04)23288582,2025,7,31,17,31,臺中市,西區,0,0,0,5,,,50,,,,,,,,,,,,,,,,,,,B12,,,1,8,1,,,84,84,1,13,4,120.659078,24.156326,3
11729,66000,387130000C,(04)23274275,(04)23288582,2025,7,31,17,32,臺中市,北屯區,0,1,0,5,2,6,40,3,1,1,4,4,6,6,1,1,10,5,5,2,13,2,3,5,4,C03,7,9,1,10,2,11,,7,7,1,12,4,120.694351,24.161597,2
11730,66000,387130000C,(04)23274275,(04)23288582,2025,7,31,17,34,臺中市,西區,0,0,0,5,,,50,,,,,,,,,,,,,,17,,,,,C03,,,1,,1,,,14,14,1,12,4,120.662369,24.157003,3
11731,66000,387130000C,(04)23274275,(04)23288582,2025,7,31,17,34,臺中市,北屯區,0,0,0,5,,,50,,,,,,,,,,,,,,13,,,,,B01,,,1,,2,,,84,84,1,12,4,120.701479,24.186537,3
11732,66000,387130000C,(04)23274275,(04)23288582,2025,7,31,17,35,臺中市,北區,0,1,0,5,2,6,50,3,1,1,4,4,6,6,1,1,10,5,5,2,16,3,10,3,1,B03,7,6,1,8,2,6,,11,11,1,12,4,120.686635,24.159061,2
11733,66000,387130000C,(04)23274275,(04)23288582,2025,7,31,17,39,臺中市,北屯區,0,0,0,5,,,50,,,,,,,,,,,,,,13,,,,,B03,,,1,,1,,,7,7,1,12,4,120.684844,24.200817,3
11734,66000,387130000C,(04)23274275,(04)23288582,2025,7,31,17,40,臺中市,大雅區,0,0,0,5,,,30,,,,,,,,,,,,,,,,,,,B12,,,1,,9,,,8,8,1,13,4,120.65954,24.209099,3
11735,66000,387130000C,(04)23274275,(04)23288582,2025,7,31,17,41,臺中市,南屯區,0,0,0,5,,,50,,,,,,,,,,,,,,,,,,,B12,,,1,,1,,,7,7,1,6,4,120.628448,24.145038,3
11736,66000,387130000C,(04)23274275,(04)23288582,2025,7,31,17,44,臺中市,西屯區,0,0,0,5,,,50,,,,,,,,,,,,,,13,,,,,B03,,,1,,1,,,59,59,1,12,4,120.636579,24.161076,3
11737,66000,387130000C,(04)23274275,(04)23288582,2025,7,31,17,44,臺中市,大甲區,0,0,0,7,,,50,,,,,,,,,,,,,,,,,,,B03,,,1,,2,,,49,49,1,6,4,120.617967,24.346794,3
11738,66000,387130000C,(04)23274275,(04)23288582,2025,7,31,17,45,臺中市,大雅區,0,1,0,5,3,6,50,13,9,1,4,3,6,5,4,4,5,5,5,1,30,2,9,2,1,C03,7,9,1,10,2,12,,85,85,1,12,4,120.673203,24.210905,2
11739,66000,387130000C,(04)23274275,(04)23288582,2025,7,31,17,45,臺中市,南屯區,0,1,0,5,3,6,50,3,1,1,4,4,6,6,4,4,5,4,5,2,17,3,10,5,1,B03,7,13,1,8,2,4,,76,76,1,12,4,120.652932,24.136214,2
11740,66000,387130000C,(04)23274275,(04)23288582,2025,7,31,17,48,臺中市,南屯區,0,0,0,5,,,50,,,,,,,,,,,,,,12,,,,,B03,,,1,,9,,,59,59,1,12,4,120.649852,24.155721,3
11741,66000,387130000C,(04)23274275,(04)23288582,2025,7,31,17,48,臺中市,西屯區,0,1,0,5,1,6,50,3,1,1,4,4,6,6,4,4,8,4,5,1,18,2,9,5,4,C03,7,9,1,10,2,14,,59,59,1,13,4,120.645178,24.177831,2
11742,66000,387130000C,(04)23274275,(04)23288582,2025,7,31,17,48,臺中市,沙鹿區,0,0,0,7,,,60,,,,,,,,,,,,,,13,,,,,B03,,,1,,1,,,7,7,1,9,4,120.579533,24.250098,3
11743,66000,387130000C,(04)23274275,(04)23288582,2025,7,31,17,49,臺中市,大里區,0,1,0,5,3,6,50,13,7,1,4,3,6,6,4,4,1,5,4,1,18,,,,,,,,,,,,,111,111,1,,,120.668996,24.099785,2
11744,66000,387130000C,(04)23274275,(04)23288582,2025,7,31,17,50,臺中市,南屯區,0,1,0,5,1,6,50,4,1,1,4,4,6,6,2,1,5,5,5,2,13,3,10,3,1,B03,7,6,1,8,2,1,,7,7,1,6,4,120.642251,24.140935,2
11745,66000,387130000C,(04)23274275,(04)23288582,2025,7,31,17,50,臺中市,霧峰區,0,0,0,5,,,40,,,,,,,,,,,,,,,,,,,A11,,,1,,1,,,26,26,1,6,4,120.663019,24.072322,3
11746,66000,387130000C,(04)23274275,(04)23288582,2025,7,31,17,50,臺中市,大里區,0,0,0,5,2,6,50,13,14,1,4,4,6,6,4,4,5,4,5,1,17,,,,,B03,,,1,,2,,,50,50,1,13,4,120.686397,24.121182,3
11747,66000,387130000C,(04)23274275,(04)23288582,2025,7,31,17,51,臺中市,潭子區,0,0,0,5,,,50,,,,,,,,,,,,,,,,,,,B03,,,1,,2,,,7,7,1,13,4,120.691861,24.2187,3
11748,66000,387130000C,(04)23274275,(04)23288582,2025,7,31,17,51,臺中市,烏日區,0,1,0,5,2,6,50,4,1,1,4,4,6,6,1,1,10,5,5,2,17,3,10,5,4,B03,7,7,1,8,2,6,,40,40,1,12,4,120.622068,24.10642,2
11749,66000,387130000C,(04)23274275,(04)23288582,2025,7,31,17,51,臺中市,神岡區,0,1,0,5,1,6,60,3,1,1,4,2,1,6,4,4,1,4,4,1,12,3,10,3,1,B03,7,5,1,8,2,5,,14,14,1,12,4,120.707711,24.258083,2