序號,縣市別代碼,機關代碼,市話,傳真,年,月,日,時,分,縣市,區,死亡數量,受傷數量,2-30,天候,道路照明設備,道路類別,道路速限,道路型態,事故位置,路面鋪裝,路面狀態,路面缺陷,障礙物,視距,號誌種類,號誌動作,分向設施,快車道或一般車道間,快慢車道間,路面邊線,事故類型及型態,受傷程度,主要傷處,保護裝備,行動電話或功能裝置,當事者區分(類別),車輛用途,當事者行動狀態,駕照狀態,駕照種類,飲酒情形,車輛撞擊部位最初,車輛撞擊部位其他,肇事因素個別,肇事因素主要,肇事逃逸,職業,共享經濟或外送平台,GPS座標X,GPS座標Y,事故類別
11750,66000,387130000C,(04)23274275,(04)23288582,2025,7,31,17,53,臺中市,西屯區,0,0,0,5,,,30,,,,,,,,,,,,,,11,,,,,B03,,,1,,1,,,41,41,1,12,4,120.618437,24.194871,3
11751,66000,387130000C,(04)23274275,(04)23288582,2025,7,31,17,53,臺中市,神岡區,0,0,0,5,,,50,,,,,,,,,,,,,,17,,,,,B03,,,1,,1,,,85,85,1,12,4,120.695296,24.252228,3
11752,66000,387130000C,(04)23274275,(04)23288582,2025,7,31,17,55,臺中市,南區,0,1,0,5,1,6,50,3,1,1,4,4,6,6,4,4,10,5,5,2,16,2,3,5,4,C04,7,6,1,8,1,12,,14,14,1,12,4,120.651303,24.115133,2
11753,66000,387130000C,(04)23274275,(04)23288582,2025,7,31,17,56,臺中市,北屯區,0,1,0,5,1,6,50,4,1,1,4,4,6,6,1,1,10,5,5,2,16,3,10,3,1,B03,7,6,1,8,2,5,,85,85,1,12,4,120.720956,24.174059,2
11754,66000,387130000C,(04)23274275,(04)23288582,2025,7,31,17,56,臺中市,大里區,0,1,0,5,1,6,60,13,8,1,4,4,6,6,3,1,3,4,4,2,17,2,9,2,1,C03,7,9,1,10,2,12,,84,84,1,13,4,120.690061,24.075545,2
11755,66000,387130000C,(04)23274275,(04)23288582,2025,7,31,17,57,臺中市,北區,0,0,0,5,,,50,,,,,,,,,,,,,,17,,,,,C03,,,1,,1,,,48,48,1,12,4,120.694326,24.155623,3
11756,66000,387130000C,(04)23274275,(04)23288582,2025,7,31,17,58,臺中市,南屯區,0,1,0,5,2,6,50,4,1,1,4,4,6,6,2,1,9,4,5,2,11,2,9,1,1,C03,7,9,1,10,2,11,,84,84,1,12,4,120.643826,24.146854,2
11757,66000,387130000C,(04)23274275,(04)23288582,2025,7,31,18,0,臺中市,南屯區,0,1,0,5,3,6,50,13,8,1,4,4,6,6,4,4,5,5,4,2,17,2,9,3,1,B03,7,2,1,8,2,3,,49,49,1,12,4,120.61206,24.137395,2
11758,66000,387130000C,(04)23274275,(04)23288582,2025,7,31,18,4,臺中市,沙鹿區,0,1,0,7,1,6,50,4,1,1,5,4,6,6,1,1,10,5,5,2,12,3,10,3,1,B03,7,6,1,8,2,5,,59,59,1,6,4,120.568571,24.22374,2
11759,66000,387130000C,(04)23274275,(04)23288582,2025,7,31,18,6,臺中市,北區,0,1,0,5,2,6,50,13,9,1,4,4,6,6,4,4,1,4,5,2,17,3,10,3,1,B03,7,7,1,8,9,16,,40,40,1,13,4,120.672007,24.171824,2
11760,66000,387130000C,(04)23274275,(04)23288582,2025,7,31,18,6,臺中市,西屯區,0,0,0,7,,,50,,,,,,,,,,,,,,13,,,,,B03,,,1,,1,,,7,7,1,13,4,120.645545,24.172416,3
11761,66000,387130000C,(04)23274275,(04)23288582,2025,7,31,18,7,臺中市,北區,0,1,0,5,2,6,50,3,2,1,4,4,6,6,4,4,5,5,5,2,12,3,10,3,1,B03,7,15,1,8,2,5,,42,42,1,12,4,120.676315,24.162133,2
11762,66000,387130000C,(04)23274275,(04)23288582,2025,7,31,18,10,臺中市,西區,0,1,0,5,2,6,50,4,1,1,4,4,6,6,2,1,1,4,4,2,13,2,9,2,1,C03,7,9,1,10,2,11,,7,7,1,12,4,120.660951,24.159175,2
11763,66000,387130000C,(04)23274275,(04)23288582,2025,7,31,18,10,臺中市,西區,0,0,0,5,,,50,,,,,,,,,,,,,,,,,,,B03,,,1,,1,,,84,84,1,6,4,120.670829,24.145969,3
11764,66000,387130000C,(04)23274275,(04)23288582,2025,7,31,18,10,臺中市,沙鹿區,0,1,0,6,2,6,50,4,1,1,4,4,6,6,2,1,10,5,5,2,16,3,10,3,1,B03,7,5,1,8,2,6,,47,47,1,6,4,120.558825,24.234814,2
11765,66000,387130000C,(04)23274275,(04)23288582,2025,7,31,18,12,臺中市,后里區,0,2,0,6,2,6,30,13,9,1,4,4,6,6,4,4,10,5,5,2,6,2,8,6,5,H03,8,20,7,21,9,17,,99,99,1,1,5,120.718445,24.304831,2
11766,66000,387130000C,(04)23274275,(04)23288582,2025,7,31,18,13,臺中市,后里區,0,1,0,5,2,6,30,11,9,1,4,4,6,6,4,4,10,5,5,1,14,3,10,3,1,B03,7,2,1,8,2,16,,49,49,1,12,4,120.752212,24.312499,2
11767,66000,387130000C,(04)23274275,(04)23288582,2025,7,31,18,15,臺中市,沙鹿區,0,0,0,5,,,30,,,,,,,,,,,,,,17,,,,,B12,,,1,,1,,,8,8,1,6,4,120.567639,24.230929,3
11768,66000,387130000C,(04)23274275,(04)23288582,2025,7,31,18,19,臺中市,沙鹿區,0,1,0,6,2,6,50,13,7,1,5,4,6,6,4,4,1,4,4,2,13,2,9,2,1,C03,7,9,3,19,2,11,,59,59,1,6,4,120.566973,24.253196,2
11769,66000,387130000C,(04)23274275,(04)23288582,2025,7,31,18,20,臺中市,后里區,0,0,0,5,,,50,,,,,,,,,,,,,,14,,,,,B12,,,1,,2,,,49,49,1,6,4,120.722751,24.308777,3
11770,66000,387130000C,(04)23274275,(04)23288582,2025,7,31,18,20,臺中市,后里區,0,1,0,5,3,6,40,4,1,1,4,4,3,6,4,4,4,4,4,1,17,3,10,1,1,C03,7,1,1,11,2,14,,51,51,1,12,4,120.718402,24.309596,2
11771,66000,387130000C,(04)23274275,(04)23288582,2025,7,31,18,23,臺中市,北區,0,1,0,5,2,6,50,4,1,1,4,4,6,6,1,1,10,5,5,2,17,3,10,5,4,B12,7,9,1,8,2,6,,21,21,1,12,4,120.698888,24.155282,2
11772,66000,387130000C,(04)23274275,(04)23288582,2025,7,31,18,24,臺中市,烏日區,0,1,0,5,2,6,40,13,8,1,4,4,6,6,4,4,1,4,1,1,26,2,9,3,1,B03,7,9,5,8,2,5,,59,59,1,6,4,120.632213,24.094593,2
11773,66000,387130000C,(04)23274275,(04)23288582,2025,7,31,18,25,臺中市,霧峰區,0,0,0,5,,,50,,,,,,,,,,,,,,,,,,,B03,,,1,,1,,,7,7,1,13,4,120.700009,24.073665,3
11774,66000,387130000C,(04)23274275,(04)23288582,2025,7,31,18,31,臺中市,潭子區,0,0,0,6,,3,80,,,,,,,,,,,,,,,,,,,B02,,,1,,2,,,84,84,1,13,4,120.709739,24.200514,3
11775,66000,387130000C,(04)23274275,(04)23288582,2025,7,31,18,32,臺中市,南屯區,0,0,0,5,,,50,,,,,,,,,,,,,,12,,,,,B03,,,1,,2,,,51,51,1,12,4,120.615585,24.149829,3
11776,66000,387130000C,(04)23274275,(04)23288582,2025,7,31,18,35,臺中市,大甲區,0,0,0,7,,,50,,,,,,,,,,,,,,,,,,,B03,,,1,,1,,,84,84,1,6,4,120.622024,24.354662,3
11777,66000,387130000C,(04)23274275,(04)23288582,2025,7,31,18,39,臺中市,南屯區,0,0,0,5,,,50,,,,,,,,,,,,,,17,,,,,B03,,,1,,2,,,59,59,1,12,4,120.625891,24.141044,3
11778,66000,387130000C,(04)23274275,(04)23288582,2025,7,31,18,39,臺中市,豐原區,0,0,0,6,,,50,,,,,,,,,,,,,,14,,,,,B12,,,1,,2,,,49,49,1,12,4,120.711359,24.24291,3
11779,66000,387130000C,(04)23274275,(04)23288582,2025,7,31,18,40,臺中市,南屯區,0,1,0,7,1,6,50,13,7,1,5,4,6,6,4,4,1,4,1,2,13,2,9,3,1,B03,7,9,1,8,2,1,,7,7,1,6,4,120.622849,24.140946,2
11780,66000,387130000C,(04)23274275,(04)23288582,2025,7,31,18,41,臺中市,南屯區,0,1,0,7,2,6,30,13,9,1,5,4,6,6,4,4,10,5,5,2,12,3,10,3,1,B03,7,6,1,8,1,4,,42,42,1,12,4,120.652567,24.136767,2
11781,66000,387130000C,(04)23274275,(04)23288582,2025,7,31,18,45,臺中市,西區,0,1,0,5,1,6,30,3,1,1,4,4,6,6,4,4,10,5,5,2,3,3,10,6,5,H01,8,16,7,21,10,17,,95,95,1,13,5,120.656129,24.142307,2
11782,66000,387130000C,(04)23274275,(04)23288582,2025,7,31,18,45,臺中市,南屯區,0,1,0,5,3,6,50,13,7,1,4,4,6,6,4,4,1,4,4,2,17,2,9,2,1,C03,7,9,1,10,2,11,,7,7,1,12,4,120.62552,24.145117,2
11783,66000,387130000C,(04)23274275,(04)23288582,2025,7,31,18,46,臺中市,南區,0,2,0,6,1,6,50,4,1,1,4,4,6,6,2,1,10,5,5,2,13,3,10,2,1,C03,7,9,1,10,2,11,12,7,7,1,12,4,120.658116,24.117318,2
11784,66000,387130000C,(04)23274275,(04)23288582,2025,7,31,18,47,臺中市,南區,0,1,0,6,1,6,50,4,1,1,4,4,6,6,2,1,5,2,4,2,18,2,9,2,1,C03,7,6,1,10,2,14,,84,84,1,13,4,120.657425,24.113175,2
11785,66000,387130000C,(04)23274275,(04)23288582,2025,7,31,18,48,臺中市,霧峰區,0,0,0,5,,,30,,,,,,,,,,,,,,30,,,,,B03,,,1,8,9,,,85,85,1,13,4,120.6818,24.062456,3
11786,66000,387130000C,(04)23274275,(04)23288582,2025,7,31,18,49,臺中市,東區,0,0,0,7,,,50,,,,,,,,,,,,,,13,,,,,B03,,,1,,1,,,7,7,1,12,4,120.689947,24.13773,4
11787,66000,387130000C,(04)23274275,(04)23288582,2025,7,31,18,53,臺中市,北屯區,0,0,0,7,,,50,,,,,,,,,,,,,,16,,,,,B03,,,1,,1,,,14,14,1,12,4,120.723278,24.176671,3
11788,66000,387130000C,(04)23274275,(04)23288582,2025,7,31,18,53,臺中市,梧棲區,0,0,0,7,,,50,,,,,,,,,,,,,,17,,,,,B03,,,1,,2,,,59,59,1,6,4,120.533067,24.247731,3
11789,66000,387130000C,(04)23274275,(04)23288582,2025,7,31,18,55,臺中市,烏日區,0,0,0,5,,,50,,,,,,,,,,,,,,,,,,,B03,,,1,,2,,,38,38,1,13,4,120.616655,24.113803,3
11790,66000,387130000C,(04)23274275,(04)23288582,2025,7,31,19,0,臺中市,南屯區,0,0,0,7,,,50,,,,,,,,,,,,,,17,,,,,B03,,,1,,1,,,8,8,1,12,4,120.633406,24.149745,3
11791,66000,387130000C,(04)23274275,(04)23288582,2025,7,31,19,0,臺中市,西屯區,0,0,0,7,,,50,,,,,,,,,,,,,,14,,,,,B03,,,1,,1,,,49,49,1,12,4,120.645906,24.156748,3
11792,66000,387130000C,(04)23274275,(04)23288582,2025,7,31,19,0,臺中市,烏日區,0,0,0,5,,,50,,,,,,,,,,,,,,17,,,,,B03,,,1,,2,,,87,87,1,6,4,120.628104,24.096828,3
11793,66000,387130000C,(04)23274275,(04)23288582,2025,7,31,19,3,臺中市,清水區,0,1,0,6,1,6,60,4,1,1,5,4,6,6,1,1,1,5,1,1,12,3,10,3,1,B03,7,9,1,8,2,5,,26,26,1,12,4,120.553882,24.274968,2
11794,66000,387130000C,(04)23274275,(04)23288582,2025,7,31,19,10,臺中市,烏日區,0,0,0,5,,,50,,,,,,,,,,,,,,17,,,,,B03,,,1,,2,,,87,87,1,6,4,120.628104,24.096828,3
11795,66000,387130000C,(04)23274275,(04)23288582,2025,7,31,19,11,臺中市,東區,0,1,0,5,1,6,40,3,2,1,4,4,6,6,4,4,10,5,5,2,30,,,,,,,,,,,,,119,119,1,,,120.699486,24.145047,2
11796,66000,387130000C,(04)23274275,(04)23288582,2025,7,31,19,11,臺中市,西屯區,0,1,0,5,1,6,30,3,9,1,4,4,6,6,4,4,10,5,5,2,18,2,9,2,1,C03,7,9,1,10,2,14,,84,84,1,5,4,120.589246,24.176342,2
11797,66000,387130000C,(04)23274275,(04)23288582,2025,7,31,19,13,臺中市,北屯區,0,0,0,5,,,50,,,,,,,,,,,,,,14,,,,,B11,,,1,,1,,,49,49,1,12,4,120.670181,24.175855,3
11798,66000,387130000C,(04)23274275,(04)23288582,2025,7,31,19,14,臺中市,太平區,0,1,0,5,1,6,50,3,2,1,4,4,6,6,1,1,5,2,5,1,13,2,7,1,1,C03,7,7,1,11,2,11,12,84,84,1,12,4,120.711301,24.152621,2
11799,66000,387130000C,(04)23274275,(04)23288582,2025,7,31,19,19,臺中市,北屯區,0,0,0,5,,,50,,,,,,,,,,,,,,9,,,,,,,,,,,,,119,119,1,,,120.723472,24.163825,3
11800,66000,387130000C,(04)23274275,(04)23288582,2025,7,31,19,20,臺中市,神岡區,0,0,0,6,,,30,,,,,,,,,,,,,,17,,,,,C03,,,1,,2,,,51,51,1,12,4,120.699956,24.266564,3
11801,66000,387130000C,(04)23274275,(04)23288582,2025,7,31,19,24,臺中市,北屯區,0,1,0,5,1,6,50,4,1,1,4,4,6,6,1,1,10,5,5,2,18,2,9,1,1,C03,7,9,1,10,2,11,,59,59,1,12,4,120.73042,24.177167,2
11802,66000,387130000C,(04)23274275,(04)23288582,2025,7,31,19,31,臺中市,太平區,0,0,0,5,,,30,,,,,,,,,,,,,,11,,,,,B03,,,1,,2,,,8,8,1,12,4,120.713509,24.139594,3
11803,66000,387130000C,(04)23274275,(04)23288582,2025,7,31,19,31,臺中市,后里區,0,0,0,5,1,6,30,13,9,1,4,4,6,6,4,4,10,5,5,2,14,3,10,2,1,C03,7,2,1,10,9,13,,49,49,2,12,2,120.722898,24.308079,3
11804,66000,387130000C,(04)23274275,(04)23288582,2025,7,31,19,33,臺中市,沙鹿區,0,1,0,5,1,6,50,13,9,1,4,4,6,6,4,4,4,5,5,2,18,2,9,6,4,F01,7,9,7,21,2,14,,82,82,1,13,4,120.579274,24.220137,2
11805,66000,387130000C,(04)23274275,(04)23288582,2025,7,31,19,40,臺中市,西區,0,1,0,5,1,6,50,11,9,1,4,4,6,6,4,4,8,3,5,2,18,2,9,1,1,C03,7,9,1,10,1,16,,84,84,1,6,4,120.653163,24.154609,2
11806,66000,387130000C,(04)23274275,(04)23288582,2025,7,31,19,41,臺中市,北屯區,0,1,0,5,1,6,50,12,9,1,4,4,2,6,4,4,8,3,5,2,18,2,9,2,1,C03,7,9,1,10,2,12,14,58,58,1,13,4,120.752836,24.178183,2
11807,66000,387130000C,(04)23274275,(04)23288582,2025,7,31,19,41,臺中市,大甲區,0,1,0,7,1,6,50,4,1,1,5,4,6,6,1,1,5,5,5,1,16,3,10,2,1,C03,7,6,1,10,2,12,,11,11,1,5,4,120.619762,24.348383,2
11808,66000,387130000C,(04)23274275,(04)23288582,2025,7,31,19,43,臺中市,沙鹿區,0,0,0,7,,,50,,,,,,,,,,,,,,13,,,,,B03,,,1,,1,,,84,84,1,6,4,120.562818,24.255611,3
11809,66000,387130000C,(04)23274275,(04)23288582,2025,7,31,19,43,臺中市,石岡區,0,2,0,6,1,6,70,13,7,1,5,4,6,6,2,1,1,4,4,1,13,2,3,3,1,B03,7,9,1,8,1,5,,59,59,1,6,4,120.765259,24.276567,2
11810,66000,387130000C,(04)23274275,(04)23288582,2025,7,31,19,45,臺中市,西屯區,0,0,0,7,,,50,,,,,,,,,,,,,,13,,,,,B03,,,1,,1,,,7,7,1,13,4,120.644443,24.163202,3
11811,66000,387130000C,(04)23274275,(04)23288582,2025,7,31,19,45,臺中市,大里區,0,1,0,5,1,6,40,13,7,1,4,3,5,6,4,4,1,5,4,1,24,2,9,1,1,C03,7,9,1,10,2,11,,87,87,1,13,4,120.667707,24.098196,2
11812,66000,387130000C,(04)23274275,(04)23288582,2025,7,31,19,45,臺中市,太平區,0,0,0,5,1,6,50,,,,,,,,,,,,,,,,,,,B03,,,1,,2,2,,76,76,1,12,4,120.712507,24.125703,3
11813,66000,387130000C,(04)23274275,(04)23288582,2025,7,31,19,48,臺中市,南區,0,1,0,5,1,6,50,4,1,1,4,4,6,6,2,1,5,4,5,2,16,3,10,3,1,B03,7,5,1,8,2,6,,20,20,1,13,4,120.653832,24.122322,2
11814,66000,387130000C,(04)23274275,(04)23288582,2025,7,31,19,48,臺中市,南屯區,0,0,0,5,,,50,,,,,,,,,,,,,,2,,,,,B03,,,1,,2,,,7,7,1,12,4,120.622643,24.150214,3
11815,66000,387130000C,(04)23274275,(04)23288582,2025,7,31,19,48,臺中市,西屯區,0,3,0,5,1,6,50,3,1,1,4,4,6,6,1,1,9,5,5,2,15,2,9,1,1,C03,7,9,3,19,2,11,,21,21,1,12,4,120.641205,24.178628,2
11816,66000,387130000C,(04)23274275,(04)23288582,2025,7,31,19,48,臺中市,龍井區,0,0,0,5,,,30,,,,,,,,,,,,,,16,,,,,B03,,,1,,2,,,14,14,1,6,4,120.527254,24.215763,3
11817,66000,387130000C,(04)23274275,(04)23288582,2025,7,31,19,55,臺中市,北區,0,0,0,5,,,50,,,,,,,,,,,,,,17,,,,,,,,,,,,,119,119,1,,,120.676476,24.163521,4
11818,66000,387130000C,(04)23274275,(04)23288582,2025,7,31,19,56,臺中市,西屯區,0,0,0,5,2,6,50,4,1,1,4,4,,6,2,1,1,4,1,2,23,,,,,B03,,,1,,2,,,8,8,1,13,4,120.632545,24.170095,3
11819,66000,387130000C,(04)23274275,(04)23288582,2025,7,31,19,56,臺中市,梧棲區,0,1,0,7,1,6,50,3,1,1,5,4,6,6,4,4,10,5,5,2,16,3,10,3,1,B03,7,5,1,8,2,5,,14,14,1,6,4,120.521442,24.237533,2
11820,66000,387130000C,(04)23274275,(04)23288582,2025,7,31,19,58,臺中市,南屯區,0,0,0,5,,,50,,,,,,,,,,,,,,,,,,,C03,,,1,,1,,,87,87,1,6,4,120.623497,24.149515,3
11821,66000,387130000C,(04)23274275,(04)23288582,2025,7,31,20,1,臺中市,后里區,0,1,0,6,1,6,60,3,1,1,5,4,6,6,3,1,1,4,4,1,16,3,10,3,1,B03,7,6,1,8,2,5,,11,11,1,12,4,120.722736,24.310511,2
11822,66000,387130000C,(04)23274275,(04)23288582,2025,7,31,20,5,臺中市,北屯區,0,1,0,5,1,6,50,4,1,1,4,4,6,6,4,4,10,5,5,2,17,2,9,1,1,C03,7,9,1,10,2,12,,84,84,1,12,4,120.666649,24.18935,2
11823,66000,387130000C,(04)23274275,(04)23288582,2025,7,31,20,10,臺中市,西區,0,1,0,5,1,6,50,4,19,1,4,4,3,3,1,1,9,4,5,2,9,3,10,3,1,B03,7,6,1,8,2,5,,10,10,1,12,4,120.660924,24.16062,2
11824,66000,387130000C,(04)23274275,(04)23288582,2025,7,31,20,10,臺中市,大里區,0,1,0,5,1,6,50,3,2,1,4,4,6,6,4,4,5,5,4,2,17,2,9,1,1,C03,7,9,1,10,2,12,,84,84,1,13,4,120.689206,24.108083,2
11825,66000,387130000C,(04)23274275,(04)23288582,2025,7,31,20,12,臺中市,西屯區,0,2,0,5,1,6,30,11,9,1,4,4,6,6,4,4,10,5,5,2,11,2,9,5,4,C03,7,6,1,10,2,14,,41,41,1,12,4,120.644241,24.17921,2
11826,66000,387130000C,(04)23274275,(04)23288582,2025,7,31,20,13,臺中市,豐原區,0,0,0,6,,,30,,,,,,,,,,,,,,17,,,,,B03,,,1,,2,,,8,8,1,12,4,120.706329,24.25134,3
11827,66000,387130000C,(04)23274275,(04)23288582,2025,7,31,20,15,臺中市,北屯區,0,1,0,5,1,6,40,3,2,1,4,4,6,6,1,1,5,5,4,2,18,2,8,1,1,C03,7,9,1,10,2,14,,84,84,1,12,4,120.711973,24.166133,2
11828,66000,387130000C,(04)23274275,(04)23288582,2025,7,31,20,29,臺中市,北屯區,0,0,0,5,,,50,,,,,,,,,,,,,,17,,,,,C03,,,1,,2,,,84,84,1,12,4,120.704147,24.169331,4
11829,66000,387130000C,(04)23274275,(04)23288582,2025,7,31,20,52,臺中市,太平區,0,2,0,5,1,6,50,13,9,1,4,4,6,6,4,4,9,5,5,2,3,2,9,6,5,H01,8,16,7,21,10,17,,95,95,1,6,5,120.70239,24.154537,2
11830,66000,387130000C,(04)23274275,(04)23288582,2025,7,31,20,55,臺中市,大里區,0,0,0,5,,,50,,,,,,,,,,,,,,,,,,,B03,,,1,,1,,,84,84,1,6,4,120.706846,24.095459,3
11831,66000,387130000C,(04)23274275,(04)23288582,2025,7,31,20,57,臺中市,大里區,0,1,0,5,1,6,50,4,1,1,4,4,6,6,1,1,1,4,5,1,16,3,10,3,1,B03,7,6,1,10,2,1,,11,11,1,13,4,120.681856,24.102718,2
11832,66000,387130000C,(04)23274275,(04)23288582,2025,7,31,20,58,臺中市,西屯區,0,0,0,5,,,50,,,,,,,,,,,,,,13,,,,,B03,,,1,,1,,,7,7,1,12,4,120.651611,24.158501,3
11833,66000,387130000C,(04)23274275,(04)23288582,2025,7,31,20,59,臺中市,北區,0,0,0,5,,,50,,,,,,,,,,,,,,17,,,,,B03,,,1,,1,,,51,51,1,12,4,120.69246,24.155325,3
11834,66000,387130000C,(04)23274275,(04)23288582,2025,7,31,21,5,臺中市,西屯區,0,1,0,5,1,6,50,13,9,1,4,4,6,6,4,4,9,4,5,2,12,2,9,5,4,C03,7,9,1,10,2,12,,56,56,1,13,4,120.630625,24.183174,2
11835,66000,387130000C,(04)23274275,(04)23288582,2025,7,31,21,8,臺中市,北區,0,0,0,5,,,50,,,,,,,,,,,,,,,,,,,B03,,,1,,1,,,50,50,1,12,4,120.677343,24.157211,3
11836,66000,387130000C,(04)23274275,(04)23288582,2025,7,31,21,9,臺中市,烏日區,0,0,0,5,,,40,,,,,,,,,,,,,,15,,,,,C03,,,1,,1,,,21,21,1,13,4,120.612438,24.10646,3
11837,66000,387130000C,(04)23274275,(04)23288582,2025,7,31,21,10,臺中市,中區,0,0,0,5,,,50,,,,,,,,,,,,,,17,,,,,B03,,,1,,1,,,51,51,1,12,4,120.677089,24.142481,3
11838,66000,387130000C,(04)23274275,(04)23288582,2025,7,31,21,30,臺中市,沙鹿區,0,0,0,5,,,60,,,,,,,,,,,,,,,,,,,B03,,,1,,1,,,59,59,1,6,4,120.579761,24.221388,4
11839,66000,387130000C,(04)23274275,(04)23288582,2025,7,31,21,30,臺中市,豐原區,0,1,0,5,1,6,50,5,9,1,3,4,6,6,1,1,5,5,5,2,14,3,10,3,1,B03,7,2,1,8,2,3,,49,49,1,13,4,120.717972,24.24487,2
11840,66000,387130000C,(04)23274275,(04)23288582,2025,7,31,21,31,臺中市,西屯區,0,1,0,5,1,6,40,13,8,1,4,4,6,6,2,1,1,4,5,2,13,3,10,3,4,B03,7,9,1,8,2,1,,7,7,1,12,4,120.644251,24.194815,2
11841,66000,387130000C,(04)23274275,(04)23288582,2025,7,31,21,40,臺中市,西屯區,0,2,0,5,1,6,50,4,2,1,4,4,6,6,2,1,1,2,5,2,13,3,10,5,4,C03,7,9,1,10,2,11,,59,59,1,12,4,120.636439,24.160617,2
11842,66000,387130000C,(04)23274275,(04)23288582,2025,7,31,21,43,臺中市,北區,0,0,0,5,,,1,,,,,,,,,,,,,,17,,,,,C03,,,1,,1,,,84,84,1,12,4,120.694594,24.159609,3
11843,66000,387130000C,(04)23274275,(04)23288582,2025,7,31,21,44,臺中市,西屯區,0,0,0,7,,,30,,,,,,,,,,,,,,12,,,,,B03,,,1,,1,,,8,8,1,12,4,120.647756,24.17493,3
11844,66000,387130000C,(04)23274275,(04)23288582,2025,7,31,21,48,臺中市,北區,0,2,0,5,1,6,50,13,9,1,4,4,6,6,4,4,9,5,5,2,13,2,9,1,1,C03,7,9,1,10,2,11,,59,59,1,13,4,120.684816,24.155498,2
11845,66000,387130000C,(04)23274275,(04)23288582,2025,7,31,21,50,臺中市,北屯區,0,1,0,5,2,6,50,4,19,1,4,4,6,6,2,1,10,5,5,2,3,3,10,3,1,B03,7,6,5,19,9,1,,10,10,1,12,4,120.694195,24.171069,2
11846,66000,387130000C,(04)23274275,(04)23288582,2025,7,31,21,55,臺中市,清水區,0,0,0,7,,,50,,,,,,,,,,,,,,,,,,,B03,,,1,,11,,,8,8,1,12,4,120.547558,24.264175,3
11847,66000,387130000C,(04)23274275,(04)23288582,2025,7,31,21,57,臺中市,南區,0,0,0,5,,,30,,,,,,,,,,,,,,30,,,,,B03,,,1,,2,,,84,84,1,12,4,120.648624,24.112397,3
11848,66000,387130000C,(04)23274275,(04)23288582,2025,7,31,22,5,臺中市,烏日區,0,0,0,5,,3,80,,,,,,,,,,,,,,20,,,,,B03,,,1,,2,,,84,84,1,13,4,120.618791,24.109628,3
11849,66000,387130000C,(04)23274275,(04)23288582,2025,7,31,22,10,臺中市,大雅區,0,1,0,6,1,6,70,3,2,1,4,4,6,6,1,1,9,4,5,1,16,3,10,3,1,B03,7,5,1,8,2,5,,11,11,1,13,4,120.643445,24.228179,2
11850,66000,387130000C,(04)23274275,(04)23288582,2025,7,31,22,22,臺中市,大甲區,0,1,0,5,1,6,15,3,9,1,4,4,6,6,4,4,5,5,5,1,18,2,9,2,1,C03,7,9,3,19,2,14,,84,84,1,6,4,120.657119,24.381065,2
11851,66000,387130000C,(04)23274275,(04)23288582,2025,7,31,22,24,臺中市,北屯區,0,1,0,6,1,6,50,4,1,1,5,4,6,6,1,1,10,5,5,2,17,2,8,4,1,F01,7,9,7,21,2,12,,4,4,1,3,4,120.699449,24.182714,2
11852,66000,387130000C,(04)23274275,(04)23288582,2025,7,31,22,32,臺中市,大里區,0,0,0,7,,,50,,,,,,,,,,,,,,,,,,,B03,,,1,,2,,,49,49,1,13,4,120.703655,24.092312,3
11853,66000,387130000C,(04)23274275,(04)23288582,2025,7,31,22,37,臺中市,沙鹿區,0,0,0,5,,,40,,,,,,,,,,,,,,13,,,,,C03,,,1,,2,,,61,61,1,6,4,120.570793,24.240719,3
11854,66000,387130000C,(04)23274275,(04)23288582,2025,7,31,22,41,臺中市,神岡區,1,0,0,6,1,6,30,13,9,1,4,4,6,6,4,4,10,5,5,2,27,1,9,1,1,C03,7,9,1,10,7,11,,59,59,1,12,4,120.678426,24.245916,1
11855,66000,387130000C,(04)23274275,(04)23288582,2025,7,31,22,54,臺中市,北屯區,0,1,0,6,1,6,50,13,9,1,4,4,6,6,4,4,10,5,5,2,18,2,9,5,4,C03,7,9,1,10,2,12,,59,59,1,13,4,120.766284,24.197175,2
11856,66000,387130000C,(04)23274275,(04)23288582,2025,7,31,22,58,臺中市,西區,0,0,0,7,,,50,,,,,,,,,,,,,,17,,,,,B03,,,1,,9,,,51,51,2,12,4,120.657511,24.137855,3
11857,66000,387130000C,(04)23274275,(04)23288582,2025,7,31,23,9,臺中市,南屯區,0,0,0,5,,,0,,,,,,,,,,,,,,,,,,,C03,,,1,,2,,,84,84,1,13,4,120.649448,24.143921,3
11858,66000,387130000C,(04)23274275,(04)23288582,2025,7,31,23,49,臺中市,北屯區,0,1,0,7,1,6,50,4,1,1,4,4,6,6,2,1,10,5,5,2,17,3,10,3,1,B03,7,6,1,4,2,16,,11,11,1,6,4,120.680175,24.189007,2
11859,66000,387130000C,(04)23274275,(04)23288582,2025,7,31,23,52,臺中市,西區,0,0,0,7,,,50,,,,,,,,,,,,,,,,,,,C03,,,1,,11,,,84,84,1,12,4,120.662379,24.1612,